station_name,operator,address,city,district_area,state,pincode,latitude,longitude,num_chargers,connector_types,power_kw,status,pricing,source_url,coord_precision,corridor
RB Business Centre,Zeon Charging,"18, NH - 38, near Arni Road",Vellore,Adukkamparai,Tamil Nadu,632011.0,12.86196,79.13251,1,CCS (Type 2),30.0,Operational,On request,https://www.evchargestation.in/ev-station/rb-business-centre-vellore-tamil-nadu,verified (site page),Urban/City
SR Jungle Resort Anaikatti,Zeon Charging,927 Anaikatti Road near Barath Gas Godown KK Nagar,Anaikatti,Anaikatti,Tamil Nadu,641108.0,11.11848,76.75985,1,Type 2 (Tethered Connector),22.0,Operational,21.90/kWh,https://www.evchargestation.in/ev-station/sr-jungle-resort-anaikatti-anaikatti-tamil-nadu,verified (site page),Urban/City
Charles Mahal,Relux Electric (India),"19, 4a, Thanjavur Rd, Rail Nagar, Ariyamangalam Area",Tiruchirappalli,Ariyamangalam,Tamil Nadu,620010.0,10.80578,78.73219,1,CCS (Type 2),30.0,Operational,Rs.24/kWh,https://www.evchargestation.in/ev-station/charles-mahal-tiruchirappalli-tamil-nadu,verified (site page),Urban/City
Annapoorna - NH Avinashi,Zeon Charging,"Rayan Kovil, Avinashi Bye Pass Road",Avinashi,Avinashi,Tamil Nadu,641654.0,11.1778,77.28318,1,CCS (Type 2),30.0,Operational,On request,https://www.evchargestation.in/ev-station/annapoorna-nh-avinashi-avinashi-tamil-nadu,verified (site page),Urban/City
Junior Kuppanna,Zeon Charging,"NH - 544, Salem - Kochi Highway",Avinashi,Avinashi,Tamil Nadu,641654.0,11.17708,77.24713,1,CCS (Type 2),30.0,Operational,On request,https://www.evchargestation.in/ev-station/junior-kuppanna-avinashi-tamil-nadu,verified (site page),Urban/City
Sree Annapoorna Hotel Avinashi,Zeon Charging,"NH - 544, Rayan Kovil, Avinashi Bye Pass Road",Avinashi,Avinashi,Tamil Nadu,641663.0,11.17513,77.26342,1,CCS (Type 2),60.0,Operational,On request,https://www.evchargestation.in/ev-station/sree-annapoorna-hotel-avinashi-avinashi-tamil-nadu,verified (site page),Urban/City
EVP Cinemas - Relux Charging Station,Relux Electric (India),"NH 48 (Chennai to Bengaluru), Santhosha Nagar",Chembarambakkam,Chembarambakkam,Tamil Nadu,600123.0,13.03601745,80.04651678,1,CCS (Type 2),30.0,Operational,Rs.22/-,https://www.evchargestation.in/ev-station/evp-cinemas-relux-charging-station-chembarambakkam-tamil-nadu,verified (site page),Urban/City
Sheraton Grand Chennai Resort,Marriott (Private),"East Coast Road (Thiruvanmiyur-Mahabalipuram-Marakkanam-Pondicherry Road), Chennai",Chennai,Chengalpattu,Tamil Nadu,,12.6208,80.1928,1,CCS (Type 2),,Operational,,https://www.meraev.com/charging-stations-in/chennai,approximate (town/road-level),ECR
Four Points By Sheraton,Marriott (Private),"East Coast Road, ECR-OMR Junction, Mahabalipuram, 603104",Mahabalipuram,Chengalpattu,Tamil Nadu,603104.0,12.6208,80.1928,1,CCS (Type 2),,Operational,,https://www.meraev.com/charging-stations-in/chennai,approximate (town/road-level),ECR
Mamallapuram - Radisson Blu Resort Temple Bay,Zeon Charging,"J5FW+G3 Mahabalipuram, 603104",Mahabalipuram,Chengalpattu,Tamil Nadu,603104.0,12.6238125,80.1951875,1,Type 2 (AC),22 kW,Operational,,https://zeoncharging.com/ev-charging-mamallapuram-radisson-blu-resort-temple-bay-j5fw-g3-mahabalipuram-tamil-nadu-india-603104,verified (site page),ECR Mahabalipuram
Mamandur - Ram Residency (Manoj Bhavan),Zeon Charging,"GST Rd, Mamandur, Chengalpattu, 603111",Mamandur,Chengalpattu,Tamil Nadu,603111.0,12.6426375,79.9388906,2,CCS2 (DC),120 kW,Operational,,https://zeoncharging.com/ev-charging-maiyur-mamandur-ram-residency-manoj-bhavan-jwvq-3h2-maiyur-tamil-nadu-india-603111,verified (site page),NH45/GST Road Chengalpattu
Silavattam Village,Unknown Operator,333/3A GST Road NH45 Ozhupakkam Silvattam Village,Madurathakam,Chengalpattu Dt,Tamil Nadu,603306.0,12.48148773352969,79.86252229584034,1,Unknown,,Operational,On request,https://www.evchargestation.in/ev-station/silavattam-village-madurathakam-chengalpattu-dt-tamil-nadu,verified (site page),Urban/City
Alwarpet - The Raintree,Zeon Charging,"120, St Marys Rd, Austin Nagar, Alwarpet, Chennai, 600018",Chennai,Chennai,Tamil Nadu,600018.0,13.0286874,80.2527991,1,CCS2 (DC),24 kW,Operational,,https://zeoncharging.com/ev-charging-alwarpet-the-raintree-zeon-charging-station-the-raintree-120-st-marys-rd-austin-nagar-alwarpet-chennai-tamil-nadu-60,verified (site page),Chennai (in-city)
Aminjikarai - Ampa Skyone,Zeon Charging,"1, Nelson Manickam Rd, Aminjikarai, Chennai, 600030",Chennai,Chennai,Tamil Nadu,600030.0,13.073330128759338,80.22158383757399,2,CCS2 (DC),180 kW,Operational,,https://zeoncharging.com/ev-charging-chennai-aminjikarai-chennai-ampa-skyone-nelson-manickam-road-600030,verified (site page),Chennai (in-city)
Arumbakkam - Prestige Polygon,Zeon Charging,"23, Astha Nagar, Aminjikarai, Chennai, 600106",Chennai,Chennai,Tamil Nadu,600106.0,13.0678784,80.2193408,2,"16A (AC), Type 2 (AC)",3.3-7 kW,Operational,,https://zeoncharging.com/ev-charging-chennai-arumbakkam-prestige-polygon-23-astha-nagar-aminjikarai-chennai-tamil-nadu-600106-india-600106,verified (site page),Chennai (in-city)
Arumbakkam - SAF Games Village,Zeon Charging,"206/N, 100 Feet Rd, SAF Games Village, Jai Nagar, Arumbakkam, Chennai, 600106",Chennai,Chennai,Tamil Nadu,600106.0,13.0669875,80.2082969,3,Type 2 (AC),7 kW,Operational,,https://zeoncharging.com/ev-charging-arumbakkam-saf-games-village-3685-q8v-chennai-tamil-nadu-india-600106,verified (site page),Chennai (in-city)
Chennai - Max Showroom (Mount Poonamallee Rd),Zeon Charging,"Mount Poonamallee Road, Chennai, 602002",Chennai,Chennai,Tamil Nadu,602002.0,13.02869030658088,80.17030310796932,1,CCS2 (DC),24 kW,Operational,,https://zeoncharging.com/ev-charging-chennai-max-showroom-mount-poonamallee-road-602002,verified (site page),Chennai (in-city)
Chennai - Near Poonamallee Post Office,Zeon Charging,"Poonamallee, Chennai, 600056",Chennai,Chennai,Tamil Nadu,600056.0,13.0507375,80.1017344,2,CCS2 (DC),60 kW,Operational,,https://zeoncharging.com/ev-charging-chennai-near-poonamalle-post-office-3422-7mx-chennai-tamil-nadu-india-600056,verified (site page),Chennai (in-city)
Chennai Airport - Domestic Parking (AEROHUB),Zeon Charging,"Ground Floor C03, Domestic Terminal, Airport Road, Chennai, 600016",Chennai,Chennai,Tamil Nadu,600016.0,12.9941,80.1709,1,,,Operational,,https://zeoncharging.com/ev-charging-aerohub-chennai-airport-domestic-parking-ground-floor-c-03-parking-fees-applicable-airport-road-600016,approximate (town-level),Chennai Airport (in-city)
Chennai Airport - International Parking (AEROHUB),Zeon Charging,"Ground Floor F8, International Terminal, Airport Road, Chennai, 600016",Chennai,Chennai,Tamil Nadu,600016.0,12.9925,80.1693,1,,,Operational,,https://zeoncharging.com/ev-charging-aerohub-chennai-airport-international-parking-ground-floor-f8-parking-fees-applicable-airport-road-600016,approximate (town-level),Chennai Airport (in-city)
Egmore - 125 Pantheon,Zeon Charging,"125 Pantheon Rd, Egmore, Chennai, 600002",Chennai,Chennai,Tamil Nadu,600002.0,13.0674375,80.2550625,1,CCS2 (DC),24 kW,Operational,,https://zeoncharging.com/ev-charging-egmore-125-pantheon-3784-x2-chennai-tamil-nadu-india-600002,verified (site page),Chennai (in-city)
Guindy - Olympia Cyberspace,Zeon Charging,"Arulayiammanpet, SIDCO Industrial Estate, Guindy, Chennai, 600032",Chennai,Chennai,Tamil Nadu,600032.0,13.0167625,80.2151406,2,Type 2 (AC),7 kW,Operational,,https://zeoncharging.com/ev-charging-chennai-olympia-cyberspace-2688-p32-chennai-tamil-nadu-india-600032,verified (site page),Chennai (in-city)
Guindy - Olympia Tech Park,Zeon Charging,"SIDCO Industrial Estate, Chennai, 600032",Chennai,Chennai,Tamil Nadu,600032.0,13.014983546775047,80.20341691534425,9,"16A (AC), Type 2 (AC)",3.3-7.4 kW,Operational,,https://zeoncharging.com/ev-charging-chennai-olympia-tech-park-sidco-industrial-estate-600032,verified (site page),Chennai (in-city)
Koyambedu - SAF Games Village Apartment,Zeon Charging,"Games Village Tower, Koyambedu, Chennai, 600107",Chennai,Chennai,Tamil Nadu,600107.0,13.067062,80.208565,2,"16A (AC), Type 2 (AC)",3.3 kW,Operational,,https://zeoncharging.com/ev-charging-koyambadu-saf-games-village-apartment-3685-rc-chennai-tamil-nadu-india-600107,verified (site page),Chennai (in-city)
Maduravoyal - Omeha Paradise,Zeon Charging,"Service Road, Maduravoyal, Chennai, 600095",Chennai,Chennai,Tamil Nadu,600095.0,13.068525330370344,80.15990785411296,4,CCS2 (DC),60 kW,Operational,,https://zeoncharging.com/ev-charging-chennai-maduravoyal-chennai-omeha-paradise-service-road-600095,verified (site page),Chennai (in-city)
Mugalivakkam - Zeon X Raptee HV HQ,Zeon Charging,"2/850, Gowri Nagar, Lalithamba Nagar, Mugalivakkam, Chennai, 600125",Chennai,Chennai,Tamil Nadu,600125.0,13.0179625,80.1740781,1,CCS2 (DC),24 kW,Operational,,https://zeoncharging.com/ev-charging-chennai-mugalivakkam-zeon-x-raptee-hv-hq-259f-5jp-chennai-tamil-nadu-india-600125,verified (site page),Chennai (in-city)
Nungambakkam - Prestige Palladium Bayan,Zeon Charging,"84/139, Greams Ln, Thousand Lights West, Chennai, 600006",Chennai,Chennai,Tamil Nadu,600006.0,13.058945,80.253695,2,"16A (AC), Type 2 (AC)",3.3-7 kW,Operational,,https://zeoncharging.com/ev-charging-chennai-nungambakkam-prestige-palladium-bayan-84-139-greams-ln-thousand-lights-west-thousand-lights-chennai-tamil-na,verified (site page),Chennai (in-city)
Poonamallee Bypass - Sri Sugam Travels,Zeon Charging,"Poonamallee Bypass Rd, opp Johnson Lift, Munikrishna Nagar, Chennai, 600056",Chennai,Chennai,Tamil Nadu,600056.0,13.0567375,80.1077344,2,CCS2 (DC),120 kW,Operational,,https://zeoncharging.com/ev-charging-chennai-poonamallee-bypass-chennai-sri-sugam-travels-3445-m3x-chennai-tamil-nadu-india-600056,verified (site page),Chennai (in-city)
Porur - RMZ One Paramount,Zeon Charging,"111-168, Porur, Chennai, 600116",Chennai,Chennai,Tamil Nadu,600116.0,13.031594392297054,80.1682936297536,3,"Type 2 (AC), CCS2 (DC)",3.3kW AC / 50kW DC,Operational,,https://zeoncharging.com/ev-charging-chennai-porur-rmz-one-paramount-111-168-600116,verified (site page),Chennai (in-city)
T Nagar - Grand Chennai by GRT Hotels,Zeon Charging,"120, Sir Thyagaraya Rd, Drivers Colony, T Nagar, Chennai, 600017",Chennai,Chennai,Tamil Nadu,600017.0,13.0403125,80.2450625,1,Type 2 (AC),22 kW,Operational,,https://zeoncharging.com/ev-charging-t-nagar-grand-chennai-by-grt-hotels-26rw-42-chennai-tamil-nadu-india-600017,verified (site page),Chennai (in-city)
T Nagar - Mango Hill Central,Zeon Charging,"T Nagar, Chennai, 600017",Chennai,Chennai,Tamil Nadu,600017.0,13.0418,80.2341,1,,,Operational,,https://zeoncharging.com/ev-charging-t-nagar-chennai-mango-hill-central-362r-p4v-chennai-tamil-nadu-india-600017,approximate (town-level),Chennai (in-city)
Thiruvanmiyur - Holiday Inn Chennai OMR,Zeon Charging,"Mahabalipuram Rd, PTK Nagar, Thiruvanmiyur, Chennai, 600096",Chennai,Chennai,Tamil Nadu,600096.0,12.9799533,80.2529337,1,CCS2 (DC),24 kW,Operational,,https://zeoncharging.com/ev-charging-thiruvanmiyur-holidays-inn-holiday-inn-chennai-omr-it-expressway-an-ihg-hotel-mahabalipuram-rd-ptk-nagar-thiruvanmiy,verified (site page),Chennai OMR (in-city)
Thoraipakkam - Prestige Zackria Metropolitan,Zeon Charging,"63, PVS Nagar, Subbarayan Nagar, Thoraipakkam, Chennai, 600097",Chennai,Chennai,Tamil Nadu,600097.0,12.946907,80.242508,2,"16A (AC), Type 2 (AC)",3.3-7 kW,Operational,,https://zeoncharging.com/ev-charging-chennai-toraipakkam-prestige-zackria-metropolitan-63-pvs-nagar-subbarayan-nagar-thoraipakkam-chennai-tamil-nadu-6000,verified (site page),Chennai OMR (in-city)
Velachery - Grand Square Mall,Zeon Charging,"137, Major Mukund Varadharajan Rd, V.O.C Nagar, Velachery, Chennai, 600042",Chennai,Chennai,Tamil Nadu,600042.0,12.9719875,80.2203281,2,CCS2 (DC),180 kW,Operational,,https://zeoncharging.com/ev-charging-chennai-grand-square-mall-2137-velachery-tambaram-main-rd-v-o-c-nagar-doctor-seetaram-nagar-600042,verified (site page),Chennai (in-city)
IITM Research Park,Relux Electric (India),IITM Research Park,Chennai,Chennai City Corporation Limits,Tamil Nadu,600113.0,12.9908,80.2424,3,"CEE 3 Pin, CCS (Type 2)",37.0,Operational,Rs.18/-,https://www.evchargestation.in/ev-station/iitm-research-park-chennai-city-corporation-limits-tamil-nadu,verified (site page),Urban/City
Adyar Ananda Bhavan Chinnar,Unknown Operator,NH - 44,Chinnar,Chinnar,Tamil Nadu,635117.0,12.63869,78.06529,1,CCS (Type 2),120.0,Operational,On request,https://www.evchargestation.in/ev-station/adyar-ananda-bhavan-chinnar-tamil-nadu,verified (site page),Urban/City
3 Star Auto Care,Unknown Operator,34-1 Ground Floor LML Colony Amman Kulam Road P.N.Palayam,Coimbatore,Coimbatore,Tamil Nadu,641037.0,11.01434,76.98979,1,CCS (Type 2),30.0,Operational,On request,https://www.evchargestation.in/ev-station/3-star-auto-care-coimbatore-tamil-nadu,verified (site page),Urban/City
Ather-Chai Kings Charging Station,Ather Grid,"No. 546 and 567, NSR Rd, Saibaba Colony, Coimbatore",Coimbatore,Coimbatore,Tamil Nadu,,11.0186,76.9433,1,AC Type 1,,Operational,,https://www.meraev.com/charging-stations-in/coimbatore,approximate (town/road-level),Coimbatore city
Ather-Cock Ra co Restaurant,Ather Grid,"Siva Nagar, Koundampalayam, Coimbatore",Coimbatore,Coimbatore,Tamil Nadu,,11.0602,76.9422,1,AC Type 1,,Operational,,https://www.meraev.com/charging-stations-in/coimbatore,approximate (town/road-level),Coimbatore city
Coimbatore - Brookefields Mall,Zeon Charging,"Parking B1, Column 14, Coimbatore, 641001",Coimbatore,Coimbatore,Tamil Nadu,641001.0,11.0090625,76.9594375,8,"CCS2 (DC), Type 2 (AC)",7-120 kW,Operational,,https://zeoncharging.com/ev-charging-coimbatore-brookefields-mall-2x55-jq-coimbatore-tamil-nadu-india-641001,verified (site page),Coimbatore (in-city)
Coimbatore - Dvara Siruvani,Zeon Charging,"Perumal Kovil Pathy, Karunya Post, 641114",Coimbatore,Coimbatore,Tamil Nadu,641114.0,10.92809896264848,76.75494175402952,1,Type 2 (AC),7.4 kW,Operational,,https://zeoncharging.com/ev-charging-coimbatore-dvara-siruvani-karunya-641114,verified (site page),Coimbatore (in-city)
Coimbatore - Isha Yoga Centre,Zeon Charging,"Adi Yogi Isha Rd, Muttathuvayal, 641109",Coimbatore,Coimbatore,Tamil Nadu,641109.0,10.9678375,76.7397344,3,Type 2 (AC),22 kW,Operational,,https://zeoncharging.com/ev-charging-coimbatore-isha-yoga-centre-xp9q-4vq-muttathuvayal-tamil-nadu-india-641109,verified (site page),Coimbatore (in-city)
Coimbatore - MK Residency,Zeon Charging,"145 Gokhale Street, Ram Nagar, Coimbatore, 641009",Coimbatore,Coimbatore,Tamil Nadu,641009.0,11.014857296779308,76.96395535585438,1,Type 2 (AC),7.4 kW,Operational,,https://zeoncharging.com/ev-charging-coimbatore-mk-residency-145-gokhale-street-641009,verified (site page),Coimbatore (in-city)
Coimbatore - Mango Hills Resort,Zeon Charging,"6/3A, Pooluvapatti, 641101",Coimbatore,Coimbatore,Tamil Nadu,641101.0,10.960626165927389,76.80948822027244,1,Type 2 (AC),7.4 kW,Operational,,https://zeoncharging.com/ev-charging-coimbatore-mango-hills-resort-6-3a-641101,verified (site page),Coimbatore (in-city)
Coimbatore - Peelamedu Fun Republic Mall,Zeon Charging,"Avinashi Road, Periyar Nagar, Coimbatore, 641004",Coimbatore,Coimbatore,Tamil Nadu,641004.0,11.024567,77.010737,2,CCS2 (DC),180 kW,Operational,,https://zeoncharging.com/ev-charging-coimbatore-peelamedu-fun-republic-mall-avinashi-road-641004,verified (site page),Coimbatore (in-city)
Coimbatore - Radisson Blu Hotel,Zeon Charging,"164/165, Avinashi Rd, Coimbatore, 641004",Coimbatore,Coimbatore,Tamil Nadu,641004.0,11.0219125,76.9916406,2,CCS2 (DC),120 kW,Operational,,https://zeoncharging.com/ev-charging-coimbatore-radisson-blu-hotel-2xcr-qm6-coimbatore-tamil-nadu-india-641004,verified (site page),Coimbatore (in-city)
Coimbatore - Royal Care Hospital,Zeon Charging,"549 Neelambur, Coimbatore, 641062",Coimbatore,Coimbatore,Tamil Nadu,641062.0,11.0613875,77.0906094,2,CCS2 (DC),120 kW,Operational,,https://zeoncharging.com/ev-charging-coimbatore-royal-care-hospital-336r-h65-neelambur-tamil-nadu-india-641062,verified (site page),Coimbatore (in-city)
Coimbatore - Saravanampatti Local Chai Club,Zeon Charging,"Ramani's Sri Mayuri Layout, Thudiyalur-Saravanampatti Rd, 641049",Coimbatore,Coimbatore,Tamil Nadu,641049.0,11.083535471689942,76.97888807423972,2,CCS2 (DC),120 kW,Operational,,https://zeoncharging.com/ev-charging-coimbatore-saravanampatti-local-chai-club-ramani-s-sri-mayuri-layout-641049,verified (site page),Coimbatore (in-city)
Coimbatore - Sunny Side Apartment,Zeon Charging,"Coimbatore, 641004",Coimbatore,Coimbatore,Tamil Nadu,641004.0,11.0167625,77.0138594,2,16A (AC),3.3 kW,Operational,,https://zeoncharging.com/ev-charging-coimbatore-sunny-side-apartment-2287-pg5-coimbatore-tamil-nadu-india-641004,verified (site page),Coimbatore (in-city)
Coimbatore - The Lakshmi Mills,Zeon Charging,"686, Avinashi Rd, Pappanaickenpalayam, Coimbatore, 641037",Coimbatore,Coimbatore,Tamil Nadu,641037.0,11.014082507375896,76.98607784050263,2,Type 2 (AC),7 kW,Operational,,https://zeoncharging.com/ev-charging-coimbatore-the-lakshmi-mills-686-avinashi-rd-641037,verified (site page),Coimbatore (in-city)
Coimbatore - Town Hall Metro Park Inn,Zeon Charging,"1000 Raja St, Town Hall, Coimbatore, 641001",Coimbatore,Coimbatore,Tamil Nadu,641001.0,10.9942875,76.9634531,2,CCS2 (DC),120 kW,Operational,,https://zeoncharging.com/ev-charging-coimbatore-town-hall-metro-park-inn-xxv7-p98-coimbatore-tamil-nadu-india-641001,verified (site page),Coimbatore (in-city)
Coimbatore - ZIBE by GRT Hotel,Zeon Charging,"427, 2B, Avinashi Rd, Peelamedu, Coimbatore, 641004",Coimbatore,Coimbatore,Tamil Nadu,641004.0,11.0228125,76.9972031,1,Type 2 (AC),7.4 kW,Operational,,https://zeoncharging.com/ev-charging-coimbatore-zibe-by-grt-hotel-2xfw-4vg-coimbatore-tamil-nadu-india-641004,verified (site page),Coimbatore (in-city)
Corporation Parking Lot,Unknown Operator,"Cross Cut Road, Ram Nagar, Gandhipuram",Coimbatore,Coimbatore,Tamil Nadu,641009.0,11.01695,76.96566,1,CCS (Type 2),50.0,Operational,On request,https://www.evchargestation.in/ev-station/corporation-parking-lot-coimbatore-tamil-nadu,verified (site page),Urban/City
Haribhavanam KMCH,Relux Electric (India),KMCH Avinashi Rd TNHB Colony Indira Nagar,Coimbatore,Coimbatore,Tamil Nadu,641014.0,11.040221081024027,77.04083279280997,2,CCS (Type 2),30.0,Operational,Rs.24/-,https://www.evchargestation.in/ev-station/haribhavanam-kmch-coimbatore-tamil-nadu-301550,verified (site page),Urban/City
Haribhavanam KMCH (2),Relux Electric (India),KMCH Avinashi Rd TNHB Colony Indira Nagar,Coimbatore,Coimbatore,Tamil Nadu,641014.0,11.04036238,77.04093889,1,CCS (Type 2),30.0,Operational,Rs.24/-,https://www.evchargestation.in/ev-station/haribhavanam-kmch-coimbatore-tamil-nadu-301398,verified (site page),Urban/City
Hydra Charging,Unknown Operator,"Coimbatore-Mettupalayam Road, GN Mills, Coimbatore, 641001",Coimbatore,Coimbatore,Tamil Nadu,641001.0,11.0326,76.9349,1,CCS (Type 2),,Operational,,https://www.meraev.com/charging-stations-in/coimbatore,approximate (town/road-level),NH181 Coimbatore-Mettupalayam
Ibis Coimbatore City Centre,Chargezone (India),"Lakshmi Mills Junction, Puliakulam Road",Coimbatore,Coimbatore,Tamil Nadu,641037.0,11.01223,76.98654,2,CCS (Type 2),60.0,Operational,21/kWh,https://www.evchargestation.in/ev-station/ibis-coimbatore-city-centre-coimbatore-tamil-nadu,verified (site page),Urban/City
Kuniyamuthur - Krishna and Company,Zeon Charging,"777 Palakkad-Coimbatore Rd, Edayarpalayam Pirivu, Coimbatore, 641008",Coimbatore,Coimbatore,Tamil Nadu,641008.0,10.951769268122328,76.95379388139459,2,CCS2 (DC),120 kW,Operational,,https://zeoncharging.com/ev-charging-kuniyamuthur-coimbatore-krishna-and-company-777-palakkad-coimbatore-road-641008,verified (site page),Coimbatore (in-city)
Mak Controls Test,Zeon Charging,"NH544, Coimbatore, 641021",Coimbatore,Coimbatore,Tamil Nadu,641021.0,10.9164587,76.9842156,2,CCS2 (DC),160 kW,Operational,,https://zeoncharging.com/ev-charging-mak-controls-test-coimbatore-national-highway-544-641021,verified (site page),NH544 Coimbatore-Kochi belt
PPS MG Motors,Tata Power,"138, Avinashi Road, Chinniyampalayam",Coimbatore,Coimbatore,Tamil Nadu,641062.0,11.05013,77.05773,1,CCS (Type 2),25.0,Operational,21/kWh,https://www.evchargestation.in/ev-station/pps-mg-motors-coimbatore-tamil-nadu,verified (site page),Urban/City
PSV EV Point,Unknown Operator,No 88/7 ARR Complex Thudiyalur Road Saravanampattti,Coimbatore,Coimbatore,Tamil Nadu,641035.0,11.08231,76.98681,1,CCS (Type 2),30.0,Operational,On request,https://www.evchargestation.in/ev-station/psv-ev-point-coimbatore-tamil-nadu,verified (site page),Urban/City
Sundaram Motors Coimbatore,Chargezone (India),"1/166, Pollachi Main Road, Eachanari",Coimbatore,Coimbatore,Tamil Nadu,641021.0,10.91863,76.98461,2,CCS (Type 2),180.0,Operational,On request,https://www.evchargestation.in/ev-station/sundaram-motors-coimbatore-coimbatore-tamil-nadu,verified (site page),Urban/City
Taj Vivanta Coimbatore,Tata Power,"105, Race Course Road, Gopalapuram",Coimbatore,Coimbatore,Tamil Nadu,641018.0,11.0025,76.97363,1,"CCS (Type 2), Type 2 (Tethered)",30.0,Operational,21/kWh,https://www.evchargestation.in/ev-station/taj-vivanta-coimbatore-coimbatore-tamil-nadu,verified (site page),Urban/City
Tata Power - Thalappakatti Hotels Neelambur,Tata Power,"No.145/1A-1D, Avinashi Road, Neelambur, Sulur Taluk, Coimbatore",Coimbatore,Coimbatore,Tamil Nadu,,11.0287,77.0965,1,"CCS (Type 2), AC Type 2",,Operational,,https://www.meraev.com/charging-stations-in/coimbatore,approximate (town/road-level),NH544 Avinashi Road
VEEV Brookfields,Zeon Charging,"F-20 G17A 67-71 Dr Krishnasamy Mudaliyar Road, R.S. Puram",Coimbatore,Coimbatore,Tamil Nadu,641001.0,11.00939,76.95905,8,"CCS (Type 2), Type 2 (Tethered)",30.0,Operational,On request,https://www.evchargestation.in/ev-station/veev-brookfields-coimbatore-tamil-nadu,verified (site page),Urban/City
Welcomhotel By ITC Hotels Race Course,Statiq (IN),"1266/14, W Club Road, Race Course, Gopalapuram",Coimbatore,Coimbatore,Tamil Nadu,641018.0,10.99713,76.97389,1,"CCS (Type 2), Type 2 (Tethered)",60.0,Operational,14.99/kWh,https://www.evchargestation.in/ev-station/welcomhotel-by-itc-hotels-race-course-coimbatore-coimbatore-tamil-nadu,verified (site page),Urban/City
Zibe Coimbatore by GRT Hotels,Zeon Charging,"427 2B Avinashi Road, Peelamedu",Coimbatore,Coimbatore,Tamil Nadu,641004.0,11.02287,76.99726,1,Type 2 (Tethered Connector),7.4,Operational,21.90/kWh,https://www.evchargestation.in/ev-station/zibe-coimbatore-by-grt-hotels-coimbatore-tamil-nadu,verified (site page),Urban/City
Zone by The Park Hotel,Tata Power,"33/3, Avinashi Road, Lakshmi Mills",Coimbatore,Coimbatore,Tamil Nadu,641018.0,11.01157,76.98444,1,CCS (Type 2),30.0,Operational,21/kWh,https://www.evchargestation.in/ev-station/zone-by-the-park-hotel-coimbatore-tamil-nadu,verified (site page),Urban/City
SteamA Station,Zeon Charging,"187-B Main Road, near Car Stand, Saravanampatti, Karamadai, Coimbatore, 641035",Karamadai,Coimbatore,Tamil Nadu,641035.0,11.2833,76.95,1,,,Operational,,https://zeoncharging.com/ev-charging-steama-station-187-b-main-road-near-car-stand-kalavai-thottam-saravanampatti-karamadai-coimbatore-tamil-nadu-641035-,approximate (town-level),NH181 Coimbatore-Mettupalayam (Karamadai)
Karumathampatti - Hotel Saravana Bhavan,Zeon Charging,"NH 47, Nall Road, Saradambal Nagar, Karumathampatti, 641659",Karumathampatti,Coimbatore,Tamil Nadu,641659.0,11.1056875,77.1733906,2,CCS2 (DC),120 kW,Operational,,https://zeoncharging.com/ev-charging-karumathampatti-hotel-saravana-bhavan-454f-79c-karumathampatti-tamil-nadu-india-641659,verified (site page),NH47 Coimbatore-Salem
Pollachi (Udumalai-Palani Highway) - MDS Bakes,Zeon Charging,"J4GC+Q3C Kolarpatti, Tamil Nadu, 642107",Kolarpatti,Coimbatore,Tamil Nadu,642107.0,10.6269375,77.1201406,3,"CCS2 (DC), 16A (AC)",120kW DC / 3.3kW AC,Operational,,https://zeoncharging.com/ev-charging-pollachi-udumalai-palani-highway-mds-bakes-j4gc-q3c-kolarpatti-tamil-nadu-india-642107,verified (site page),Udumalpet-Palani Highway
Mathampalayam - Kovai Bakes,Zeon Charging,"Mettupalayam Rd, Mathampalayam, Bilichi, 641019",Mathampalayam,Coimbatore,Tamil Nadu,641019.0,11.1940125,76.9608906,2,CCS2 (DC),120 kW,Operational,,https://zeoncharging.com/ev-charging-mathampalayam-kovai-bakes-5xv6-j92-bilichi-tamil-nadu-india-641019,verified (site page),NH181 Coimbatore-Mettupalayam
Meenkarai - Iyappa Weigh Bridge,Zeon Charging,"Akilandapuram, 642001",Meenkarai,Coimbatore,Tamil Nadu,642001.0,10.6521875,76.9928281,1,16A AC,3.3 kW,Operational,,https://zeoncharging.com/ev-charging-meenkarai-iyappa-weigh-bridge-mx2v-v4g-akilandapuram-tamil-nadu-india-642001,verified (site page),near Pollachi
Ayyappaa Weigh Bridge,Zeon Charging,"M243+9GQ Pollachi, Tamil Nadu, 642001",Pollachi,Coimbatore,Tamil Nadu,642001.0,10.6559625,77.0038594,3,"CCS2 (DC), 16A (AC)",120kW DC / 3.3kW AC,Operational,,https://zeoncharging.com/ev-charging-ayyappaa-weigh-bridge-pollachi-m243-9gq-pollachi-tamil-nadu-india-pollachi-tamil-nadu-india-642001-642001,verified (site page),NH948/Pollachi-Coimbatore
Pollachi - Amutha Surabhi,Zeon Charging,"M25W+6FW Pollachi, Tamil Nadu, 642001",Pollachi,Coimbatore,Tamil Nadu,642001.0,10.6581125,77.0462031,4,"CCS2, CHAdeMO (DC)",50-60 kW,Operational,,https://zeoncharging.com/ev-charging-pollachi-amutha-surabhi-m25w-6fw-pollachi-tamil-nadu-india-642001,verified (site page),Pollachi town
Pollachi - Amutha Surabhi Express,Zeon Charging,"P2H9+R8G Santhegoundanpalayam, Pollachi, 642110",Pollachi,Coimbatore,Tamil Nadu,642110.0,10.7295625,77.0183281,2,CCS2 (DC),120 kW,Operational,,https://zeoncharging.com/ev-charging-pollachi-amutha-surabhi-express-p2h9-r8g-santhegoundanpalayam-tamil-nadu-india-642110,verified (site page),Pollachi-Coimbatore road
Pollachi - Arunachalam Mahal,Zeon Charging,"H2F5+2GP Somandurai, Valparai main road, Kariyanchettipalayam, Pollachi, 642123",Pollachi,Coimbatore,Tamil Nadu,642123.0,10.5725875,77.0088281,3,"CCS2 (DC), Type 2 (AC)",60kW DC / 7.4kW AC,Operational,,https://zeoncharging.com/ev-charging-pollachi-arunachalam-mahal-h2f5-2gp-somandurai-tamil-nadu-india-642123,verified (site page),Pollachi-Valparai road (NH948)
Valparai - Ibex Stays & Trails,Zeon Charging,"Iyerpadi, Valparai, 642105",Valparai,Coimbatore,Tamil Nadu,642105.0,10.3273,76.955,1,,,Operational,,https://zeoncharging.com/ev-charging-valparai-ibex-stays-trails-9xvc-x2j-iyerpadi-tamil-nadu-india-642105,approximate (town-level),Pollachi-Valparai-Kochi hill route (NH948)
Walayar - A2B,Zeon Charging,"VV47-52R, Palakkad-Coimbatore Rd, Solakarai, R.F. Mavuthampathi, 641105",Walayar,Coimbatore,Tamil Nadu,641105.0,10.7667,76.75,1,,,Operational,,https://zeoncharging.com/ev-charging-walayar-a2b-vv47-52r-palakkad-coimbatore-rd-solakarai-r-f-mavuthampathi-tamil-nadu-641105-india-641105,approximate (town-level),NH544 Coimbatore-Kerala border
"Walayar - A2B, KFC, Star Biriyani",Zeon Charging,"Palakkad-Coimbatore Road, Walayar, 641105",Walayar,Coimbatore,Tamil Nadu,641105.0,10.7667,76.75,1,,,Operational,,https://zeoncharging.com/ev-charging-walayar-a2b-kfc-star-biriyani,approximate (town-level),NH544 Coimbatore-Kerala border
Gateway Coonoor,Tata Power,Upper Coonoor,Coonoor,Coonoor,Tamil Nadu,643101.0,11.34605,76.80108,1,CCS (Type 2),30.0,Operational,21/kWh,https://www.evchargestation.in/ev-station/gateway-coonoor-coonoo-tamil-nadu,verified (site page),Urban/City
Wellington Gymkhana Club,Zeon Charging,"Old Neelambar 2, Wellington, Coonoor",Wellington,Coonoor,Tamil Nadu,643231.0,11.36142,76.79607,1,Type 2 (Tethered Connector),22.0,Operational,19.5/kWh,https://www.evchargestation.in/ev-station/wellington-gymkhana-club-wellington-tamil-nadu,verified (site page),Urban/City
Ather - Barath Complex,Ather Grid,"Sudharsanam St, Allpettai, Dhakshinamoorthy Nagar, Cuddalore",Cuddalore,Cuddalore,Tamil Nadu,,11.748,79.7714,1,AC Type 1,,Operational,,https://www.zigwheels.com/electric-charging-station/Cuddalore,approximate (town/road-level),Cuddalore city
Ather - Shobana,Ather Grid,"11a, Nellikuppam Main Rd, Rajambal Nagar, Allpettai, Manjakuppam, Cuddalore",Cuddalore,Cuddalore,Tamil Nadu,,11.748,79.7714,1,AC Type 1,,Operational,,https://www.zigwheels.com/electric-charging-station/Cuddalore,approximate (town/road-level),Cuddalore city
IOCL - Shivasakthi Singaram (1),IOCL,"Shivasakthi Singaram, Cuddalore",Cuddalore,Cuddalore,Tamil Nadu,,11.75,79.55,1,AC Type 2,,Operational,,https://www.zigwheels.com/electric-charging-station/Cuddalore,approximate (town/road-level),Cuddalore district
MG Motors (FPL Vehicles),MG Motors,"No. 1, Cuddalore",Cuddalore,Cuddalore,Tamil Nadu,,11.748,79.7714,2,CCS (Type 2),,Operational,,https://www.zigwheels.com/electric-charging-station/Cuddalore,approximate (town/road-level),Cuddalore city
Cuddalore - Argunt Aggregates,Zeon Charging,"Jawaharlal Nehru Rd, Neyveli T.S., 607801",Neyveli,Cuddalore,Tamil Nadu,607801.0,11.5989375,79.5047031,1,Type 2 (AC),22 kW,Operational,,https://zeoncharging.com/ev-charging-cuddalore-argunt-aggregates-private-limited-hgx3-hvg-neyveli-t-s-tamil-nadu-india-6077801,verified (site page),Cuddalore-Neyveli
IOCL - K G P Amaravathi,IOCL,"Sy.No.57/1&58/2D, Veeraperumanallur, Panruti, Cuddalore",Panruti,Cuddalore,Tamil Nadu,,11.7742,79.5514,2,AC Type 2,,Operational,,https://www.zigwheels.com/electric-charging-station/Cuddalore,approximate (town/road-level),ECR/NH532 Cuddalore
NTPC - Panruti,NTPC,"Panruti, Cuddalore",Panruti,Cuddalore,Tamil Nadu,,11.7742,79.5514,1,AC Type 2,,Operational,,https://www.zigwheels.com/electric-charging-station/Cuddalore,approximate (town/road-level),ECR/NH532 Cuddalore
IOCL - Shivasakthi Singaram (2),IOCL,"Sy No 67/12B, Idaicheruvai, Thittagudi, Akkanur, Cuddalore",Thittagudi,Cuddalore,Tamil Nadu,,11.4833,79.15,1,AC Type 2,,Operational,,https://www.zigwheels.com/electric-charging-station/Cuddalore,approximate (town/road-level),Cuddalore district
IOCL - Raja Traders,IOCL,"367/6B, Periyanesalur, Veppur, Cuddalore",Veppur,Cuddalore,Tamil Nadu,,11.55,79.35,2,AC Type 2,,Operational,,https://www.zigwheels.com/electric-charging-station/Cuddalore,approximate (town/road-level),Cuddalore district
Virudhachalam - Hotel Shree Bhawan,Zeon Charging,"Virudhachalam, 606001",Virudhachalam,Cuddalore,Tamil Nadu,606001.0,11.4954875,79.3231094,2,CCS2 (DC),120 kW,Operational,,https://zeoncharging.com/ev-charging-virudhachalam-hotel-shree-bhawan-virudhachalam-tamil-nadu-india-606001,verified (site page),NH532/Virudhachalam town
Near Thoppur Toll Plaza - Arabian Garden Seafood,Zeon Charging,"Dhombaragampatti, 636807",Thoppur,Dharmapuri,Tamil Nadu,636807.0,12.0100125,78.0829531,2,CCS2 (DC),120 kW,Operational,,https://zeoncharging.com/ev-charging-near-thoppur-toll-plaza-arabian-garden-seafood-restaurant-236m-254-dhombaragampatti-tamil-nadu-india-636807,verified (site page),NH44 Salem-Dharmapuri (Thoppur Ghat)
Adyar Ananda Bhavan Dindigul,Unknown Operator,"NH - 44, Thomaiyar Puram, Adiyanuuthu",Dindigul,Dindigul,Tamil Nadu,624002.0,10.33668,77.95701,1,CCS (Type 2),30.0,Operational,On request,https://www.evchargestation.in/ev-station/adyar-ananda-bhavan-dindigul-tamil-nadu,verified (site page),Urban/City
Hotel PVK Grand,Unknown Operator,"80, Thadicombu Road, Ashok Nagar",Dindigul,Dindigul,Tamil Nadu,624001.0,10.3741,77.96772,1,"CCS (Type 2), Type 2 (Tethered)",25.0,Operational,On request,https://www.evchargestation.in/ev-station/hotel-pvk-grand-dindigul-tamil-nadu,verified (site page),Urban/City
IOCL - Parthyusha,IOCL,"Sengunrapuram To Maravapatti, Dindigul",Dindigul,Dindigul,Tamil Nadu,,10.3624,77.9695,2,AC Type 2,,Operational,,https://www.zigwheels.com/electric-charging-station/Dindigul,approximate (town/road-level),Dindigul outskirts
IOCL - Sri Sai Ram,IOCL,"Sri Sai Ram Enterprises, Appipati, Dindigul",Dindigul,Dindigul,Tamil Nadu,,10.3624,77.9695,1,AC Type 2,,Operational,,https://www.zigwheels.com/electric-charging-station/Dindigul,approximate (town/road-level),Dindigul outskirts
Kaveri Garage Seelapadi,Zeon Charging,"No 478/1A2, Trichy - Dindugal Road, Seelapadi",Dindigul,Dindigul,Tamil Nadu,624005.0,10.38031,77.99536,1,CCS (Type 2),60.0,Operational,21.90/kWh,https://www.evchargestation.in/ev-station/kaveri-garage-seelapadi-dindugal-tamil-nadu,verified (site page),Urban/City
Vel Saravana bhavan,Zeon Charging,"Bypass Road, opp. Velu Mahal, Chennamanayakkanpatti",Dindigul,Dindigul,Tamil Nadu,624001.0,10.386,77.96756,1,CCS (Type 2),60.0,Operational,24.90/kWh,https://www.evchargestation.in/ev-station/vel-saravana-bhavan-dindigul-tamil-nadu,verified (site page),Urban/City
Ather - Hotel Temple City (Genguvarpatti),Ather Grid,"NH45, Chennai-Theni Hwy, Genguvarpatti, Dindigul",Genguvarpatti,Dindigul,Tamil Nadu,,10.3,77.85,1,AC Type 1,,Operational,,https://www.zigwheels.com/electric-charging-station/Dindigul,approximate (town/road-level),NH45/NH85 Chennai-Theni
Kodai Resort Hotel,Private,"14/21, 19c-c1 Coolie Ghat Rd, Anandagiri 7th St, Kodaikanal, Dindigul",Kodaikanal,Dindigul,Tamil Nadu,,10.2381,77.4892,1,AC Type 2,,Operational,,https://www.zigwheels.com/electric-charging-station/Dindigul,approximate (town/road-level),Kodaikanal hill road
Kodaikanal - Dvara,Zeon Charging,"Dvara, Kodaikanal, 624101",Kodaikanal,Dindigul,Tamil Nadu,624101.0,10.2703875,77.4922031,2,Type 2 (AC),22 kW,Operational,,https://zeoncharging.com/ev-charging-kodaikanal-dvara-kodaikanal-tamil-nadu-india-624101,verified (site page),Kodaikanal hill station
Kodaikanal - Great Trails by GRT Hotels,Zeon Charging,"Great Trails by GRT Hotels, Kodaikanal, 624101",Kodaikanal,Dindigul,Tamil Nadu,624101.0,10.275361,77.4862,1,Type 2 (AC),22 kW,Operational,,https://zeoncharging.com/ev-charging-kodaikanal-great-trails-by-grt-hotels-kodaikanal-tamil-nadu-india-624101,verified (site page),Kodaikanal hill station
Kodaikanal - Green Pastures by Hill Country,Zeon Charging,"Green Pastures by Hill Country, Kodaikanal, 624101",Kodaikanal,Dindigul,Tamil Nadu,624101.0,10.2700375,77.4887969,2,CCS2 (DC),60 kW,Operational,,https://zeoncharging.com/ev-charging-kodaikanal-green-pastures-by-hill-country-kodaikanal-tamil-nadu-india-624101,verified (site page),Kodaikanal hill station
Kodaikanal - Mango Hills Resort,Zeon Charging,"Mango Hills Resort, Kodaikanal, 624101",Kodaikanal,Dindigul,Tamil Nadu,624101.0,10.250522909025351,77.49855685830119,1,Type 2 (AC),7 kW,Operational,,https://zeoncharging.com/ev-charging-kodaikanal-mango-hills-resort-kodaikanal-tamil-nadu-india-624101,verified (site page),Kodaikanal hill station
Zeon - Hotel Kodai International,Zeon Charging,"Hotel Kodai International, 17/328, Laws Ghat Rd, Kodaikanal, Dindigul",Kodaikanal,Dindigul,Tamil Nadu,,10.2381,77.4892,1,CCS (Type 2),,Operational,,https://www.zigwheels.com/electric-charging-station/Dindigul,approximate (town/road-level),Kodaikanal hill road
IOCL - Amman Distributors,IOCL,"Kullalakundu, Nilakotai, Dindigul",Nilakottai,Dindigul,Tamil Nadu,,10.1667,77.9167,2,AC Type 2,,Operational,,https://www.zigwheels.com/electric-charging-station/Dindigul,approximate (town/road-level),NH45 Dindigul-Madurai
IOCL - PSM,IOCL,"SF No. 95/1 & 95/2, Idayakottai, Oddenchatram Tk, Dindigul",Oddanchatram,Dindigul,Tamil Nadu,,10.4667,77.7,2,AC Type 2,,Operational,,https://www.zigwheels.com/electric-charging-station/Dindigul,approximate (town/road-level),Dindigul-Palani road
Oddanchatram - Hotel Apoorva,Zeon Charging,"Naganampatty, 624619",Oddanchatram,Dindigul,Tamil Nadu,624619.0,10.5035125,77.7612656,2,CCS2 (DC),120 kW,Operational,,https://zeoncharging.com/ev-charging-oddanchatram-hotel-apoorva-gq36-cg2-naganampatty-tamil-nadu-india-624619,verified (site page),Dindigul-Palani road
Ather - Kaveri (Palani),Ather Grid,"189/1C2, Ayakudi, Dindigul Main Rd, Palani",Palani,Dindigul,Tamil Nadu,,10.4499,77.5172,1,AC Type 1,,Operational,,https://www.zigwheels.com/electric-charging-station/Dindigul,approximate (town/road-level),NH83 Dindigul-Palani
Palani - Ganpat Grand,Zeon Charging,"Adivaram Road, Palani, 624601",Palani,Dindigul,Tamil Nadu,624601.0,10.4426657,77.5204763,2,"CCS2 (DC), Type 2 (AC)",24kW DC / 7.4kW AC,Operational,,https://zeoncharging.com/ev-charging-palani-ganpat-grand-adivaram-road-624601,verified (site page),Palani town
Palani - Sakra Towers,Zeon Charging,"Trichy-Dindigul Road, Palani, 624601",Palani,Dindigul,Tamil Nadu,624601.0,10.4475744,77.5332106,3,"16A AC, CCS2 (DC)",3.3kW AC / 40kW DC,Operational,,https://zeoncharging.com/ev-charging-palani-sakra-towers-trichy-dindugal-road-624601,verified (site page),NH83 Dindigul-Palani
Regency Palani by GRT Hotels,Zeon Charging,"891A7 Udumalpet Main Rd, opp Hero Motors, Sivagiripatti, Palani, 624601",Palani,Dindigul,Tamil Nadu,624601.0,10.4565375,77.5017656,2,"CCS2 (DC), Type 2 (AC)",30kW DC / 7kW AC,Operational,,https://zeoncharging.com/ev-charging-regency-palani-by-grt-hotels-fg42-jp6-sivagiripatti-tamil-nadu-india-624601,verified (site page),Palani town
Panjampatti (Dindigul) - Sri Yogiram Grand Mahal,Zeon Charging,"Chennai-Theni Hwy, Panchametti Pirivu, Vakkampatti, 624303",Panjampatti,Dindigul,Tamil Nadu,624303.0,10.3253125,77.9161875,2,CCS2 (DC),60 kW,Operational,,https://zeoncharging.com/ev-charging-panjanpatti-n-sri-yogiram-grand-mahal-panjampatti-dindigul-3-139-vakkampatti-road-624303,verified (site page),NH45/NH85 Chennai-Theni
Jio BP Dindigul,JIO BP Pulse (India),"Marambadi Road, Innasiyarpuram",Thadikombu,Dindigul,Tamil Nadu,624709.0,10.42633,77.95391,1,CCS (Type 2),30.0,Operational,20/kWh,https://www.evchargestation.in/ev-station/jio-bp-dindigul-thadikombu-tamil-nadu,verified (site page),Urban/City
Chithode - Texvalley Mall,Zeon Charging,"9JCW+PX8 Kankapuram, Texvalley Mall, 638102",Chithode,Erode,Tamil Nadu,638102.0,11.3717875,77.6474531,8,"16A (AC), Type 2 (AC), CCS2 (DC)",3.3-120 kW,Operational,,https://zeoncharging.com/ev-charging-chithode-texvalley-mall-9jcw-px8-kankapuram-tamil-nadu-india-638102,verified (site page),NH544 Coimbatore-Salem belt
Milky Mist Cafe Erode Sathy Highway,Zeon Charging,"Kandhasamiyur, Gobi Main Road, Ellispettai",Erode,Erode,Tamil Nadu,638012.0,11.3998,77.62536,1,CCS (Type 2),50.0,Operational,On request,https://www.evchargestation.in/ev-station/milky-mist-cafe-erode-sathy-highway-erode-tamil-nadu,verified (site page),Urban/City
Texvalley,Zeon Charging,"NH 544, Salem - Cochin Highway, Gangapuram Chithode",Erode,Erode,Tamil Nadu,638102.0,11.37172,77.64731,1,"IEC 60309 3-pin, CCS (Type 2), Type 2 (Tethered)",60.0,Operational,On request,https://www.evchargestation.in/ev-station/texvalley-erode-tamil-nadu,verified (site page),Urban/City
Victory Tata,Zeon Charging,"No 327, S.F 2B, Erode - Perundurai Road",Erode,Erode,Tamil Nadu,638012.0,11.31239,77.66505,1,CCS (Type 2),24.0,Operational,On request,https://www.evchargestation.in/ev-station/victory-tata-erode-tamil-nadu,verified (site page),Urban/City
Gobichettipalayam - Zeon Cinemas,Zeon Charging,"Gobichettipalayam, 638452",Gobichettipalayam,Erode,Tamil Nadu,638452.0,11.4526375,77.4347656,1,Type 2 (AC),7.4 kW,Operational,,https://zeoncharging.com/ev-charging-gobichettipalayam-zeon-cinemas-fc3m-3w2-gobichettipalayam-tamil-nadu-india-638452,verified (site page),Erode-Gobichettipalayam
Perundurai - Katteeri's / Sri Kongu Bakes,Zeon Charging,"7HJ5+64F Pallakkattur, 638057",Perundurai,Erode,Tamil Nadu,638057.0,11.2805625,77.5577969,3,"16A (AC), CCS2 (DC)",3.3kW AC / 60kW DC,Operational,,https://zeoncharging.com/ev-charging-perundurai-katteeri-s-sri-kongu-bakes-7hj5-64f-pallakkattur-tamil-nadu-india-638057,verified (site page),NH544 Coimbatore-Salem belt
Perundurai - MDS Bakes,Zeon Charging,"SIPCOT Engineering SEZ Rd, Perundurai, 638052",Perundurai,Erode,Tamil Nadu,638052.0,11.258,77.5495,2,CCS2 (DC),60 kW,Operational,,https://zeoncharging.com/ev-charging-erode-perundurai-mds-bakes-7g5x-6q9-perundurai-tamil-nadu-638052,verified (site page),NH544 Coimbatore-Kochi belt (Perundurai)
Vijayamangalam Toll - Pannaiyar Bakes,Zeon Charging,"Vijayamangalam Toll Plaza, 638056",Vijayamangalam,Erode,Tamil Nadu,638056.0,11.2445125,77.5181094,2,CCS2 (DC),120 kW,Operational,,https://zeoncharging.com/ev-charging-vijayamangalam-toll-pannaiyar-bakes-vijayamangalam-tamil-nadu-india-638056,verified (site page),NH544 Coimbatore-Salem
Chennai Silks Hosur,Unknown Operator,"181/182 Sipcot Complex Phase 1 Mookondapalli, Bangalore - Chennai Highway",Hosur,Hosur,Tamil Nadu,635126.0,12.74717,77.81056,1,CCS (Type 2),60.0,Operational,18/kWh,https://www.evchargestation.in/ev-station/chennai-silks-hosur-tamil-nadu,verified (site page),Urban/City
Hotel Hills Hosur,Tata Power,"No 41, SIPCOT Industrial Complex, Phase 1, Mookondapalli",Hosur,Hosur,Tamil Nadu,635126.0,12.75413,77.80406,1,"CCS (Type 2), Type 2 (Tethered)",30.0,Operational,21/kWh,https://www.evchargestation.in/ev-station/hotel-hills-hosur-hosur-tamil-nadu,verified (site page),Urban/City
True Sai Tata,Tata Power,Survey No 46/1A and 47/1A Thorapalli Agraharam,Hosur,Hosur,Tamil Nadu,635109.0,12.71741,77.87594,1,"CCS (Type 2), CHAdeMO",25.0,Operational,21/kWh,https://www.evchargestation.in/ev-station/true-sai-tata-hosur-tamil-nadu,verified (site page),Urban/City
Jio BP Hosur,JIO BP Pulse (India),NH - 44,Kamandoddi,Hosur,Tamil Nadu,635109.0,12.68784,77.92684,1,CCS (Type 2),30.0,Operational,20/kWh,https://www.evchargestation.in/ev-station/jio-bp-hosur-kamandoddi-tamil-nadu,verified (site page),Urban/City
Muscat bakery & Restaurants,Unknown Operator,"A16 & A17, SIPCOT Industrial Park, Bangalore highway, Near Hyundai Company",Irungattukottai,Irungattukottai,Tamil Nadu,602105.0,13.008010578515618,79.99673028011085,3,"CCS (Type 2), Type 2 (Tethered), CHAdeMO",50.0,Operational,Rs 20.5/kWh,https://www.evchargestation.in/ev-station/muscat-bakery-restaurants-irungattukottai-tamil-nadu,verified (site page),Urban/City
Courtyard by Marriott Madurai,Chargezone (India),"168, Alagar Kovil Main Rd, next to Circuit House",Madurai,KK Nagar,Tamil Nadu,625002.0,9.941091589488616,78.13946537829216,1,CCS (Type 2),30.0,Operational,21/kWh,https://www.evchargestation.in/ev-station/courtyard-by-marriott-madurai-madurai-tamil-nadu,verified (site page),Urban/City
Kallakurichi - District Collector Office,Zeon Charging,"Near Susila College of Education, 606206",Kallakurichi,Kallakurichi,Tamil Nadu,606206.0,11.7381803,79.0419118,7,"CCS2 (DC), Type 2 (AC)",120kW DC / 3.3kW AC,Operational,,https://zeoncharging.com/ev-charging-kallakurichi-district-collector-office-p2pv-q2h-villupuram-tamil-nadu-606206-india-606206,verified (site page),Kallakurichi town
"Thachur, Kallakurichi - Adyar Ananda Bhavan",Zeon Charging,"SF NO 185, 1B, Salem Main Rd, near Kallakkurichi Block, Raja Nagar, Kallakurichi, 606202",Kallakurichi,Kallakurichi,Tamil Nadu,606202.0,11.7109375,78.9479375,2,CCS2 (DC),120 kW,Operational,,https://zeoncharging.com/ev-charging-thachur-kallakurichi-adyar-ananda-bhavan-pw6x-95-kallakurichi-tamil-nadu-india-606202,verified (site page),Salem Main Road Kallakurichi
Hotel Sri Mu Saravana Bhavan,Unknown Operator,"NH - 544, Meenakshi Amman Nagar, Kamachipuram",Coimbatore,Kamachipuram,Tamil Nadu,641016.0,11.00142,77.06625,1,CCS (Type 2),25.0,Operational,On request,https://www.evchargestation.in/ev-station/hotel-sri-mu-saravana-bhavan-coimbatore-tamil-nadu,verified (site page),Urban/City
Melmaruvathur - McDonald's (AVK Fuel Station),Zeon Charging,"AVK Fuel Station, Sirungalur, Sothupakkam, 603319",Melmaruvathur,Kancheepuram,Tamil Nadu,603319.0,12.4466881,79.8381435,2,CCS2 (DC),120 kW,Operational,,https://zeoncharging.com/ev-charging-sothupakkam-melmaruvathur-mc-donald-s-avk-fuel-station-603319,verified (site page),NH45 Chennai-Trichy near Melmaruvathur
Kanchipuram - Dindigul Thalappakatti Restaurant,Zeon Charging,"Kanchipuram, 631552",Kanchipuram,Kanchipuram,Tamil Nadu,631552.0,12.8342,79.7036,1,,,Operational,,https://zeoncharging.com/ev-charging-kanchipuram-dindigul-thalappakatti-restaurant-129-631552,approximate (town-level),NH48 Kanchipuram
Kanchipuram - Regency by GRT Hotels,Zeon Charging,"Gandhi Road, Ennaikaran, Kanchipuram, 631502",Kanchipuram,Kanchipuram,Tamil Nadu,631502.0,12.8284745,79.7066795,1,Type 2 (AC),22 kW,Operational,,https://zeoncharging.com/ev-charging-kanchipuram-regency-by-grt-hotels-regency-kanchipuram-by-grt-hotels-gandhi-road-ennaikaran-kanchipuram-tamil-nadu-in,verified (site page),NH48 Kanchipuram
MM Legacy,Relux Electric (India),"Jameen Bus Stop, NH45",Kanchipuram,Kanchipuram,Tamil Nadu,635812.0,12.9036054,80.167116,1,CCS (Type 2),60.0,Operational,Rs.22/-,https://www.evchargestation.in/ev-station/mm-legacy-kanchipuram-tamil-nadu,verified (site page),Urban/City
Fairfield By Marriott Sriperumbudur,Marriott (Private),"Chennai-Ranipet-Chitoor-Kolar-Bangalore Rd, Sriperumbudur, 602106",Sriperumbudur,Kanchipuram,Tamil Nadu,602106.0,12.9698,79.9422,1,CCS (Type 2),,Operational,,https://www.meraev.com/charging-stations-in/chennai,approximate (town/road-level),NH48 Chennai-Bangalore
Pondur - Oragadam,Unknown Operator,"SH 57, SIPCOT Vallam Vadagal, Sriperumbudur, 602105",Sriperumbudur,Kanchipuram,Tamil Nadu,602105.0,12.9698,79.9422,1,CCS (Type 2),,Operational,,https://www.meraev.com/charging-stations-in/chennai,approximate (town/road-level),NH48 Chennai-Bangalore
Statiq - Cafe Udupi Ruchi (Uthiramerur),Statiq (IN),"VGW9+XWM, Chithanji, Uthiramerur, Vellore",Uthiramerur,Kanchipuram,Tamil Nadu,,12.6167,79.75,3,CCS (Type 2),,Operational,,https://www.zigwheels.com/electric-charging-station/Vellore,approximate (town/road-level),NH48 Chennai-Bangalore
Ather-Hotel Sahana,Ather Grid,"17/66, 66A Vivekandapuram, Main Road, Kanyakumari",Kanyakumari,Kanyakumari,Tamil Nadu,,8.1,77.5333,1,AC Type 1,,Operational,,https://www.zigwheels.com/electric-charging-station/Kanyakumari,approximate (town/road-level),Kanyakumari town
IOCL - Jackys,IOCL,"Kannanagam Jn To Nithiravilai Jn, SH 179, Kanyakumari",Kanyakumari,Kanyakumari,Tamil Nadu,,8.1,77.5333,2,AC Type 2,,Operational,,https://www.zigwheels.com/electric-charging-station/Kanyakumari,approximate (town/road-level),SH179 Kanyakumari
Kazam - Perumalpuram,Kazam,"Perumalpuram, Kanyakumari",Kanyakumari,Kanyakumari,Tamil Nadu,,8.7333,77.7167,1,AC Type 1,,Operational,,https://www.zigwheels.com/electric-charging-station/Kanyakumari,approximate (town/road-level),Kanyakumari district
Ather-Marshal E Tech,Ather Grid,"2/119, Marshal E Tech, Mission Compound, Kottaram, Kanyakumari",Kottaram,Kanyakumari,Tamil Nadu,,8.1,77.5333,1,AC Type 1,,Operational,,https://www.zigwheels.com/electric-charging-station/Kanyakumari,approximate (town/road-level),Kanyakumari district
Marshal E-Tech Relux,Marshal E-Tech,"2-119/5, Mission Compound, Kottaram, Kanyakumari, 629703",Kottaram,Kanyakumari,Tamil Nadu,629703.0,8.1,77.5333,1,CCS (Type 2),,Operational,,https://www.zigwheels.com/electric-charging-station/Kanyakumari,approximate (town/road-level),Kanyakumari district
Ather-Marthandam,Ather Grid,"Natesh Bhavan, Brammanam Kattuvilai Veedu, Kanjiracode, Kanyakumari",Marthandam,Kanyakumari,Tamil Nadu,,8.3106,77.2181,1,AC Type 1,,Operational,,https://www.zigwheels.com/electric-charging-station/Kanyakumari,approximate (town/road-level),Kanyakumari district
Ather-Nagercoil,Ather Grid,"Tirunelveli Main Rd, Therakalputhoor, Kanyakumari",Nagercoil,Kanyakumari,Tamil Nadu,,8.178,77.434,1,AC Type 1,,Operational,,https://www.zigwheels.com/electric-charging-station/Kanyakumari,approximate (town/road-level),NH44 Nagercoil
"Nagercoil, Thovalai - Carnival City",Zeon Charging,"6GH5+7CP Thovalai, A-14 Nagercoil Bypass Four Lane Road, 629302",Nagercoil,Kanyakumari,Tamil Nadu,629302.0,8.2282125,77.5085781,2,CCS2 (DC),120 kW,Operational,,https://zeoncharging.com/ev-charging-nagercoil-thovalai-carnival-city-6gh5-7cp-thovalai-tamil-nadu-629302-india-629302,verified (site page),NH44 Nagercoil bypass
Ather-Y.M.A,Ather Grid,"Kurusady Vilakku, Mainroad Thovalai (Po), Aralvaimoli, Kanyakumari",Thovalai,Kanyakumari,Tamil Nadu,,8.2333,77.3167,1,AC Type 1,,Operational,,https://www.zigwheels.com/electric-charging-station/Kanyakumari,approximate (town/road-level),NH44 near Kanyakumari
Hotel Malar,Zeon Charging,"159, Madurai Main Road",Karaikudi,Karaikudi,Tamil Nadu,630001.0,10.07009,78.76079,1,CCS (Type 2),30.0,Operational,On request,https://www.evchargestation.in/ev-station/hotel-malar-karaikudi-tamil-nadu,verified (site page),Urban/City
Aravakurichi - Hotel Akshaya,Zeon Charging,"NH-44 bye pass, Salem-Madurai Rd, Ponnusamygoundar Puram, Aravakurichi, 639201",Aravakurichi,Karur,Tamil Nadu,639201.0,10.7760375,77.9196094,2,CCS2 (DC),120 kW,Operational,,https://zeoncharging.com/ev-charging-ponnusamygoundar-puram-aravakurichi-hotel-akshaya-nh-7-bye-pass-639201,verified (site page),NH44 Karur-Aravakurichi
11 to 11 Family Restaurant,GO EC (IN),"2, Manmangalam Semmadai, Karur Bypass",Karur,Karur,Tamil Nadu,639006.0,11.012148322555577,78.06795342843543,1,CCS (Type 2),25.0,Operational,25.5/kWh,https://www.evchargestation.in/ev-station/11-to-11-family-restaurant-karur-tamil-nadu,verified (site page),Urban/City
Karur - AKR Textile,Zeon Charging,"Karur, 639008",Karur,Karur,Tamil Nadu,639008.0,10.9638625,78.0480469,2,CCS2 (DC),60 kW,Operational,,https://zeoncharging.com/ev-charging-karur-akr-textile-karur-kongu-mess-covai-road-x27x-g6v-karur-tamil-nadu-india-639008,verified (site page),Karur city
Karur - Hotel Le Bond,Zeon Charging,"1, 3rd cross, Vaiyapuri Nagar, Gandhi Puram, Karur, 639002",Karur,Karur,Tamil Nadu,639002.0,10.9609875,78.0685156,2,Type 2 (AC),7 kW,Operational,,https://zeoncharging.com/ev-charging-karur-hotel-le-bond-x369-9cr-karur-tamil-nadu-india-639002,verified (site page),Karur city
Sri Venkateshwara Auto Fuels,Statiq (IN),Karur - Trichy Bypass,Karur,Karur,Tamil Nadu,639001.0,10.90851,78.10009,1,CCS (Type 2),30.0,Operational,On request,https://www.evchargestation.in/ev-station/sri-venkateshwara-auto-fuels-karur-tamil-nadu,verified (site page),Urban/City
Subbanna Hotel,Zeon Charging,"Madurai Bypass Road, Service Road, L G B Nagar",Karur,Karur,Tamil Nadu,639001.0,10.95773,78.06033,1,CCS (Type 2),60.0,Operational,26.49/kWh,https://www.evchargestation.in/ev-station/subbanna-hotel-karur-tamil-nadu,verified (site page),Urban/City
The True Saai Works Karur,Tata Power,"Salem Bypass Road, opposite Spring Field, Periya",Karur,Karur,Tamil Nadu,639002.0,10.97867,78.06428,1,CCS (Type 2),30.0,Operational,21/kWh,https://www.evchargestation.in/ev-station/the-true-saai-works-karur-karur-tamil-nadu,verified (site page),Urban/City
Kulithalai - Nimalan Food Court,Zeon Charging,"Trichy-Karur Main Road, Vadhiyam, 639105",Kulithalai,Karur,Tamil Nadu,639105.0,10.9518598,78.3902667,2,CCS2 (DC),120 kW,Operational,,https://zeoncharging.com/ev-charging-vadhiyam-kulithalai-nimalan-food-court-trichy-karur-main-road-639105,verified (site page),NH38/NH83 Trichy-Karur
Thennilai (Karur) - A2B,Zeon Charging,"Aravakurichi A2B building compound, Thennilai, 639206",Thennilai,Karur,Tamil Nadu,639206.0,10.9570715,77.8517344,2,CCS2 (DC),50 kW,Operational,,https://zeoncharging.com/ev-charging-thennilai-karur-a2b-aravakurichi-a2b-building-compound-639206,verified (site page),NH67 Karur-Aravakurichi
BPCL Manamadurai,Statiq (IN),"NH - 87, near Bus Stand, Kilangattur",ManaMadurai,Kilangattur,Tamil Nadu,630609.0,9.68846,78.44998,1,CCS (Type 2),30.0,Operational,On request,https://www.evchargestation.in/ev-station/bpcl-manamadurai-manamadurai-tamil-nadu,verified (site page),Urban/City
Annalakshmi Drive in,Unknown Operator,HRM Building 27/172 Donnington Road Johnstone Square,Kotagiri,Kotagiri,Tamil Nadu,643217.0,11.42336,76.86669,1,CCS (Type 2),15.0,Operational,On request,https://www.evchargestation.in/ev-station/annalakshmi-drive-in-kotagiri-tamil-nadu,verified (site page),Urban/City
Hosur - The Chennai Silks / A2B,Zeon Charging,"Hosur, 635126",Hosur,Krishnagiri,Tamil Nadu,635126.0,12.747173846676482,77.81028331163938,2,CCS2 (DC),60 kW,Operational,,https://zeoncharging.com/ev-charging-hosur-the-chennai-silks-a2b-hosur-635126,verified (site page),Chennai-Bangalore highway (NH44/NH48 Hosur)
Siri Motors,Statiq (IN),"S3 Plaza, Door No 3/61 Opp to Ashok Leyland Phase II, Eshwar Nagar Gandhinagar",Hosur,Krishnagiri,Tamil Nadu,635109.0,12.71462,77.88475,1,CCS (Type 2),60.0,Operational,14.99/kWh,https://www.evchargestation.in/ev-station/siri-motors-hosur-tamil-nadu,verified (site page),Urban/City
HPCL Shoolagiri,Relux Electric (India),"NH 44, Shoolagiri",Krishnagiri,Krishnagiri,Tamil Nadu,637115.0,12.6667009,78.00280462,1,CCS (Type 2),30.0,Operational,Rs.24/-,https://www.evchargestation.in/ev-station/hpcl-shoolagiri-krishnagiri-tamil-nadu,verified (site page),Urban/City
Hotel Saravanaa Bavaa,Chargezone (India),NH - 44,Krishnagiri,Krishnagiri,Tamil Nadu,635115.0,12.589202811747697,78.14394723142271,1,CCS (Type 2),120.0,Operational,21/kWh,https://www.evchargestation.in/ev-station/hotel-saravanaa-bavaa-krishnagiri-tamil-nadu,verified (site page),Urban/City
Hotel Saravanaa Bhava,Chargezone (India),"Next to Tollgate, Opp to IOC Petrol Bunk, Krishnagiri to Bangalore Highway",Krishnagiri,Krishnagiri,Tamil Nadu,635121.0,12.57037,78.17235,1,CCS (Type 2),120.0,Operational,21/kWh,https://www.evchargestation.in/ev-station/hotel-saravanaa-bhava-krishnagiri-tamil-nadu,verified (site page),Urban/City
"Krishnagiri - KFC, Burger King, Saravana Bhavan, McDonalds",Zeon Charging,"Bangalore Highway, Polupalli, 635115",Krishnagiri,Krishnagiri,Tamil Nadu,635115.0,12.5820379,78.1570993,3,CCS2 (DC),50-60 kW,Operational,,https://zeoncharging.com/ev-charging-krishnagiri-kfc-burger-king-saravana-bhavan-mcdonalds-zeon-charging-station-bangalore-highway-polupalli-tamil-nadu-i,verified (site page),NH44 Chennai-Bangalore highway
Sree Saravana Bhavan Veg. Treat,Zeon Charging,"Hotel Surya Complex NH - 44, Polupalli",Krishnagiri,Krishnagiri,Tamil Nadu,635115.0,12.5819,78.15707,1,CCS (Type 2),60.0,Operational,On request,https://www.evchargestation.in/ev-station/sree-saravana-bhavan-veg-treat-krishnagiri-tamil-nadu,verified (site page),Urban/City
Jio BP Hosur - 2,JIO BP Pulse (India),"Survey No 322/1B & 2B & 3B Sappadi, Hosur - Krishnagiri Road",Nallaganakothapalli,Krishnagiri,Tamil Nadu,635117.0,12.67108,77.97997,1,CCS (Type 2),60.0,Operational,20/kWh,https://www.evchargestation.in/ev-station/jio-bp-hosur-2-nallaganakothapalli-tamil-nadu,verified (site page),Urban/City
Shoolagiri - D Square Mall,Zeon Charging,"Shoolagiri, 635117",Shoolagiri,Krishnagiri,Tamil Nadu,635117.0,12.6461084,78.0472811,1,CCS2 (DC),50 kW,Operational,,https://zeoncharging.com/ev-charging-shoolagiri-d-square-mall-zeon-charging-station-shoolagiri-tamil-nadu-635117-india-635117,verified (site page),NH44 Chennai-Bangalore highway
Saravana Bhavan Classic,Statiq (IN),"NH - 44, near Krishnagiri",Sikkarimedu,Krishnagiri,Tamil Nadu,635115.0,12.58858,78.14646,1,CCS (Type 2),60.0,Operational,14.99/kWh,https://www.evchargestation.in/ev-station/saravana-bhavan-classic-sikkarimedu-tamil-nadu,verified (site page),Urban/City
Cafe Coffee Day,Chargezone (India),Ground Floor No 161-1A Kuthampakkam Village,Chennai,Kuthampakkam,Tamil Nadu,635804.0,12.888168188363297,78.87963197158584,5,CCS (Type 2),360.0,Operational,On request,https://www.evchargestation.in/ev-station/cafe-coffee-day-chennai-tamil-nadu,verified (site page),Urban/City
Alampatti - Hotel Temple City,Zeon Charging,"QWQV+745 Katram Patti, Thirumangalam-Rajapalayam NH Road, T Pudupatti, 625704",Alampatti,Madurai,Tamil Nadu,625704.0,9.7881375,77.9428594,2,CCS2 (DC),120 kW,Operational,,https://zeoncharging.com/ev-charging-katram-patti-alampatti-hotel-temple-city-qwqv-745-katram-patti-tamil-nadu-india-625704,verified (site page),NH44 Madurai-Rajapalayam
Ayyankottai - Temple City Xpress,Zeon Charging,"Bangalore Highway 298 Service Rd, Near Ayyanar Temple, NH7 19th Km, Madurai, 625221",Ayyankottai,Madurai,Tamil Nadu,625221.0,10.0345375,78.0132656,2,CCS2 (DC),120 kW,Operational,,https://zeoncharging.com/ev-charging-ayyankottai-temple-city-xpress-22m7-r86-ayyankottai-tamil-nadu-india-625221,verified (site page),NH7 Madurai
Amika Hotel Madurai,Unknown Operator,"269/1D1, NH - 38, Avaniyapuram",Madurai,Madurai,Tamil Nadu,625012.0,9.86373,78.12427,1,CCS (Type 2),30.0,Operational,On request,https://www.evchargestation.in/ev-station/amika-hotel-madurai-madurai-tamil-nadu,verified (site page),Urban/City
Ather-Hotel Temple City (Melur Main Rd),Ather Grid,"Melur Main Rd, Uthangudi, Madurai",Madurai,Madurai,Tamil Nadu,,9.8827,78.0873,1,AC Type 1,,Operational,,https://www.meraev.com/charging-stations-in/madurai,approximate (town/road-level),Madurai-Virudhunagar/Melur
Ather-Mandeep Marble And Stones,Ather Grid,"Nr. Toll Gate No.5, Ring Road, Madurai-22, NH38",Madurai,Madurai,Tamil Nadu,625022.0,9.9252,78.1198,1,AC Type 1,,Operational,,https://www.meraev.com/charging-stations-in/madurai,approximate (town/road-level),NH38 Madurai Ring Road
Ather-Mug & Beans Charging Station,Ather Grid,"Moolakarai, 61/1, Madurai-Thirumangalam Rd, Pasumalai, Madurai",Madurai,Madurai,Tamil Nadu,,9.8971,78.0876,1,AC Type 1,,Operational,,https://www.meraev.com/charging-stations-in/madurai,approximate (town/road-level),NH44 Madurai-Virudhunagar
Ever Power Charging Station,Unknown Operator,"NH - 44, near Anna University, Kilakuyilkudi",Madurai,Madurai,Tamil Nadu,625006.0,9.9017,78.04536,1,CCS (Type 2),25.0,Operational,On request,https://www.evchargestation.in/ev-station/ever-power-charging-station-madurai-tamil-nadu,verified (site page),Urban/City
Grand Madurai by GRT Hotels,Zeon Charging,"79/1A1, Madurai - Thoothukudi Highway, Chinthamani",Madurai,Madurai,Tamil Nadu,625009.0,9.885731968730877,78.14862818711826,1,CCS (Type 2),60.0,Operational,On request,https://www.evchargestation.in/ev-station/grand-madurai-by-grt-hotels-madurai-tamil-nadu,verified (site page),Urban/City
JC Residency Madurai,Zeon Charging,"14, Lady Doak College Road, Chinna Chokikulam",Madurai,Madurai,Tamil Nadu,625002.0,9.9371685988613,78.13268945175275,1,CCS (Type 2),50.0,Operational,21.9/kWh,https://www.evchargestation.in/ev-station/jc-residency-madurai-madurai-tamil-nadu,verified (site page),Urban/City
Jasmine Filling Station,Statiq (IN),"NH - 38, Mandela Nagar",Madurai,Madurai,Tamil Nadu,625022.0,9.84111,78.10481,1,CCS (Type 2),30.0,Operational,14.99/kWh,https://www.evchargestation.in/ev-station/jasmine-filling-station-madurai-tamil-nadu,verified (site page),Urban/City
Kaveri Auto Garage Madurai,Tata Power,"Survey No 146/2C1 148/1A 149/1B2A, Paravai",Madurai,Madurai,Tamil Nadu,625402.0,9.96434,78.06483,1,CCS (Type 2),30.0,Operational,21/kWh,https://www.evchargestation.in/ev-station/kaveri-auto-garage-madurai-madurai-tamil-nadu,verified (site page),Urban/City
Madurai - Grand Madurai by GRT Hotels,Zeon Charging,"79/1A1, Tuticorin Ring Road, Chinthamani, Madurai, 625009",Madurai,Madurai,Tamil Nadu,625009.0,9.8863875,78.1488281,2,CCS2 (DC),120 kW,Operational,,https://zeoncharging.com/ev-charging-madurai-chinthamani-grand-madurai-by-grt-hotels-v4px-hg4-chinthamani-tamil-nadu-india-625009,verified (site page),Madurai (in-city)
Madurai - JC Residency,Zeon Charging,"Laday Doak College Road, Madurai, 625002",Madurai,Madurai,Tamil Nadu,625002.0,9.937708869091516,78.1324534527439,1,CCS2 (DC),50 kW,Operational,,https://zeoncharging.com/ev-charging-madurai-jc-residency-laday-doak-college-road-625002,verified (site page),Madurai (in-city)
Madurai - Poppys Hotel,Zeon Charging,"122, Airport-Mattuthavani Ring Rd, Madurai, 625107",Madurai,Madurai,Tamil Nadu,625107.0,9.9460875,78.1652344,2,CCS2 (DC),120 kW,Operational,,https://zeoncharging.com/ev-charging-madurai-poppys-hotel-w5w8-c3q-madurai-tamil-nadu-india-625107,verified (site page),Madurai (in-city)
Madurai - Regency by GRT Hotels,Zeon Charging,"Pasumpon Nagar, Madurai, 625003",Madurai,Madurai,Tamil Nadu,625003.0,9.904648194420847,78.09658634662703,1,CCS2 (DC),24 kW,Operational,,https://zeoncharging.com/ev-charging-madurai-regency-by-grt-hotels-pasumpon-nagar-625003,verified (site page),Madurai (in-city)
Madurai - Temple City Keeladi,Zeon Charging,"NH-87 Madurai-Rameswaram Highway, Silaiman, 625201",Madurai,Madurai,Tamil Nadu,625201.0,9.8725875,78.1814531,2,CCS2 (DC),120 kW,Operational,,https://zeoncharging.com/ev-charging-madurai-temple-city-keeladi-v5fj-2hp-silaiman-tamil-nadu-india-625201,verified (site page),NH87 Madurai-Rameswaram
Madurai - Velammal Hospital Parking 1,Zeon Charging,"Velammal Village, Airport-Mattuthavani Ring Rd, Chinthamani, Madurai, 625009",Madurai,Madurai,Tamil Nadu,625009.0,9.8861875,78.1506094,3,"Type 2 (AC), CCS2 (DC)",7-24 kW,Operational,,https://zeoncharging.com/ev-charging-madurai-parking-1-velammal-hospital-and-medical-college-v5p2-f6h-chinthamani-tamil-nadu-india-625009,verified (site page),Madurai (in-city)
Madurai - Velammal Hospital Parking 2,Zeon Charging,"Velammal Village, Airport-Mattuthavani Ring Rd, Chinthamani, Madurai, 625009",Madurai,Madurai,Tamil Nadu,625009.0,9.8862625,78.1512969,3,"Type 2 (AC), CCS2 (DC)",7-60 kW,Operational,,https://zeoncharging.com/ev-charging-madurai-parking-2-velammal-hospital-and-medical-college-v5p2-gg3-chinthamani-tamil-nadu-india-625009,verified (site page),Madurai (in-city)
Regency Madurai by GRT Hotels,Zeon Charging,"38, Madakulam Main Rd, Vinayai Nagar",Madurai,Madurai,Tamil Nadu,625003.0,9.9049121240053,78.09660199741175,1,CCS (Type 2),24.0,Operational,On request,https://www.evchargestation.in/ev-station/regency-madurai-by-grt-hotels-madurai-tamil-nadu,verified (site page),Urban/City
Tucker Motors Private Limited,Unknown Operator,"190/3, Manika Vasakar Street, near Lakshmi Stores",Madurai,Madurai,Tamil Nadu,625003.0,9.91161,78.09279,1,CCS (Type 2),30.0,Operational,On request,https://www.evchargestation.in/ev-station/tucker-motors-private-limited-madurai-tamil-nadu,verified (site page),Urban/City
Velammal Hospital and Medical College Parking - 1,Zeon Charging,"Velammal Village, Madurai - Tuticorin Highway, Chinthamani",Madurai,Madurai,Tamil Nadu,625009.0,9.886238411475286,78.15058162707278,1,"CCS (Type 2), Type 2 (Tethered)",24.0,Operational,On request,https://www.evchargestation.in/ev-station/velammal-hospital-and-medical-college-parking-1-madurai-tamil-nadu,verified (site page),Urban/City
Velammal Hospital and Medical College Parking - 2,Zeon Charging,"Velammal Village, Madurai - Tuticorin Highway, Chinthamani",Madurai,Madurai,Tamil Nadu,625009.0,9.886214390792745,78.15132219132656,1,"CCS (Type 2), Type 2 (Tethered)",30.0,Operational,On request,https://www.evchargestation.in/ev-station/velammal-hospital-and-medical-college-parking-2-madurai-tamil-nadu,verified (site page),Urban/City
Ather-Temple City (Melur Town Junction),Ather Grid,"Tiruchi-Madurai Bypass, Melur Town Junction, Melur, Madurai",Melur,Madurai,Tamil Nadu,,10.0392,78.3406,1,AC Type 1,,Operational,,https://www.meraev.com/charging-stations-in/madurai,approximate (town/road-level),NH36 Trichy-Madurai
Melur - Zeon X A.N Energy Solutions,Zeon Charging,"Navinipatti, 625106",Melur,Madurai,Tamil Nadu,625106.0,10.0487625,78.3492344,4,CCS2 (DC),60 kW,Operational,,https://zeoncharging.com/ev-charging-melur-madurai-zeon-x-a-n-energy-solutions-28xx-jpx-navinipatti-tamil-nadu-india-625106,verified (site page),NH36 Trichy-Madurai near Melur
Zeon Charging - Hotel Temple City (Sivarakottai),Zeon Charging,"NH44, Madurai to Virudhunagar Highways, Melanesaneri, Sivarakottai, Madurai",Sivarakottai,Madurai,Tamil Nadu,,9.7758,77.9636,1,CCS (Type 2),,Operational,,https://www.meraev.com/charging-stations-in/madurai,approximate (town/road-level),NH44 Madurai-Virudhunagar
OM MADURAI SARAVANA BHAVAN,Unknown Operator,"Tuticorin Madurai Road, near Toll Plaza Eliyarpathi",Thangalacheri,Madurai,Tamil Nadu,625022.0,9.78446,78.094274,1,CCS (Type 2),30.0,Operational,On request,https://www.evchargestation.in/ev-station/om-madurai-saravana-bhavan-thangalacheri-tamil-nadu,verified (site page),Urban/City
Virudhunagar - ChargeZone,Chargezone (India),"Survey No 82/9A2-12A, NH7, Virudhunagar Road, Thoppur, Thirupparankundram, Madurai",Thirupparankundram,Madurai,Tamil Nadu,,9.8422,78.0453,1,AC Type 1,,Operational,,https://www.meraev.com/charging-stations-in/madurai,approximate (town/road-level),NH7/NH44 Madurai-Virudhunagar
Ather-Hotel Temple City (NH44 Tirumangalam),Ather Grid,"NH44, Madurai-Virudhunagar Highways, Tirumangalam, Madurai",Tirumangalam,Madurai,Tamil Nadu,,9.8236,77.9911,1,AC Type 1,,Operational,,https://www.meraev.com/charging-stations-in/madurai,approximate (town/road-level),NH44 Madurai-Virudhunagar
Tirumangalam - Hotel Temple City,Zeon Charging,"Highways, Melanesaneri, Madurai, 625706",Tirumangalam,Madurai,Tamil Nadu,625706.0,9.7593372,77.9792031,3,CCS2 (DC),50-60 kW,Operational,,https://zeoncharging.com/ev-charging-tirumangalam-hotel-temple-city-zeon-charging-station-highways-melanesaneri-madurai-tamil-nadu-625706-india-625706,verified (site page),NH44 Madurai-Rajapalayam
Veepees Bistro And Cafe,Unknown Operator,"112, Venkatasamuthiram, Usilampetti Road, Tirumangalam, 626706",Tirumangalam,Madurai,Tamil Nadu,626706.0,9.8236,77.9911,1,CCS (Type 2),,Operational,,https://www.meraev.com/charging-stations-in/chennai,approximate (town/road-level),NH44 Madurai-Virudhunagar
Usilampatti - PVR Tyres Nakkalapatti,Zeon Charging,"Nakkalapatti, Usilampatti, 625532",Usilampatti,Madurai,Tamil Nadu,625532.0,9.9687,77.7733,1,16A (AC),3.3 kW,Operational,,https://zeoncharging.com/ev-charging-usilampatti-pvr-tyres-nakkalapatti-usilampatti-tamil-nadu-india-625532,verified (site page),Madurai-Usilampatti road
Vadippatti - Hotel Temple City,Zeon Charging,"3XHH+X4 Thathampatti, NH44, Chellakulam, 625218",Vadippatti,Madurai,Tamil Nadu,625218.0,10.0799375,77.9778125,3,CCS2 (DC),50-60 kW,Operational,,https://zeoncharging.com/ev-charging-vadippatti-hotel-temple-city-3xhh-x4-thathampatti-tamil-nadu-india-625218,verified (site page),NH44 Madurai-Rajapalayam
Dr. MGR University,Relux Electric (India),"Poonamallee High Rd, Vishwas Nagar, Maduravoyal",Chennai,Maduravoyal,Tamil Nadu,600095.0,13.06959746,80.1779609,1,CCS (Type 2),30.0,Operational,Rs.22/-,https://www.evchargestation.in/ev-station/dr-mgr-university-chennai-tamil-nadu,verified (site page),Urban/City
Dr. MGR University Maduravoyal,Relux Electric (India),"Poonamallee High Rd, Vishwas Nagar",Maduravoyal,Maduravoyal,Tamil Nadu,600095.0,13.06959746,80.1779609,1,CCS (Type 2),30.0,Operational,On request,https://www.evchargestation.in/ev-station/dr-mgr-university-maduravoyal-chennai-tamil-nadu,verified (site page),Urban/City
Thirukadaiyur - Hotel Mookambigai Residency,Zeon Charging,"3RH2+G9F Thirukadaiyur Main Road, Tharangambadi Taluk, 609311",Thirukadaiyur,Mayiladuthurai,Tamil Nadu,609311.0,11.0788125,79.8009219,2,CCS2 (DC),up to 120 kW,Operational,,https://zeoncharging.com/ev-charging-thirukadaiyur-hotel-mookambigai-residency-3rh2-g9f-thirukadaiyur-tamil-nadu-india-609311,verified (site page),ECR Mayiladuthurai-Tharangambadi
Adyar Ananda Bhavan Mettupalayam,Statiq (IN),Ooty-Conoor Road,Mettupalayam,Mettupalayam,Tamil Nadu,641305.0,11.32163,76.9161,1,CCS (Type 2),60.0,Operational,24/kWh,https://www.evchargestation.in/ev-station/adyar-ananda-bhavan-mettupalayam-tamil-nadu,verified (site page),Urban/City
Welcome Heritage Ayatana Ooty,Zeon Charging,"Athigaratty, Ooty",Ooty,Muttinadu,Tamil Nadu,643003.0,11.33652,76.71073,1,Type 2 (Tethered Connector),22.0,Operational,19.5/kWh,https://www.evchargestation.in/ev-station/welcome-heritage-ayatana-ooty-muttinadu-tamil-nadu,verified (site page),Urban/City
IOCL - Sri Balaji,IOCL,"No 118/8B2, Thirukuvalai, Melapitagai Salai, Melavazhakarai, Nagapattinam",Nagapattinam,Nagapattinam,Tamil Nadu,,10.7672,79.8449,2,AC Type 2,,Operational,,https://www.zigwheels.com/electric-charging-station/Nagapattinam,approximate (town/road-level),ECR Nagapattinam
Adyar Ananda Bhavan Thennilai,Unknown Operator,"SF.No.144, NH - 67, Opp Toll Gate",Thennilai,Nagapattinam,Tamil Nadu,639206.0,10.95696,77.85174,1,CCS (Type 2),30.0,Operational,On request,https://www.evchargestation.in/ev-station/adyar-ananda-bhavan-thennilai-tamil-nadu,verified (site page),Urban/City
Velankanni - Hotel Golden Sand,Zeon Charging,"MRMW+2X Velankanni, Church Main Rd, 611111",Velankanni,Nagapattinam,Tamil Nadu,611111.0,10.6825625,79.8474375,2,CCS2 (DC),24-30 kW,Operational,,https://zeoncharging.com/ev-charging-velankanni-hotel-golden-sand-mrmw-2x-velankanni-tamil-nadu-india-611111,verified (site page),ECR Nagapattinam-Velankanni
Aras Kia Nagarai,Tata Power,"No 63/6A1B, TV Nallur",Nagari,Nagari,Tamil Nadu,625221.0,10.0124,78.01737,1,CCS (Type 2),75.0,Operational,21/kWh,https://www.evchargestation.in/ev-station/aras-kia-nagarai-nagari-tamil-nadu,verified (site page),Urban/City
Kolli Hills - Silverline Retreat Hotel,Zeon Charging,"Sandel Rock, Vazhavandhanadu, Ariyurnadu, 637411",Kolli Hills,Namakkal,Tamil Nadu,637411.0,11.2858125,78.3593125,2,Type 2 (AC),7 kW,Operational,,https://zeoncharging.com/ev-charging-kolli-hills-silverline-retreat-hotel-79p5-8p-ariyurnadu-tamil-nadu-india-637411,verified (site page),Kolli Hills (Namakkal district hill route)
Coastal Grand Hotel,Tata Power,"1/134, Ayyampalayam, Nallipalayam",Namakkal,Namakkal,Tamil Nadu,637003.0,11.23999,78.14177,1,CCS (Type 2),30.0,Operational,21/kWh,https://www.evchargestation.in/ev-station/coastal-grand-hotel-namakkal-tamil-nadu,verified (site page),Urban/City
Jio-BP Namakkal,JIO BP Pulse (India),"Survey No 88/2B2, NH - 44, Pappaniackanpatti",Namakkal,Namakkal,Tamil Nadu,637003.0,11.27967,78.16411,1,CCS (Type 2),30.0,Operational,On request,https://www.evchargestation.in/ev-station/jio-bp-namakkal-namakkal-tamil-nadu,verified (site page),Urban/City
Namakkal - Jaya Palace,Zeon Charging,"Pappinayakkanpatti, 637003",Namakkal,Namakkal,Tamil Nadu,637003.0,11.2774875,78.1638906,2,CCS2 (DC),120 kW,Operational,,https://zeoncharging.com/ev-charging-namakkal-jaya-palace-75g7-xhr-pappinayakkanpatti-tamil-nadu-india-637003,verified (site page),Namakkal town
Sri Nathi Restaurant Paramathi,Unknown Operator,"Bus Stop, NH - 44, Karur - Namakkal Highway",Paramathi,Namakkal,Tamil Nadu,637207.0,11.17039,78.03892,1,CCS (Type 2),25.0,Operational,On request,https://www.evchargestation.in/ev-station/sri-nathi-restaurant-paramathi-tamil-nadu,verified (site page),Urban/City
Rasipuram - A2B,Zeon Charging,"Salem-Madurai Rd, Athanur, 637401",Rasipuram,Namakkal,Tamil Nadu,637401.0,11.4924248,78.1536357,2,CCS2 (DC),120 kW,Operational,,https://zeoncharging.com/ev-charging-rasipuram-a2b-zeon-charging-station-salem-madurai-rd-athanur-tamil-nadu-637401-india-637401,verified (site page),Salem-Madurai road (Rasipuram)
Adyar Ananda Bhavan Navakkarai,Zeon Charging,No.2 Mahendra Medu Palakkad - Coimbatore Road,Navakkarai,Navakkarai,Tamil Nadu,641105.0,10.85592,76.86251,1,CCS (Type 2),60.0,Operational,On request,https://www.evchargestation.in/ev-station/adyar-ananda-bhavan-navakkarai-navakkarai-tamil-nadu,verified (site page),Urban/City
Sasthapuri Hotels,Unknown Operator,"9/4 H5, Mysore Ooty Highway, R G Puram",Gudalur,Nilgiri,Tamil Nadu,643212.0,11.49862,76.49398,1,CCS (Type 2),30.0,Operational,On request,https://www.evchargestation.in/ev-station/sasthapuri-hotels-gudalur-tamil-nadu,verified (site page),Urban/City
Lakshmi Retreat,Zeon Charging,Rangiem House 14/51 Club Road,Kotagiri,Nilgiri,Tamil Nadu,643217.0,11.42998,76.86711,1,Type 2 (Tethered Connector),7.4,Operational,21.90/kWh,https://www.evchargestation.in/ev-station/lakshmi-retreat-kotagiri-tamil-nadu,verified (site page),Urban/City
Jio BP Pulse - Mettupalayam,JIO BP Pulse (India),Survey No 720/1A SH 31 Karamadai Kuttaiyur,Mettupalayam,Nilgiri,Tamil Nadu,641301.0,11.27928,76.94778,1,CCS (Type 2),60.0,Operational,20/kWh,https://www.evchargestation.in/ev-station/jio-bp-pulse-mettupalayam-mettupalayam-tamil-nadu,verified (site page),Urban/City
Deccan Park Resort,Zeon Charging,"Theetukal post, Fern Hill, West Mere",Ooty,Nilgiri,Tamil Nadu,643004.0,11.39974,76.66623,1,Type 2 (Tethered Connector),7.4,Operational,On request,https://www.evchargestation.in/ev-station/deccan-park-resort-ooty-tamil-nadu,verified (site page),Urban/City
Sterling Ooty - Fern Hill,Tata Power,"No. 73, Kundah House Road, Fern Hill",Ooty,Nilgiri,Tamil Nadu,643004.0,11.39057,76.69866,1,CCS (Type 2),60.0,Operational,28/kWh,https://www.evchargestation.in/ev-station/sterling-ooty-fern-hill-ooty-tamil-nadu,verified (site page),Urban/City
Hotel Gem Park,Zeon Charging,"Sheddon Rd, Pudumund",Ooty,Nilgiris,Tamil Nadu,643001.0,11.42074,76.70407,2,"CCS (Type 2), Type 2 (Tethered)",24.0,Operational,22.5/kWh,https://www.evchargestation.in/ev-station/hotel-gem-park-ooty-tamil-nadu,verified (site page),Urban/City
Ooty - British Cliff Club Resort,Zeon Charging,"Mount Pleasant Road, Fern Hill, Ooty, 643001",Ooty,Nilgiris,Tamil Nadu,643001.0,11.3990121,76.7040776,1,Type 2 (AC),7.4 kW,Operational,,https://zeoncharging.com/ev-charging--ooty-british-cliff-club-resort-mount-pleasant-road-643001,verified (site page),Ooty
Ooty - Hotel Glanton Manor,Zeon Charging,"Charing Cross, Coonoor Rd, Stone House Area, Ooty, 643001",Ooty,Nilgiris,Tamil Nadu,643001.0,11.4110625,76.7112344,2,CCS2 (DC),120 kW,Operational,,https://zeoncharging.com/ev-charging-ooty-hotel-glanton-manor-cp66-cfh-ooty-tamil-nadu-india-643001,verified (site page),Ooty
Ooty - Ootacamund Club,Zeon Charging,"Tamilagam Road, Ooty, 643001",Ooty,Nilgiris,Tamil Nadu,643001.0,11.4141535,76.6965475,2,Type 2 (AC),22 kW,Operational,,https://zeoncharging.com/ev-charging-ooty-ootacamund-club-tamilagam-road-643001,verified (site page),Ooty
Ooty - Yantra Leisures,Zeon Charging,"Ooty, 643110",Ooty,Nilgiris,Tamil Nadu,643110.0,11.4236125,76.7043594,1,Type 2 (AC),7.4 kW,Operational,,https://zeoncharging.com/ev-charging-ooty-yantra-leisures-cpf3-cpx-ooty-tamil-nadu-india-643110,verified (site page),Ooty
Club Mahindra Resort - Derby Green Ooty,Zeon Charging,"29-49, Baikey Road, Off Ettines Road",Ooty,Ooty,Tamil Nadu,643001.0,11.4023,76.69714,1,Type 2 (Tethered Connector),22.0,Operational,"DC 22.9/kWh, AC 19.5/kWh",https://www.evchargestation.in/ev-station/club-mahindra-resort-derby-green-ooty-ooty-tamil-nadu,verified (site page),Urban/City
Savoy Ooty - IHCL SeleQtions,Tata Power,"77, Sylks Rd, Monterosa Colony",Ooty,Ooty,Tamil Nadu,643001.0,11.41494,76.69288,1,CCS (Type 2),50.0,Operational,21/kWh,https://www.evchargestation.in/ev-station/savoy-ooty-ihcl-seleqtions-ooty-tamil-nadu,verified (site page),Urban/City
Cosmopolitan Club,Relux Electric (India),"15 Madras Thiruvallur High Rd, Padi",Chennai,Padi,Tamil Nadu,600098.0,13.10080944,80.19059824,1,CCS (Type 2),30.0,Operational,Rs.22/-,https://www.evchargestation.in/ev-station/cosmopolitan-club-relux-electric-chennai-tamil-nadu,verified (site page),Urban/City
Saravana Stores - Padi,Relux Electric (India),"15 Madras Thiruvallur High Rd, Padi",Chennai,Padi,Tamil Nadu,600098.0,13.10080944,80.19059824,1,CCS (Type 2),60.0,Operational,Rs.22/-,https://www.evchargestation.in/ev-station/saravana-stores-padi-relux-electric-chennai-tamil-nadu,verified (site page),Urban/City
Hotel VPS Grand - Palani,Relux Electric (India),"23 Ayyampulli Road, Adivaram Rd, Giri Veethi",Palani,Palani,Tamil Nadu,624601.0,10.44303096,77.51617095,1,CCS (Type 2),49.0,Operational,Rs.18/-,https://www.evchargestation.in/ev-station/hotel-vps-grand-palani-palani-tamil-nadu,verified (site page),Urban/City
Hotel Eden Garden,Tata Power,NH - 44,Pandiarajapuram,Pandiarajapuram,Tamil Nadu,624201.0,10.11237,77.93769,1,CCS (Type 2),30.0,Operational,21/kWh,https://www.evchargestation.in/ev-station/hotel-eden-garden-pandiarajapuram-tamil-nadu,verified (site page),Urban/City
The Gateway Hotel Madurai,Tata Power,"No 40, Tirupparankunram Road, Pasumalai",Madurai,Pasumalai,Tamil Nadu,625004.0,9.89713,78.08755,1,CCS (Type 2),30.0,Operational,21/kWh,https://www.evchargestation.in/ev-station/the-gateway-hotel-madurai-madurai-tamil-nadu,verified (site page),Urban/City
Fairfield by Marriott Coimbatore,Chargezone (India),"2b, Airport Road, Peelamedu, Civil Aerodrome Post",Coimbatore,Peelamedu,Tamil Nadu,641014.0,11.03623,77.03736,1,CCS (Type 2),30.0,Operational,19/kWh,https://www.evchargestation.in/ev-station/fairfield-by-marriott-coimbatore-coimbatore-tamil-nadu,verified (site page),Urban/City
Ather-Kaveri Tata (Elambalur),Ather Grid,"375/7B1, NH Service Road, Trichy-Chennai Highway, Elambalur, Perambalur",Elambalur,Perambalur,Tamil Nadu,,11.24,78.87,1,AC Type 1,,Operational,,https://www.zigwheels.com/electric-charging-station/Perambalur,approximate (town/road-level),NH32 Chennai-Trichy
IOCL - R V Petroleum,IOCL,"S.No.196/9A2, Outer Bypass Rd, Elambalur, Perambalur",Elambalur,Perambalur,Tamil Nadu,,11.24,78.87,2,AC Type 2,,Operational,,https://www.zigwheels.com/electric-charging-station/Perambalur,approximate (town/road-level),NH32 Chennai-Trichy
Zeon Charging - Kalpady,Zeon Charging,"Trichy Chennai Highway, near Aswins Hotel, Erayasamuthram Village, Kalpadi, Perambalur",Kalpadi,Perambalur,Tamil Nadu,,11.2,78.8,2,CCS (Type 2),,Operational,,https://www.zigwheels.com/electric-charging-station/Perambalur,approximate (town/road-level),NH32 Chennai-Trichy
IOCL - Sri Arichandra Maharaja,IOCL,"Sy No 247/8, Keelaperambalur, Kunnam Kadur",Kunnam,Perambalur,Tamil Nadu,,11.15,78.85,2,AC Type 2,,Operational,,https://www.zigwheels.com/electric-charging-station/Perambalur,approximate (town/road-level),NH32 Chennai-Trichy
IOCL - Arun Agency,IOCL,"Sy No. 263/4C, Valikandapuram Village, Veppanthatti Taluk, Perambalur",Perambalur,Perambalur,Tamil Nadu,,11.25,78.75,2,AC Type 2,,Operational,,https://www.zigwheels.com/electric-charging-station/Perambalur,approximate (town/road-level),NH32 Chennai-Trichy
IOCL - Jai Sree Mahalakshmi,IOCL,"Sy.No.114/2A, Nannai East, Perambalur",Perambalur,Perambalur,Tamil Nadu,,11.2342,78.8807,2,AC Type 2,,Operational,,https://www.zigwheels.com/electric-charging-station/Perambalur,approximate (town/road-level),NH32 Chennai-Trichy
IOCL - Vpt Vignesh,IOCL,"S No 224/1B & 224/2B, Aranarai, Perambalur",Perambalur,Perambalur,Tamil Nadu,,11.2342,78.8807,2,AC Type 2,,Operational,,https://www.zigwheels.com/electric-charging-station/Perambalur,approximate (town/road-level),NH32 Chennai-Trichy
Perambalur - Aswins Veg Restaurant,Zeon Charging,"Kalpady Rd, NH45, Eraiyasamuthiram, 621113",Perambalur,Perambalur,Tamil Nadu,621113.0,11.206896718510398,78.88154774785042,3,CCS2 (DC),50-60 kW,Operational,,https://zeoncharging.com/ev-charging-perambalur-aswins-veg-restaurant-kalpady-road-621113,verified (site page),NH45 Trichy-Perambalur-Chennai
Veppur - Hotel Sri Anandhas,Zeon Charging,"Veppur, 606105",Veppur,Perambalur,Tamil Nadu,606105.0,11.5865625,79.1569219,1,CCS2 (DC),50 kW,Operational,,https://zeoncharging.com/ev-charging-veppur-hotel-sri-anandhas-veppur-tamil-nadu-india-606105,verified (site page),Perambalur-Veppur road
Sri Kongu Bakes,Zeon Charging,NH - 544 Bye Pass,Perundurai,Perundurai,Tamil Nadu,638052.0,11.28353,77.55823,1,"CCS (Type 2), IEC 60309 3-pin",30.0,Operational,On request,https://www.evchargestation.in/ev-station/sri-kongu-bakes-perundurai-tamil-nadu,verified (site page),Urban/City
Jacks Charging Station,Unknown Operator,"APK road, near police check post, Mandela Nagar",Madurai,Perungudi,Tamil Nadu,625022.0,9.84301,78.10406,1,CCS (Type 2),30.0,Operational,On request,https://www.evchargestation.in/ev-station/jacks-charging-station-madurai-tamil-nadu,verified (site page),Urban/City
Kaveri Garage Piratiyur,Zeon Charging,"No 27/5, Dindigul Main Road, Dheeran Nagar",Piratiyur,Piratiyur,Tamil Nadu,620009.0,10.79194,78.65714,1,CCS (Type 2),24.0,Operational,On request,https://www.evchargestation.in/ev-station/kaveri-garage-piratiyur-piratiyur-tamil-nadu,verified (site page),Urban/City
Ibex River Resort Pollachi,Zeon Charging,"Trichur Road, Thalanar Farms, Ambrampalam",Pollachi,Pollachi,Tamil Nadu,642001.0,10.64693,76.91992,1,Type 2 (Tethered Connector),7.4,Operational,21.90/kWh,https://www.evchargestation.in/ev-station/ibex-river-resort-pollachi-pollachi-tamil-nadu,verified (site page),Urban/City
Siva Selvi Charging Station,Relux Electric (India),"334/1A Servaikaranpalayam, Govindanoor",Pollachi,Pollachi,Tamil Nadu,642005.0,10.72709336,76.92989238,1,CCS (Type 2),49.0,Operational,Rs.24/-,https://www.evchargestation.in/ev-station/siva-selvi-charging-station-pollachi-tamil-nadu,verified (site page),Urban/City
IOCL - S M Agency,IOCL,"Survey No 381/2, Malaiyur, Karambakudi, Alangudi, Pudukkottai",Alangudi,Pudukkottai,Tamil Nadu,,10.3667,79.0333,2,AC Type 2,,Operational,,https://www.zigwheels.com/electric-charging-station/Pudukkottai,approximate (town/road-level),Pudukkottai district
IOCL - Sugan Tradings,IOCL,"No 294/3A, Rasanayakkanpatti, Viralimalai, Poyyamani, Pudukkottai",Viralimalai,Pudukkottai,Tamil Nadu,,10.6244,78.5632,2,AC Type 2,,Operational,,https://www.zigwheels.com/electric-charging-station/Pudukkottai,approximate (town/road-level),NH36/NH38 Trichy-Ramnad
VASAN Charging Station,Relux Electric (India),"36R Mandaiyur, Pudukottai",Pudukottai,Pudukottai,Tamil Nadu,622515.0,10.65218943,78.7421418,1,CCS (Type 2),30.0,Operational,Rs.22/-,https://www.evchargestation.in/ev-station/vasan-charging-station-tamil-nadu,verified (site page),Urban/City
Paramakudi - Sri Meenakshi Bavan,Zeon Charging,"Kochi-Madurai-Dhanushkodi Rd, Kamuthakudi, 623701",Paramakudi,Ramanathapuram,Tamil Nadu,623701.0,9.5703875,78.5387344,2,CCS2 (DC),120 kW,Operational,,https://zeoncharging.com/ev-charging-kamutnakudi-paramakudi-sri-meenakshi-bavan-hgcq-5f5-kamuthakudi-tamil-nadu-india-623701,verified (site page),NH87 Madurai-Rameswaram
Anish Complex,Unknown Operator,"Anish Complex, Shop no 4, ECR, Ramanathapuram",Ramanathapuram,Ramanathapuram,Tamil Nadu,,9.3639,78.8395,1,AC Type 1,,Operational,,https://www.zigwheels.com/electric-charging-station/Ramanathapuram,approximate (town/road-level),ECR/NH87 Ramanathapuram
Bheemas Nalabagam,Zeon Charging,"Madurai Mandapam Highway, Bharathi Nagar, Sakkarakottai",Ramanathapuram,Ramanathapuram,Tamil Nadu,623503.0,9.36109,78.84638,2,Type 2 (Tethered Connector),22.0,Operational,21.90/kWh,https://www.evchargestation.in/ev-station/bheemas-nalabagam-ramanathapuram-tamil-nadu,verified (site page),Urban/City
Chima Cars,Tata Power,"No 2/211, Madurai Road, Kooriyur",Ramanathapuram,Ramanathapuram,Tamil Nadu,623502.0,9.36718,78.8099,1,CCS (Type 2),25.0,Operational,21/kWh,https://www.evchargestation.in/ev-station/chima-cars-ramanathapuram-tamil-nadu,verified (site page),Urban/City
HPCL - M.S.,HPCL,"GWR7 RVM, South St, Thiruppalaikkudi, Ramanathapuram",Ramanathapuram,Ramanathapuram,Tamil Nadu,,9.3639,78.8395,1,AC Type 2,,Operational,,https://www.zigwheels.com/electric-charging-station/Ramanathapuram,approximate (town/road-level),NH87 Ramanathapuram
HPCL - Sri Mahalinga,HPCL,"No 266, 5, Soliyakkudi, Ramanathapuram",Ramanathapuram,Ramanathapuram,Tamil Nadu,,9.3639,78.8395,1,AC Type 2,,Operational,,https://www.zigwheels.com/electric-charging-station/Ramanathapuram,approximate (town/road-level),NH87 Ramanathapuram
Hotel Coral Residency,Zeon Charging,"No 27, Ayyasamy Club North Street, Railway Feeder Road",Ramanathapuram,Ramanathapuram,Tamil Nadu,623501.0,9.35954,78.83801,1,Type 2 (Tethered Connector),7.4,Operational,On request,https://www.evchargestation.in/ev-station/hotel-coral-residency-ramanathapuram-tamil-nadu,verified (site page),Urban/City
KSN Charging Station,Relux Electric (India),"ECR junction, Devipattnam Road",Ramanathapuram,Ramanathapuram,Tamil Nadu,623503.0,9.357267832,78.87360869,1,CCS (Type 2),35.0,Operational,Rs.24/-,https://www.evchargestation.in/ev-station/ksn-charging-station-ramanathapuram-tamil-nadu,verified (site page),Urban/City
KSN Charging Station (Kadampa Nagar),Unknown Operator,"Kadampa Nagar, Ramanathapuram",Ramanathapuram,Ramanathapuram,Tamil Nadu,,9.3639,78.8395,1,AC Type 2 (Level 2),,Operational,,https://www.zigwheels.com/electric-charging-station/Ramanathapuram,approximate (town/road-level),Ramanathapuram city
MDS Bakery,Unknown Operator,"East Coast Road, Chalai Bazar",Ramanathapuram,Ramanathapuram,Tamil Nadu,623504.0,9.3909,78.8514,1,CCS (Type 2),30.0,Operational,On request,https://www.evchargestation.in/ev-station/mds-bakery-ramanathapuram-tamil-nadu,verified (site page),Urban/City
SRM Eshwari College,Unknown Operator,Bharathi Salai,Ramapuram,Ramapuram,Tamil Nadu,600089.0,13.0352312108773,80.19546897036247,1,Type 2 (Tethered Connector),7.2,Operational,15/kWh,https://www.evchargestation.in/ev-station/srm-eshwari-college-ramapuram-chennai-tamil-nadu,verified (site page),Urban/City
Tucker Rameswaram,Unknown Operator,"Santhiya Nagar, near Green Leaf Resort",Rameshwaram,Rameshwaram,Tamil Nadu,623526.0,9.28616,79.27707,1,CCS (Type 2),25.0,Operational,On request,https://www.evchargestation.in/ev-station/tucker-rameswaram-rameshwaram-tamil-nadu,verified (site page),Urban/City
Hotel Star palace,Zeon Charging,"14/69 E1, NH - 87",Rameswaram,Rameswaram,Tamil Nadu,623526.0,9.28468,79.29506,1,Type 2 (Tethered Connector),22.0,Operational,On request,https://www.evchargestation.in/ev-station/hotel-star-palace-rameswaram-tamil-nadu,verified (site page),Urban/City
LAVATO - A Premium Lounge,Statiq (IN),"Survey No: 20/5B2B, Pillnayakuppam Post, NH44, Bandarapalli Village",Junjupalli,Ranipet,Tamil Nadu,635115.0,12.57339,78.16922,1,CCS (Type 2),30.0,Operational,18.99/kWh,https://www.evchargestation.in/ev-station/lavato-a-premium-lounge-junjupalli-tamil-nadu,verified (site page),Urban/City
IOCL - Yogi Agency,IOCL,"S No 99/2, Kariyakudal, Nemili, Ranipet Attupakkam, Vellore",Ranipet,Ranipet,Tamil Nadu,,12.9249,79.3308,2,AC Type 2,,Operational,,https://www.zigwheels.com/electric-charging-station/Vellore,approximate (town/road-level),NH48 Chennai-Bangalore
IOCL - Sri Mahadhev,IOCL,"S No 116/3A2, Nirmullikuttai, Anuppur, Salem",Anuppur,Salem,Tamil Nadu,,11.75,78.1,1,AC Type 2,,Operational,,https://www.zigwheels.com/electric-charging-station/Salem,approximate (town/road-level),Salem outskirts
"Attur - A2B, KFC, Junior Kuppanna",Zeon Charging,"Thulukkanur, Attur, 637103",Attur,Salem,Tamil Nadu,637103.0,11.5957,78.6021,3,CCS2 (DC),60-120 kW,Operational,,https://zeoncharging.com/ev-charging-attur-a2b-kfc-junior-kuppanna-hjrg-rv5-thulukkanur-tamil-nadu-india-637103,approximate (town-level),Salem-Attur-Trichy road
Zeon - Thulukkanur,Zeon Charging,"82/6A2, Thulukkanur, Cuddalore main road, Attur, Salem",Attur,Salem,Tamil Nadu,,11.5957,78.5989,4,CCS (Type 2),,Operational,,https://www.zigwheels.com/electric-charging-station/Salem,approximate (town/road-level),Cuddalore main road (Attur)
HPCL - Sri Vinayaga,HPCL,"P88M HR9, Ayothiyapattinam-Belur-Thumbal Main Rd, Poosaripatti, Salem",Ayothiyapattinam,Salem,Tamil Nadu,,11.72,78.18,1,AC Type 2,,Operational,,https://www.zigwheels.com/electric-charging-station/Salem,approximate (town/road-level),Salem outskirts
IOCL - Saf,IOCL,"Sy No 186/4A5, Avadatthur, Mettur, Adaiyur, Salem",Mettur,Salem,Tamil Nadu,,11.7833,77.8,2,AC Type 2,,Operational,,https://www.zigwheels.com/electric-charging-station/Salem,approximate (town/road-level),Mettur Dam Road
IOCL - Vsk,IOCL,"No 713/1, Thuraiyur, Mettur Dam South, Sobanapuram, Salem",Mettur,Salem,Tamil Nadu,,11.7833,77.8,2,AC Type 2,,Operational,,https://www.zigwheels.com/electric-charging-station/Salem,approximate (town/road-level),Mettur Dam Road
HPCL - Meyyanur,HPCL,"5 Roads, Omalur Main Rd, Meyyanur, Salem",Meyyanur,Salem,Tamil Nadu,,11.68,78.13,1,AC Type 2,,Operational,,https://www.zigwheels.com/electric-charging-station/Salem,approximate (town/road-level),NH44 Salem-Omalur
IOCL - As,IOCL,"No 143/1B1143/3A, Vellalapatti, Omalur, Chettichavadi, Salem",Omalur,Salem,Tamil Nadu,,11.7333,78.05,2,AC Type 2,,Operational,,https://www.zigwheels.com/electric-charging-station/Salem,approximate (town/road-level),NH44 Salem-Omalur
Near Asai Anandha,Unknown Operator,"SF.No:123/1F1A1, Salem to Bangalore Bypass, Kottagoundampatty, Omalur Tk",Omalur,Salem,Tamil Nadu,,11.7333,78.05,2,AC Type 2,,Operational,,https://www.zigwheels.com/electric-charging-station/Salem,approximate (town/road-level),NH44 Salem-Bangalore Bypass
Omalur - Aasai Aasai Anandha Bhavan,Zeon Charging,"NH44, Omalur, 636455",Omalur,Salem,Tamil Nadu,636455.0,11.752675,78.0509145,2,CCS2 (DC),120 kW,Operational,,https://zeoncharging.com/ev-charging-omalur-aasai-aasai-anandha-bhavan-national-highway-44-636455,verified (site page),NH44 Salem-Omalur
Omalur - Chola Cascade,Zeon Charging,"Omalur, 636455",Omalur,Salem,Tamil Nadu,636455.0,11.7466125,78.0505156,2,CCS2 (DC),120 kW,Operational,,https://zeoncharging.com/ev-charging-omalur-chola-cascade-p3w2-j6r-omalur-tamil-nadu-india-636455,verified (site page),NH44 Salem-Omalur
Omalur - Sree Akshaya Bhavanam,Zeon Charging,"Bengaluru Bypass, Kottamettupatti, 636455",Omalur,Salem,Tamil Nadu,636455.0,11.7536425,78.0514686,2,CCS2 (DC),up to 120 kW,Operational,,https://zeoncharging.com/ev-charging-omalur-sree-akshaya-bhavanam-kottamettupatti-636455,verified (site page),NH44 Salem-Bangalore Bypass
Sri Nathi Restaurant Pappinayakkanpatti,Unknown Operator,"opp. to Selvam College Road, Salem Main Road, Ponnusamy Nagar",Pappinayakkanpatti,Salem,Tamil Nadu,637003.0,11.27246,78.16423,1,CCS (Type 2),30.0,Operational,On request,https://www.evchargestation.in/ev-station/sri-nathi-restaurant-pappinayakkanpatti-tamil-nadu,verified (site page),Urban/City
Ather-Aswins Home Special,Ather Grid,"No14-A Near Rajaganapathi Kovil, Car Street, Salem",Salem,Salem,Tamil Nadu,,11.6643,78.146,1,AC Type 1,,Operational,,https://www.zigwheels.com/electric-charging-station/Salem,approximate (town/road-level),Salem city
Ather-Bridgestone Salem (Kondalampatti),Ather Grid,"Shop No 44/2A, Karuttur, Near Car De Style, Kondalampatti, Salem",Salem,Salem,Tamil Nadu,,11.6643,78.146,1,AC Type 1,,Operational,,https://www.zigwheels.com/electric-charging-station/Salem,approximate (town/road-level),Salem city
Ather-Hotel Pearls,Ather Grid,"No 12/278 A Raman Road, Opp New Bus Stand, Behind Kalyan Silks, Salem",Salem,Salem,Tamil Nadu,,11.6643,78.146,1,AC Type 1,,Operational,,https://www.zigwheels.com/electric-charging-station/Salem,approximate (town/road-level),Salem city
Ather-Hotel Shiv Sai Vihar,Ather Grid,"298, 1st Agraharam, Anna Colony, Salem",Salem,Salem,Tamil Nadu,,11.6643,78.146,1,AC Type 1,,Operational,,https://www.zigwheels.com/electric-charging-station/Salem,approximate (town/road-level),Salem city
Ather-Hotel Sri Sai Vihar,Ather Grid,"No-30, Murugan Temple Street, Fairlands, Salem",Salem,Salem,Tamil Nadu,,11.6643,78.146,1,AC Type 1,,Operational,,https://www.zigwheels.com/electric-charging-station/Salem,approximate (town/road-level),Salem city
Ather-Milky Mist Parlour,Ather Grid,"9/80a Yercaud Main Road, Kondapanaickenpatty, Salem",Salem,Salem,Tamil Nadu,,11.6643,78.146,1,AC Type 1,,Operational,,https://www.zigwheels.com/electric-charging-station/Salem,approximate (town/road-level),Yercaud Main Road
Ather-Salem (Indirani Nagar),Ather Grid,"M4HH+WW3, Indirani Nagar, Narasothipatti, Salem",Salem,Salem,Tamil Nadu,,11.6643,78.146,1,AC Type 1,,Operational,,https://www.zigwheels.com/electric-charging-station/Salem,approximate (town/road-level),Salem city
Ather-Yard,Ather Grid,"M4R9+CW8, Salem",Salem,Salem,Tamil Nadu,,11.6643,78.146,1,AC Type 1,,Operational,,https://www.zigwheels.com/electric-charging-station/Salem,approximate (town/road-level),Salem city
HPCL - Kalyani,HPCL,"Q3GF M65, Pottipuram, Kattikaranoor, Salem",Salem,Salem,Tamil Nadu,,11.6643,78.146,1,AC Type 2,,Operational,,https://www.zigwheels.com/electric-charging-station/Salem,approximate (town/road-level),Salem outskirts
HPCL - Karupamutthu,HPCL,"HJQ2 726, Paithur Rd, Salem",Salem,Salem,Tamil Nadu,,11.6643,78.146,1,AC Type 2,,Operational,,https://www.zigwheels.com/electric-charging-station/Salem,approximate (town/road-level),Salem outskirts
HPCL - VMI,HPCL,"JGJP 24C, Salem Rd, Attavanai Kothambadi",Salem,Salem,Tamil Nadu,,11.6643,78.146,1,AC Type 2,,Operational,,https://www.zigwheels.com/electric-charging-station/Salem,approximate (town/road-level),Salem outskirts
IOCL - Sri Chelliamman,IOCL,"TS No 164/1A1/164/1A2, Kondappanaickkenpatti, Salem",Salem,Salem,Tamil Nadu,,11.6643,78.146,2,AC Type 2,,Operational,,https://www.zigwheels.com/electric-charging-station/Salem,approximate (town/road-level),Salem city
IOCL - Viyan,IOCL,"Sy No 168/3C, Pachanampatti, Chettipatti, Salem",Salem,Salem,Tamil Nadu,,11.6643,78.146,2,AC Type 2,,Operational,,https://www.zigwheels.com/electric-charging-station/Salem,approximate (town/road-level),Salem outskirts
Salem - Chennai Silks (Meyyanur),Zeon Charging,"293 Junction Main Rd, Meyyanur, Salem, 636004",Salem,Salem,Tamil Nadu,636004.0,11.6760375,78.1307656,1,CCS2 (DC),24 kW,Operational,,https://zeoncharging.com/ev-charging-salem-chennai-silks-m4gj-c86-salem-tamil-nadu-india-636004,verified (site page),Salem city
Salem - Dharan Multispeciality Hospital,Zeon Charging,"14 bypass, Selva Nagar, Seelanaickenpatti, Salem, 636201",Salem,Salem,Tamil Nadu,636201.0,11.6245875,78.1450156,4,"CCS2 (DC), Type 2 (AC)",120kW DC / 7.4kW AC,Operational,,https://zeoncharging.com/ev-charging-salem-dharan-multispeciality-hospital-j4fw-r2j-salem-tamil-nadu-india-636201,verified (site page),Salem city bypass
Salem - Grand Estancia,Zeon Charging,"73 Bangalore Bye Pass Road, Narasothipatti, Salem, 636004",Salem,Salem,Tamil Nadu,636004.0,11.6832019,78.1257349,2,CCS2 (DC),120 kW,Operational,,https://zeoncharging.com/ev-charging-salem-grand-estancia-73-bangalore-bye-pass-road-636004,verified (site page),NH44 Salem-Bangalore Bypass
Salem - Radisson Blu Hotel,Zeon Charging,"Salem-Omalur Hwy, Salem, 636302",Salem,Salem,Tamil Nadu,636302.0,11.6922625,78.1147969,2,CCS2 (DC),180 kW,Operational,,https://zeoncharging.com/ev-charging-salem-radisson-blu-hotel-m4r7-ww3-salem-tamil-nadu-india-636302,verified (site page),NH44 Salem-Omalur
Salem - Sri Aaharam's Veg Multi Cuisine Restaurant,Zeon Charging,"Gajallnayakkanpatti, near Prabha's Family Restaurant, Salem, 636201",Salem,Salem,Tamil Nadu,636201.0,11.5824625,78.1477969,2,CCS2 (DC),120 kW,Operational,,https://zeoncharging.com/ev-charging-aahram-hotel-rasipuram-salem-namakkal-rd-opposite-bus-stop-poinmankaradu-gajjalnaickenpatti-salem-tamil-nadu-636201-,verified (site page),Rasipuram-Salem-Namakkal Rd
Salem - Zibe GRT Hotel,Zeon Charging,"Salem, 636009",Salem,Salem,Tamil Nadu,636009.0,11.6652625,78.1448281,1,Type 2 (AC),7.4 kW,Operational,,https://zeoncharging.com/ev-charging-salem-zibe-grt-hotel-m48v-4w4-salem-tamil-nadu-india-636009,verified (site page),Salem city
Tata Motors - True Sai,Tata Power,"No 73, Salem Omalur Highway, Narasothipatti, Salem",Salem,Salem,Tamil Nadu,,11.6643,78.146,1,CCS (Type 2),,Operational,,https://www.zigwheels.com/electric-charging-station/Salem,approximate (town/road-level),NH44 Salem-Omalur
Tata Power - K M B Fuels & Oils,Tata Power,"IndianOil Dealer No.449, Narashimman Street, Shevapet, Salem",Salem,Salem,Tamil Nadu,,11.6667,78.1333,2,CCS (Type 2),,Operational,,https://www.zigwheels.com/electric-charging-station/Salem,approximate (town/road-level),Salem city
Tata Power - PPS Motors (Mamangam),Tata Power,"NH44 Mamangam, 151/A-1, Salem to Bangalore Bypass, near Hotel Radisson",Salem,Salem,Tamil Nadu,,11.68,78.1,2,CCS (Type 2),,Operational,,https://www.zigwheels.com/electric-charging-station/Salem,approximate (town/road-level),NH44 Salem-Bangalore Bypass
Tata Power - True Sai (Grand Estancia),Tata Power,"No 73, Salem Omalur Highway, next to Hotel Grand Estancia, Narasothipatti",Salem,Salem,Tamil Nadu,,11.6643,78.146,4,"CHAdeMO, CCS (Type 2)",,Operational,,https://www.zigwheels.com/electric-charging-station/Salem,approximate (town/road-level),NH44 Salem-Omalur
Zeon Charging - Sankagiri,Zeon Charging,"Near Sankagiri Toll Gate, NH-47 Salem-Kanyakumari Hwy, Vaikundam",Sankagiri,Salem,Tamil Nadu,,11.4772,77.8681,2,CCS (Type 2),,Operational,,https://www.zigwheels.com/electric-charging-station/Salem,approximate (town/road-level),NH544/NH47 Salem-Kochi
Zeon Charging - Sree Saravana Bhavan (Sankari),Zeon Charging,"Sree Saravana Bhavan, Near Salem Toll Gate, Vaikundam, Sankari",Sankari,Salem,Tamil Nadu,,11.4772,77.8681,4,CCS (Type 2),,Operational,,https://www.zigwheels.com/electric-charging-station/Salem,approximate (town/road-level),NH44/NH544 Salem Toll
Attur/Vazhapadi - Muthumalai Murugan Kovil,Zeon Charging,"Puthiragoundampalayam, 636119",Vazhapadi,Salem,Tamil Nadu,636119.0,11.6513375,78.4845156,2,CCS2 (DC),120 kW,Operational,,https://zeoncharging.com/ev-charging-attur-vazhapadi-muthumalai-murugan-kovil-mf4p-g5-puthiragoundampalayam-tamil-nadu-636119-india-636119,verified (site page),Attur-Salem road
GRT Hotel - Great Trails Yercaud,GRT Hotels,"20th Hairpin Bend Main Road, Yercaud, Salem",Yercaud,Salem,Tamil Nadu,,11.7753,78.2094,1,AC Type 2,,Operational,,https://www.zigwheels.com/electric-charging-station/Salem,approximate (town/road-level),Yercaud hill road
Shambala Yercaud,Zeon Charging,"33/2B, Athiyur, Yercaud, 636602",Yercaud,Salem,Tamil Nadu,636602.0,11.8021875,78.2191875,1,Type 2 (AC),11 kW,Operational,,https://zeoncharging.com/ev-charging-shambala-yercaud-r629-vm-athiyur-tamil-nadu-india-636602,verified (site page),Yercaud hill road
Zeon Charging Sathy,Zeon Charging,"Rangasamuthiram 199, near Jayasakthi Cinemas",Sathyamangalam,Sathyamangalam,Tamil Nadu,638402.0,11.48992391991976,77.24369168562515,1,CCS (Type 2),24.0,Operational,On request,https://www.evchargestation.in/ev-station/zeon-charging-sathy-sathyamangalam-tamil-nadu,verified (site page),Urban/City
Starbucks & KFC Shoolagiri,Statiq (IN),"Survey No 192/4 No 2 149/3 NH - 44 next to IOCL Bunk, Addakurukkl",Shoolagiri,Shoolagiri,Tamil Nadu,635117.0,12.6807,77.95265,1,CCS (Type 2),60.0,Operational,14.99/kWh,https://www.evchargestation.in/ev-station/starbucks-kfc-shoolagiri-shoolagiri-tamil-nadu,verified (site page),Urban/City
IOCL Singanallur,Tata Power,"SF No 128, Trichy Road",Coimbatore,Singanallur,Tamil Nadu,641005.0,11.0028,77.03874,1,CCS (Type 2),30.0,Operational,On request,https://www.evchargestation.in/ev-station/iocl-singanallur-coimbatore-tamil-nadu,verified (site page),Urban/City
Ather-Nataraja Theatre,Ather Grid,"Bharathi Nagar, Senjai, Karaikudi, Sivaganga",Karaikudi,Sivaganga,Tamil Nadu,,10.0733,78.7772,1,AC Type 1,,Operational,,https://www.zigwheels.com/electric-charging-station/Sivaganga,approximate (town/road-level),Karaikudi city
Ather-The Hotel Malarr,Ather Grid,"113/1, Kovillor Road, Karaikudi, Sivaganga",Karaikudi,Sivaganga,Tamil Nadu,,10.0733,78.7772,1,AC Type 1,,Operational,,https://www.zigwheels.com/electric-charging-station/Sivaganga,approximate (town/road-level),Karaikudi city
IOCL - Nma Rahima Enterprises,IOCL,"195, Pottapalayam, Sivaganga",Sivaganga,Sivaganga,Tamil Nadu,,9.8433,78.4809,2,AC Type 2,,Operational,,https://www.zigwheels.com/electric-charging-station/Sivaganga,approximate (town/road-level),NH36/NH85 Sivaganga
DSquare Food Hub,Zeon Charging,NH - 44,Sundagiri,Sundagiri,Tamil Nadu,635117.0,12.64608,78.04741,1,CCS (Type 2),24.0,Operational,21.9/kWh,https://www.evchargestation.in/ev-station/dsquare-food-hub-sundagiri-tamil-nadu,verified (site page),Urban/City
Courtallam - Five Falls Resort,Zeon Charging,"35/31 Five Falls Main Road, Opp Vivekananda Ashram, Courtallam, 627802",Courtallam,Tenkasi,Tamil Nadu,627802.0,8.9341375,77.2405156,2,Type 2 (AC),7.4 kW,Operational,,https://zeoncharging.com/ev-charging-courtallam-five-falls-resort-w6mr-m62-courtallam-slopes-r-f-tamil-nadu-india-627802,verified (site page),Tenkasi-Courtallam (Tirunelveli hills)
Kumbakonam - Cholaa Dynasty (A Bergamont Hotel),Zeon Charging,"NH 36, Cholan Nagar, Thiruvalanjuli, Sundaraperumal Koil, Kumbakonam, 614208",Kumbakonam,Thanjavur,Tamil Nadu,614208.0,10.94190985208098,79.3190802621623,2,"Type 2 (AC), CCS2 (DC)",43kW AC / 50kW DC,Operational,,https://zeoncharging.com/ev-charging-kumbakonam-kumbakonnam-cholaa-dynasty-a-bergamont-hotel-national-highway-36-614208,verified (site page),NH36 Kumbakonam
Quality Inn Viha,Relux Electric (India),"Kumbakonam, Tamil Nadu",Kumbakonam,Thanjavur,Tamil Nadu,,10.9601,79.3788,1,Relux FC,30 kW,Operational,,https://www.plugshare.com/location/431443,approximate (town-level),Kumbakonam city
RAS Residency Auto Nagar,Unknown Operator,"Auto Nagar, Kumbakonam, Tamil Nadu",Kumbakonam,Thanjavur,Tamil Nadu,,10.9601,79.3788,1,,,Operational,,https://www.plugshare.com/location/639307,approximate (town-level),Kumbakonam city
Raya's Grand Hotel,Raya's Group of Hotels,"18, Head Post Office Road, Near Holy Mahamaham Tank West Bank, Kumbakonam, 612001",Kumbakonam,Thanjavur,Tamil Nadu,612001.0,10.957702,79.3804613,1,DC fast charger,25 kW,Operational,,https://hotelrayas.com/ev-charging-station/,verified (site page),Kumbakonam city
Jayaraj Karz Vallam Pudur Sethi,Zeon Charging,"Vallam Puthur Sethi, NH 83",Thanjavur,Thanjavur,Tamil Nadu,613403.0,10.728,79.04692,1,CCS (Type 2),30.0,Operational,On request,https://www.evchargestation.in/ev-station/jayaraj-karz-vallam-pudur-sethi-thanjavur-tamil-nadu,verified (site page),Urban/City
Hotel Temple City Thathampatti,Zeon Charging,"NH 44, Chellakulam",Thathampatti,Thathampatti,Tamil Nadu,625020.0,10.07991,77.97778,1,CCS (Type 2),50.0,Operational,On request,https://www.evchargestation.in/ev-station/hotel-temple-city-thathampatti-tamil-nadu,verified (site page),Urban/City
IOCL - Sumathi,IOCL,"Ammapatti, Jambliputhur, Thimmarasanayakkanur, Theni",Theni,Theni,Tamil Nadu,,10.0104,77.4768,2,AC Type 2,,Operational,,https://www.zigwheels.com/electric-charging-station/Theni,approximate (town/road-level),NH85 Madurai-Theni-Kerala border
Theni - Hotel Theni International,Zeon Charging,"50/1-50/2, Gandhiji Main Rd, near Old Bus Stand, NRT Nagar, Theni, 625531",Theni,Theni,Tamil Nadu,625531.0,10.0106875,77.4781875,1,Type 2 (AC),7.4 kW,Operational,,https://zeoncharging.com/ev-charging-theni-hotel-theni-international-2f6h-77-theni-tamil-nadu-india-625531,verified (site page),Theni town
Theni - Hotel Western Gatz,Zeon Charging,"NRT Main Rd, Bathra Kaliyamman, Konduraja Line, Theni, 625531",Theni,Theni,Tamil Nadu,625531.0,10.0150375,77.4804531,1,Type 2 (AC),7.4 kW,Operational,,https://zeoncharging.com/ev-charging-theni-hotel-western-gatz-2f8j-258-theni-tamil-nadu-india-625531,verified (site page),Theni town
Theni - Zeon X Ananji,Zeon Charging,"Periyakulam Main Road, Vadaveeranaickenpatty, Theni, 625523",Theni,Theni,Tamil Nadu,625523.0,10.0537626,77.5052374,2,CCS2 (DC),120 kW,Operational,,https://zeoncharging.com/ev-charging-theni-zeon-x-ananji-periyakulam-main-road-625523,verified (site page),NH85 Madurai-Theni-Kerala border
Theni - Zeon X Sureka Madurapuri,Zeon Charging,"Sureka Madurapuri, Theni, 625531",Theni,Theni,Tamil Nadu,625531.0,10.056628,77.507604,2,CCS2 (DC),120 kW,Operational,,https://zeoncharging.com/ev-charging-theni-zeon-x-sureka-madurapuri-theni-tamil-nadu-india-625531,verified (site page),Theni town
Regency Tiruttani by GRT Hotels,Zeon Charging,"Mahalakshmi Nagar Opposite GRT College, Chennai Tirupathi Highway",Thiruttani,Thiruttani,Tamil Nadu,631209.0,13.19516,79.64576,1,CCS (Type 2),24.0,Operational,On request,https://www.evchargestation.in/ev-station/regency-tiruttani-by-grt-hotels-thiruttani-tamil-nadu,verified (site page),Urban/City
Hotel Himalayaa,Relux Electric (India),Old No: 80 New No: 40 Sannathi Street Opp Karur Vysya Bank,Thiruvanamalai,Thiruvanamalai,Tamil Nadu,606601.0,12.23639376,79.08960088,1,CCS (Type 2),40.0,Operational,Rs.24/-,https://www.evchargestation.in/ev-station/hotel-himalayaa-thiruvanamalai-tamil-nadu,verified (site page),Urban/City
Holiday Inn Chennai OMR,Unknown Operator,"110, Rajiv Gandhi Salai, Thiruvanmiyur",Chennai,Thiruvanmiyur,Tamil Nadu,600096.0,12.98007448484978,80.25315304085922,1,CCS (Type 2),25.0,Operational,Rs. 20.5/kWh,https://www.evchargestation.in/ev-station/holiday-inn-chennai-omr-chennai-tamil-nadu,verified (site page),Urban/City
Etron Energies,Zeon Charging,"Avadi Road, Thiruverkadu",Chennai,Thiruverkadu,Tamil Nadu,600077.0,13.07148,80.11256,1,CCS (Type 2),30.0,Operational,On request,https://www.evchargestation.in/ev-station/etron-energies-chennai-tamil-nadu,verified (site page),Urban/City
IOCL - Arul Doss,IOCL,"Kayathar, Athikulam, Thoothukudi",Kayathar,Thoothukudi,Tamil Nadu,,8.8667,77.7,1,AC Type 2,,Operational,,https://www.zigwheels.com/electric-charging-station/Thoothukudi,approximate (town/road-level),NH38 Thoothukudi
Ather-Asir Automobiles #2,Ather Grid,"Old No. 49B, 49C & 49D, Church St, Nazareth, Thoothukudi",Nazareth,Thoothukudi,Tamil Nadu,,8.5,77.95,1,AC Type 1,,Operational,,https://www.zigwheels.com/electric-charging-station/Thoothukudi,approximate (town/road-level),Thoothukudi district
IOCL - Jayaraj,IOCL,"Pasuvanthanai Village, Ottapidaram Taluk, Thoothukudi",Ottapidaram,Thoothukudi,Tamil Nadu,,8.75,77.8833,2,AC Type 2,,Operational,,https://www.zigwheels.com/electric-charging-station/Thoothukudi,approximate (town/road-level),Thoothukudi district
IOCL - M S Kannan,IOCL,"Maniyachi, Ottapaidaram, Thoothukudi",Ottapidaram,Thoothukudi,Tamil Nadu,,8.75,77.8833,2,AC Type 2,,Operational,,https://www.zigwheels.com/electric-charging-station/Thoothukudi,approximate (town/road-level),Thoothukudi district
Ather-Black Forest Cakes,Ather Grid,"Q4VF+J28, Sinnamani Nagar, Thoothukudi",Thoothukudi,Thoothukudi,Tamil Nadu,,8.7642,78.1348,1,AC Type 1,,Operational,,https://www.zigwheels.com/electric-charging-station/Thoothukudi,approximate (town/road-level),Thoothukudi city
Ather-Eagle Traders (Thoothukudi),Ather Grid,"S/99C, Main Road, Philoni Nager, Adaikalapuram Road, Thoothukudi",Thoothukudi,Thoothukudi,Tamil Nadu,,8.7642,78.1348,1,AC Type 1,,Operational,,https://www.zigwheels.com/electric-charging-station/Thoothukudi,approximate (town/road-level),Thoothukudi city
Ather-K.Chinnadurai&Co,Ather Grid,"158, Palayamkottai Road, South Police Station, Thoothukudi",Thoothukudi,Thoothukudi,Tamil Nadu,,8.7642,78.1348,1,AC Type 1,,Operational,,https://www.zigwheels.com/electric-charging-station/Thoothukudi,approximate (town/road-level),Thoothukudi city
Ather-Tuticorin,Ather Grid,"7B, 7C, Palayamkottai Main Road, Thoothukudi",Thoothukudi,Thoothukudi,Tamil Nadu,,8.7642,78.1348,1,AC Type 1,,Operational,,https://www.zigwheels.com/electric-charging-station/Thoothukudi,approximate (town/road-level),Thoothukudi city
Ather-Universal Hotel,Ather Grid,"4/79-c, Handasamypuram, Harbour Road, Thoothukudi",Thoothukudi,Thoothukudi,Tamil Nadu,,8.7642,78.1348,1,AC Type 1,,Operational,,https://www.zigwheels.com/electric-charging-station/Thoothukudi,approximate (town/road-level),Thoothukudi city
Ather-Velavan Hyper Market,Ather Grid,"32f, Ettayapuram Rd, Jyothi Nagar, Thoothukudi",Thoothukudi,Thoothukudi,Tamil Nadu,,8.7642,78.1348,1,AC Type 1,,Operational,,https://www.zigwheels.com/electric-charging-station/Thoothukudi,approximate (town/road-level),Thoothukudi city
IOCL - Janakiram,IOCL,"No 19/1B, Keela Thiruchendur, Amalinagar, Thoothukudi",Thoothukudi,Thoothukudi,Tamil Nadu,,8.7642,78.1348,2,AC Type 2,,Operational,,https://www.zigwheels.com/electric-charging-station/Thoothukudi,approximate (town/road-level),NH38 Thoothukudi
IOCL - Samy Chettimallanpatti,IOCL,"DN. 9/255, Chettimallanpatti Village, Thoothukudi",Thoothukudi,Thoothukudi,Tamil Nadu,,8.7642,78.1348,2,AC Type 2,,Operational,,https://www.zigwheels.com/electric-charging-station/Thoothukudi,approximate (town/road-level),Thoothukudi district
Regency Tuticorin by GRT Hotels,Zeon Charging,"3/187 Periyanayagapuram Main Road, opp. Collectorate, Korampallem",Thoothukudi,Thoothukudi,Tamil Nadu,628101.0,8.7816,78.10053,1,"Type 2 (Tethered), CCS (Type 2)",30.0,Operational,On request,https://www.evchargestation.in/ev-station/regency-tuticorin-by-grt-hotels-thoothukudi-tamil-nadu,verified (site page),Urban/City
Pearl Garden Resort,Zeon Charging,Thoothukudi - Tiruchendur Road,Veerapandianpattinam,Thoothukudi,Tamil Nadu,628217.0,8.53918,78.11771,1,CCS (Type 2),24.0,Operational,On request,https://www.evchargestation.in/ev-station/pearl-garden-resort-veerapandianpattinam-tamil-nadu,verified (site page),Urban/City
Ather-Asir Automobiles #1,Ather Grid,"2/95, Podhigai Nagar, Veerapandiapatinam, Thoothukudi",Veerapandiapatinam,Thoothukudi,Tamil Nadu,,8.6167,78.1167,1,AC Type 1,,Operational,,https://www.zigwheels.com/electric-charging-station/Thoothukudi,approximate (town/road-level),Thoothukudi district
Samayapuram - Gowri Parvathi Bhavan,Zeon Charging,"15, Echampatti, Samayapuram, 621112",Samayapuram,Tiruchirappalli,Tamil Nadu,621112.0,10.9237125,78.7361094,4,CCS2 (DC),60-120 kW,Operational,,https://zeoncharging.com/ev-charging-samayapuram-gowri-parvathi-bhavan-wpfp-fcq-echampatti-tamil-nadu-india-621112,verified (site page),NH36 Trichy-Salem near Samayapuram
Ather-Aswin's Sweets (Bus Stand),Ather Grid,"Bus Stand, 9A, Rocking Road, Kavitha Hotel, Opp Central Bus Stand, Tiruchirappalli",Tiruchirappalli,Tiruchirappalli,Tamil Nadu,,10.8155,78.6866,1,AC Type 1,,Operational,,https://www.meraev.com/charging-stations-in/tiruchirappalli,approximate (town/road-level),Trichy city
Ather-Kaveri Tata (Piratiyur),Ather Grid,"27/5, Dindigul Main Road, Dheeran Nagar, Karumandapam, Pirattiyur, Tiruchirappalli",Tiruchirappalli,Tiruchirappalli,Tamil Nadu,,10.7919,78.6571,1,AC Type 1,,Operational,,https://www.meraev.com/charging-stations-in/tiruchirappalli,approximate (town/road-level),NH45/NH83 Trichy-Dindigul
Ather-Trichi Kaveri Foods,Ather Grid,"19, Main Road, Annamalai Nagar, Tiruchirappalli",Tiruchirappalli,Tiruchirappalli,Tamil Nadu,,10.8155,78.6866,1,AC Type 1,,Operational,,https://www.meraev.com/charging-stations-in/tiruchirappalli,approximate (town/road-level),Trichy city
BPCL - Sannanmangalam,BPCL,"S.No-489/5B, NH38, Chennai-Trichy Highway, Sannanmangalam, Tiruchirappalli",Tiruchirappalli,Tiruchirappalli,Tamil Nadu,,10.9333,78.5667,1,CCS (Type 2),,Operational,,https://www.meraev.com/charging-stations-in/tiruchirappalli,approximate (town/road-level),NH38/NH32 Chennai-Trichy
Charge Zone - Tiruchirappalli (Courtyard Marriott),Chargezone (India),"Courtyard By Marriott Tiruchirappalli, Collectorate's Office Road, Raja Colony",Tiruchirappalli,Tiruchirappalli,Tamil Nadu,,10.8065,78.6895,1,CCS (Type 2),,Operational,,https://www.meraev.com/charging-stations-in/tiruchirappalli,approximate (town/road-level),Trichy city
Kaveri Garage Tiruchirapalli,Zeon Charging,"Grand Southern Trunk Road, Srirangam, Thiruvanaikoil",Tiruchirappalli,Tiruchirappalli,Tamil Nadu,620005.0,10.85843,78.71129,1,CCS (Type 2),50.0,Operational,On request,https://www.evchargestation.in/ev-station/kaveri-garage-tiruchirapalli-tiruchirappalli-tamil-nadu,verified (site page),Urban/City
Trichy - Ammikal Square Kanchivaram Cafe,Zeon Charging,"Near Tiruchirappalli International Airport, 620007",Tiruchirappalli,Tiruchirappalli,Tamil Nadu,620007.0,10.7462875,78.7135781,2,CCS2 (DC),120 kW,Operational,,https://zeoncharging.com/ev-charging-trichy-ammikal-square-kanchivaram-cafe-ppw7-gc8-tiruchirappalli-tamil-nadu-india-620007,verified (site page),"Trichy (in-city, near airport)"
Trichy - Dindigul Main Road Kaveri Garage,Zeon Charging,"27/5, Dindigul Main Rd, Dheeran Nagar, Pirattiyur, 620009",Tiruchirappalli,Tiruchirappalli,Tamil Nadu,620009.0,10.791386273716016,78.65698605704308,1,CCS2 (DC),24 kW,Operational,,https://zeoncharging.com/ev-charging-trichy-dindigul-main-road-kaveri-garage-dheeran-nagar-620009,verified (site page),Trichy (in-city)
Trichy - Hotel Balaji Ariyas,Zeon Charging,"Pudukudi North, 613402",Tiruchirappalli,Tiruchirappalli,Tamil Nadu,613402.0,10.7330375,78.8735781,2,CCS2 (DC),120 kW,Operational,,https://zeoncharging.com/ev-charging-trichy-hotel-balaji-ariyas-pvmf-6c8-pudukudi-north-tamil-nadu-india-613402,verified (site page),Trichy (in-city)
Trichy - Tata Motors Kaveri (Thiruvanaikoil),Zeon Charging,"Thiruvanaikoil, Tiruchirappalli, 620005",Tiruchirappalli,Tiruchirappalli,Tamil Nadu,620005.0,10.857735715550913,78.71159266253092,3,CCS2 (DC),50-60 kW,Operational,,https://zeoncharging.com/ev-charging-trichy-tata-motors-kaveri-thiruvanaikoil-620005,verified (site page),Trichy (in-city)
IOCL - GSM,IOCL,"Chettikuruchi, Karisalkulam, Tirunelveli",Chettikuruchi,Tirunelveli,Tamil Nadu,,8.75,77.55,2,AC Type 2,,Operational,,https://www.zigwheels.com/electric-charging-station/Tirunelveli,approximate (town/road-level),Tirunelveli district
Tamilachi Family Restaurant,Ather Grid,"NH 7 Mainroad, Rajaputhukkudi, near Gangaikondan, Tirunelveli",Gangaikondan,Tirunelveli,Tamil Nadu,,8.7667,77.6833,1,AC Type 1,,Operational,,https://www.zigwheels.com/electric-charging-station/Tirunelveli,approximate (town/road-level),NH7/NH38 near Tirunelveli
Ather-Tirunelveli,Ather Grid,"52-C, Trivandrum Rd, Palayamkottai, Tirunelveli",Palayamkottai,Tirunelveli,Tamil Nadu,,8.7167,77.7333,1,AC Type 1,,Operational,,https://www.zigwheels.com/electric-charging-station/Tirunelveli,approximate (town/road-level),Tirunelveli city
HPCL - Margery,HPCL,"Meetpar Nagar, Tuckerammalpuram, Palayamkottai, Tirunelveli",Palayamkottai,Tirunelveli,Tamil Nadu,,8.7167,77.7333,1,AC Type 2,,Operational,,https://www.zigwheels.com/electric-charging-station/Tirunelveli,approximate (town/road-level),Tirunelveli city
IOCL - St Thomas,IOCL,"Panagudi, Radhapuram, Kalandapanai, Tirunelveli",Panagudi,Tirunelveli,Tamil Nadu,,8.2333,77.55,2,AC Type 2,,Operational,,https://www.zigwheels.com/electric-charging-station/Tirunelveli,approximate (town/road-level),NH44 Tirunelveli-Nagercoil
IOCL - Rajam Agency,IOCL,"Sankarankoil, Melaneelithanallur, Keelaneelithanallur, Tirunelveli",Sankarankoil,Tirunelveli,Tamil Nadu,,9.1667,77.5333,2,AC Type 2,,Operational,,https://www.zigwheels.com/electric-charging-station/Tirunelveli,approximate (town/road-level),Tirunelveli district
Ather-Mandeep Marbles,Ather Grid,"54/1A-1A, Nagercoil Road, Gausanalpuram, opp Christ Jothi School, Tirunelveli",Tirunelveli,Tirunelveli,Tamil Nadu,,8.7139,77.7567,1,AC Type 1,,Operational,,https://www.zigwheels.com/electric-charging-station/Tirunelveli,approximate (town/road-level),NH44 Tirunelveli-Nagercoil
Ather-Philips Auto Care,Ather Grid,"Sivarajapuram, Tirunelveli to Tenkasi Highway, Tirunelveli",Tirunelveli,Tirunelveli,Tamil Nadu,,8.7139,77.7567,1,AC Type 1,,Operational,,https://www.zigwheels.com/electric-charging-station/Tirunelveli,approximate (town/road-level),Tirunelveli-Tenkasi Hwy
Charzer - Safe Green Automobil,Charzer,"Kokkirakulam, Tirunelveli",Tirunelveli,Tirunelveli,Tamil Nadu,,8.7139,77.7567,1,AC Type 1,,Operational,,https://www.zigwheels.com/electric-charging-station/Tirunelveli,approximate (town/road-level),Tirunelveli city
HPCL - Rajvels,HPCL,"MP88 8G6, Trivandrum Rd, Malikai Nagar A, Muthur Reddiarpatti, Tirunelveli",Tirunelveli,Tirunelveli,Tamil Nadu,,8.7139,77.7567,1,AC Type 2,,Operational,,https://www.zigwheels.com/electric-charging-station/Tirunelveli,approximate (town/road-level),NH744 Tirunelveli-Trivandrum
HPCL - Valliammai,HPCL,"2J2C RXX, Sankarankoil-Tirunelveli Rd, Vanniconendal",Tirunelveli,Tirunelveli,Tamil Nadu,,9.1667,77.5333,1,AC Type 2,,Operational,,https://www.zigwheels.com/electric-charging-station/Tirunelveli,approximate (town/road-level),Tirunelveli district
Regency Tirunelveli By GRT Hotels,Zeon Charging,"10 A, 1 B, Trivandrum Road, Vannarpettai",Tirunelveli,Tirunelveli,Tamil Nadu,627003.0,8.72921,77.72092,1,CCS (Type 2),50.0,Operational,On request,https://www.evchargestation.in/ev-station/regency-tirunelveli-by-grt-hotels-tirunelveli-tamil-nadu,verified (site page),Urban/City
Statiq 60kW Tirunelveli,Unknown Operator,"Near Showroom Entrance, 7/147-A1, Nagercoil Main Road",Tirunelveli,Tirunelveli,Tamil Nadu,627007.0,8.66847,77.71834,1,CCS (Type 2),60.0,Operational,On request,https://www.evchargestation.in/ev-station/statiq-60kw-tirunelveli-tirunelveli-tamil-nadu,verified (site page),Urban/City
Ather-Eagle Traders (Vallioor),Ather Grid,"174/46, EB colony Bypass, NH-44, Vallioor, Tirunelveli",Vallioor,Tirunelveli,Tamil Nadu,,8.3833,77.6167,1,AC Type 1,,Operational,,https://www.zigwheels.com/electric-charging-station/Tirunelveli,approximate (town/road-level),NH44 Tirunelveli-Nagercoil
Tata Power - Hotel Hills Athanavur,Tata Power,"3-12, Athanavur, Boat House Road, Thirupathur, Yellagiri Road, Vellore District",Thirupathur,Tirupathur,Tamil Nadu,,12.4975,78.5677,2,CCS (Type 2),,Operational,,https://www.zigwheels.com/electric-charging-station/Vellore,approximate (town/road-level),NH48/Yellagiri Road
Vaniyambadi - KFC,Zeon Charging,"PM97+V4V Chengilikuppam, Girisamudram, Vaniyambadi Tk, 635751",Vaniyambadi,Tirupattur,Tamil Nadu,635751.0,12.7197375,78.6627969,2,CCS2 (DC),120 kW,Operational,,https://zeoncharging.com/ev-charging-chengilikuppam-vaniyambadi-kfc-pm97-v4v-chengilikuppam-tamil-nadu-india-635751,verified (site page),Vaniyambadi-Ambur belt
Cafe Udupi Ruchi,Zeon Charging,"NH - 544, Track Bypass Road",Avinashi,Tiruppur,Tamil Nadu,641654.0,11.17719,77.28392,1,CCS (Type 2),50.0,Operational,On request,https://www.evchargestation.in/ev-station/cafe-udupi-ruchi-avinashi-tamil-nadu,verified (site page),Urban/City
Zeon Charging - Velaythampalayam,Zeon Charging,"SF.NO: 2/7031, near Sai Baba Kovil, Velaythampalayam Village, Avinashi, Tiruppur",Avinashi,Tiruppur,Tamil Nadu,,11.1936,77.2694,2,CCS (Type 2),,Operational,,https://www.zigwheels.com/electric-charging-station/Tiruppur,approximate (town/road-level),NH544 Avinashi
Coco Charging Station Pochampalli,IOCL Coco,"Coco, Pochampalli, Dharapuram, Tiruppur",Dharapuram,Tiruppur,Tamil Nadu,,10.7333,77.5333,1,Bharat DC-001,,Operational,,https://www.zigwheels.com/electric-charging-station/Tiruppur,approximate (town/road-level),NH544 Coimbatore-Kochi belt
Ather-Smart Bazaar,Ather Grid,"24 Valarmathi Bus Stop, Municipal Office Rd, Tiruppur",Tiruppur,Tiruppur,Tamil Nadu,,11.1085,77.3411,1,AC Type 1,,Operational,,https://www.zigwheels.com/electric-charging-station/Tiruppur,approximate (town/road-level),Tiruppur city
Ather-Tirupur,Ather Grid,"126-298 Tiruppur Rd, Karuppa Gaundanpalayam, Tiruppur",Tiruppur,Tiruppur,Tamil Nadu,,11.1085,77.3411,1,AC Type 1,,Operational,,https://www.zigwheels.com/electric-charging-station/Tiruppur,approximate (town/road-level),Tiruppur city
Tata Power - Ginger Tirupur,Tata Power,"Padmini Garden, Tiruppur-Kangayam Rd, Tiruppur",Tiruppur,Tiruppur,Tamil Nadu,,11.1085,77.3411,2,CCS (Type 2),,Operational,,https://www.zigwheels.com/electric-charging-station/Tiruppur,approximate (town/road-level),Tiruppur city
Zeon - Sri Sakthi Cinemas,Zeon Charging,"Sri Sakthi Cinemas, 256 Union Mill Rd, KPN Colony, Valipalayam, Tiruppur",Tiruppur,Tiruppur,Tamil Nadu,,11.1085,77.3411,2,CCS (Type 2),,Operational,,https://www.zigwheels.com/electric-charging-station/Tiruppur,approximate (town/road-level),Tiruppur city
Zeon Office Tiruppur,Zeon Charging,"167 Union Mill Road, Opp Sangeetha Theater, Kannipiran Colony, Valipalayam, Tiruppur",Tiruppur,Tiruppur,Tamil Nadu,,11.1085,77.3411,2,3PIN-15AMP (Level 1),,Operational,,https://www.zigwheels.com/electric-charging-station/Tiruppur,approximate (town/road-level),NH544 Coimbatore-Kochi belt
Bharat Petroleum COCO Pump Thirupuvanam,Unknown Operator,"Sy No 225/1A, NH - 87",Tiruppuvanam,Tiruppuvanam,Tamil Nadu,630611.0,9.81293,78.26301,1,CCS (Type 2),30.0,Operational,On request,https://www.evchargestation.in/ev-station/bharat-petroleum-coco-pump-thirupuvanam-tiruppuvanam-tamil-nadu,verified (site page),Urban/City
Chengapalli - Chola Café,Zeon Charging,"Muthanampalayam, 641606",Chengapalli,Tirupur,Tamil Nadu,641606.0,11.1987875,77.4086094,2,CCS2 (DC),120 kW,Operational,,https://zeoncharging.com/ev-charging-chengapalli-chola-caf-5cx5-gc9-muthanampalayam-tamil-nadu-india-641606,verified (site page),NH544 Coimbatore-Kochi belt
Dharapuram - Hotel Apoorvaa Express,Zeon Charging,"Nallini Rd, opp Dharapuram, Raam Nagar, 638673",Dharapuram,Tirupur,Tamil Nadu,638673.0,10.7186875,77.5463594,2,CCS2 (DC),120 kW,Operational,,https://zeoncharging.com/ev-charging-dharapuram-hotel-apoorvaa-express-pg9w-fgh-raam-nagar-tamil-nadu-india-638673,verified (site page),NH544 Tiruppur-Dharapuram-Palani
Dharapuram - Salem RR Briyani,Zeon Charging,"New Bypass Road, Dharapuram South, 638656",Dharapuram,Tirupur,Tamil Nadu,638656.0,10.7228047,77.5280166,2,CCS2 (DC),120 kW,Operational,,https://zeoncharging.com/ev-charging-dharapuram-salem-rr-briyani-pgfh-455-dharapuram-south-tamil-nadu-india-638656,verified (site page),NH544 Tiruppur-Dharapuram-Palani
Kangeyam - Sree Annapoorna,Zeon Charging,"NH-69, Kangeyam, 638701",Kangeyam,Tirupur,Tamil Nadu,638701.0,10.9968625,77.5775469,4,"16A AC, CCS2 (DC)",3.3kW AC / 50-60kW DC,Operational,,https://zeoncharging.com/ev-charging-kangeyam-sree-annapoorna-xhwh-p2v-kangeyam-tamil-nadu-india-638701,verified (site page),NH69 Coimbatore-Karur
Palladam - SA Residency,Zeon Charging,"No:132, Trichy Rd, Palladam, 641664",Palladam,Tirupur,Tamil Nadu,641664.0,10.9941269,77.2940912,2,CCS2 (DC),120 kW,Operational,,https://zeoncharging.com/ev-charging-palladam-sa-residency-trichy-road-641664,verified (site page),NH544 Coimbatore-Kochi belt (Palladam)
Pongalur - Hotel Apoorva,Zeon Charging,"Nagapattinam-Coimbatore-Gundlupet Hwy, Palladam, 641664",Pongalur,Tirupur,Tamil Nadu,641664.0,10.9788396,77.341828,2,CCS2 (DC),120 kW,Operational,,https://zeoncharging.com/ev-charging-pongalur-hotel-apoorva-nagapattinam-coimbatore-gundlupet-highway-641664,verified (site page),NH67 Coimbatore-Karur
Tiruppur - Hotel Sri Sakthi,Zeon Charging,"Hotel Sri Sakthi, Tiruppur, 641601",Tiruppur,Tirupur,Tamil Nadu,641601.0,11.094755910300927,77.34810005092619,1,Type 2 (AC),7 kW,Operational,,https://zeoncharging.com/ev-charging-tiruppur-hotel-sri-sakthi-tiruppur-tamil-nadu-india-641601,verified (site page),Tiruppur town
Tiruppur - RK Residency,Zeon Charging,"Velliyankadu, Tiruppur, 641603",Tiruppur,Tirupur,Tamil Nadu,641603.0,11.108,77.348,1,,,Operational,,https://zeoncharging.com/ev-charging-tiruppur-rk-residency-velliyankadu-641603,approximate (town-level),Tiruppur-Avinashi road
Tirupur - Pantaloons (Tirupur-Avinashi Rd),Zeon Charging,"Tirupur-Avinashi Rd, Tirupur, 641603",Tirupur,Tirupur,Tamil Nadu,641603.0,11.1291375,77.3280781,2,CCS2 (DC),120 kW,Operational,,https://zeoncharging.com/ev-charging-tirupur-pantaloons-tirupur-avinashi-rd-tirupur-tamil-nadu-india-641603,verified (site page),Tirupur-Avinashi road
Udumalpet - Thangammal Complex,Zeon Charging,"Thangammal Complex, Udumalpet, 642154",Udumalpet,Tirupur,Tamil Nadu,642154.0,10.6142875,77.2554531,2,CCS2 (DC),60 kW,Operational,,https://zeoncharging.com/ev-charging-udumalpet-thangammal-complex-udumalpet-tamil-nadu-india-642154,verified (site page),NH544/Udumalpet-Pollachi road
Coco Chengapalli - Indian Oil Swagat,IOCL,"NH544, Vadamugam Kangeyampalayam Village, Uthukuli Tk, Tirupur District",Uthukuli,Tirupur,Tamil Nadu,,11.2167,77.4667,1,Bharat DC-001,,Operational,,https://www.meraev.com/charging-stations-in/coimbatore,approximate (town/road-level),NH544 Salem-Coimbatore-Kochi
Tiruvannamalai - Ashreya Suites,Zeon Charging,"Tiruvannamalai, 606601",Tiruvannamalai,Tiruvannamalai,Tamil Nadu,606601.0,12.2255375,79.0382344,1,Type 2 (AC),7 kW,Operational,,https://zeoncharging.com/ev-charging-tiruvannamalai-ashreya-suites-tiruvannamalai-tamil-nadu-india-606601,verified (site page),Tiruvannamalai town
Tiruvannamalai - Ramana Towers / Amrutham Andhra Restaurant,Zeon Charging,"Ramana Towers, Tiruvannamalai, 606601",Tiruvannamalai,Tiruvannamalai,Tamil Nadu,606601.0,12.2198875,79.0571094,2,CCS2 (DC),60 kW,Operational,,https://zeoncharging.com/ev-charging-tiruvannamalai-ramana-towers-amrutham-andhra-restaurant-tiruvannamalai-tamil-nadu-india-606601,verified (site page),Tiruvannamalai town
Kalyan Grand Business Hotel,Unknown Operator,"247 Grand Southern Trunk Rd, Next to Vandalur Zoo",Vandalur,Vandalur,Tamil Nadu,600048.0,12.873800155645254,80.07849378133422,1,CCS (Type 2),24.0,Operational,Rs 20.5/kWh,https://www.evchargestation.in/ev-station/kalyan-grand-business-hotel-vandalur-tamil-nadu,verified (site page),Urban/City
Keerthi Residency,Zeon Charging,"3/424, Pokkuvarathu Nagar, Rameswaram Highway",Vani,Vani,Tamil Nadu,623536.0,9.35021,78.88531,1,Type 2 (Tethered Connector),7.4,Operational,On request,https://www.evchargestation.in/ev-station/keerthi-residency-vani-tamil-nadu,verified (site page),Urban/City
Sree Annapoorna Restaurant,Chargezone (India),"Jameen Bus Stop, NH45",Ambur,Vellore,Tamil Nadu,635812.0,12.85301412,78.81703476,10,CCS (Type 2),120.0,Operational,Rs.23,https://www.evchargestation.in/ev-station/sree-annapoorna-restaurant-ambur-vellore-tamil-nadu,verified (site page),Urban/City
Tata Power - Thalappakatti Hotels Ambur,Tata Power,"No 5, M C Road, Ambur, Vellore",Ambur,Vellore,Tamil Nadu,,12.7898,78.7166,3,CCS (Type 2),,Operational,,https://www.zigwheels.com/electric-charging-station/Vellore,approximate (town/road-level),NH48 Chennai-Bangalore
IOCL - Achu & Arvind,IOCL,"S No 355/1A, Vazhapandal, Kalavai, B Site Ksk Mambakkam, Vellore",Kalavai,Vellore,Tamil Nadu,,12.75,79.35,2,AC Type 2,,Operational,,https://www.zigwheels.com/electric-charging-station/Vellore,approximate (town/road-level),NH48 Chennai-Bangalore
Ather - Mandeez Kitchen,Ather Grid,"230, Katpadi Rd, Suthanthira Ponvizha Nagar, Mottur, Viruthampattu, Vellore",Katpadi,Vellore,Tamil Nadu,,12.9698,79.1378,3,AC Type 1,,Operational,,https://www.zigwheels.com/electric-charging-station/Vellore,approximate (town/road-level),Vellore city
Ather - River View Hotel,Ather Grid,"New Katpadi Road, Kilithampatarai, Katpadi, NH234, Vellore",Katpadi,Vellore,Tamil Nadu,,12.9698,79.1378,1,AC Type 1,,Operational,,https://www.zigwheels.com/electric-charging-station/Vellore,approximate (town/road-level),NH234
Ather - Sri Vishnu Cinemas,Ather Grid,"Near New Bus Stand, Katpadi, Viruthampattu, Vellore",Katpadi,Vellore,Tamil Nadu,,12.9698,79.1378,3,AC Type 1,,Operational,,https://www.zigwheels.com/electric-charging-station/Vellore,approximate (town/road-level),Vellore city
HPCL - MRL,HPCL,"SF 385/1A1B, Melpadi, Vellore",Melpadi,Vellore,Tamil Nadu,,12.85,79.05,1,AC Type 2,,Operational,,https://www.zigwheels.com/electric-charging-station/Vellore,approximate (town/road-level),NH48 Chennai-Bangalore
IOCL - Asokan Agencies,IOCL,"S No 75/2 & 75/4, Natrampalli, Kuppam Road, Jangalapuram, Vellore",Natrampalli,Vellore,Tamil Nadu,,12.6167,78.5167,2,AC Type 2,,Operational,,https://www.zigwheels.com/electric-charging-station/Vellore,approximate (town/road-level),NH48/NH234
IOCL - Sss Agency Ksk,IOCL,"S No 143/2A, Nemili, Gandhisalai, Vellore",Nemili,Vellore,Tamil Nadu,,12.9833,79.4667,2,AC Type 2,,Operational,,https://www.zigwheels.com/electric-charging-station/Vellore,approximate (town/road-level),NH48 Chennai-Bangalore
Ather - Grid Peranampattu,Ather Grid,"Deeramathi St, Peranampattu, Vellore",Peranampattu,Vellore,Tamil Nadu,,12.75,79.3,3,AC Type 1,,Operational,,https://www.zigwheels.com/electric-charging-station/Vellore,approximate (town/road-level),NH48 Chennai-Bangalore
Ather - Green-Tech Solutions,Ather Grid,"Shop no:8,14, AB Complex, Police Line Street, Vellore",Vellore,Vellore,Tamil Nadu,,12.9165,79.1325,3,AC Type 1,,Operational,,https://www.zigwheels.com/electric-charging-station/Vellore,approximate (town/road-level),Vellore city
Hotel Benzz Park,Relux Electric (India),"4, Thottapalayam Pillayar Koil St, Thottapalayam",Vellore,Vellore,Tamil Nadu,632004.0,12.929099273160231,79.1336516,1,CCS (Type 2),30.0,Operational,Rs.22/-,https://www.evchargestation.in/ev-station/hotel-benzz-park-vellore-tamil-nadu,verified (site page),Urban/City
Regency Sameera Vellore by GRT Hotels,Zeon Charging,"No.145, Green Circle, New Bypass Road",Vellore,Vellore,Tamil Nadu,632004.0,12.93209,79.13843,1,CCS (Type 2),24.0,Operational,On request,https://www.evchargestation.in/ev-station/regency-sameera-vellore-by-grt-hotels-vellore-tamil-nadu,verified (site page),Urban/City
Tata Power - FPL Vehicles,Tata Power,"33/5A1, Chennai Bangalore Highway, Vellore",Vellore,Vellore,Tamil Nadu,,12.9165,79.1325,2,CCS (Type 2),,Operational,,https://www.zigwheels.com/electric-charging-station/Vellore,approximate (town/road-level),NH48 Chennai-Bangalore
Tata Power - MG FPL,Tata Power,"33/5A1, Chennai Bangalore Highway, Perumugai, Vellore",Vellore,Vellore,Tamil Nadu,,12.95,79.15,1,CCS (Type 2),,Operational,,https://www.zigwheels.com/electric-charging-station/Vellore,approximate (town/road-level),NH48 Chennai-Bangalore
IOCL - Sakthi Agency,IOCL,"NH45, Asanur",Asanur,Villupuram,Tamil Nadu,,12.05,79.55,2,AC Type 2,,Operational,,https://www.zigwheels.com/electric-charging-station/Viluppuram,approximate (town/road-level),NH32 Chennai-Trichy
Ather - Hotel Nadhan's Toll Punjabi Dhaba,Ather Grid,"XQPQ+P88, Thiruchitrambalam-Auroville Junction",Auroville Junction,Villupuram,Tamil Nadu,,12.0167,79.8167,3,AC Type 1,,Operational,,https://www.zigwheels.com/electric-charging-station/Viluppuram,approximate (town/road-level),ECR/NH32 near Auroville
IOCL - Sri Vinayaga Muruga,IOCL,"Chennai Trichy Main Road, Chittani",Chittani,Villupuram,Tamil Nadu,,12.15,79.6,2,AC Type 2,,Operational,,https://www.zigwheels.com/electric-charging-station/Viluppuram,approximate (town/road-level),NH32 Chennai-Trichy
Gingee - Maurya Residency,Zeon Charging,"Gingee-Tindivanam Rd, Ponpatti, 604202",Gingee,Villupuram,Tamil Nadu,604202.0,12.2496625,79.4307344,2,CCS2 (DC),60 kW,Operational,,https://zeoncharging.com/ev-charging-gingee-maurya-residency-6cxj-v79-ponpatti-tamil-nadu-india-604202,verified (site page),Gingee-Tindivanam road
Ather - Nandans Punjabi,Ather Grid,"No 132, Villupuram Rd, Near Police Station, Kandamangalam",Kandamangalam,Villupuram,Tamil Nadu,,12.05,79.55,3,AC Type 1,,Operational,,https://www.zigwheels.com/electric-charging-station/Viluppuram,approximate (town/road-level),NH32 Chennai-Trichy
HPCL - Chakra,HPCL,"NH32, Kiliyanur",Kiliyanur,Villupuram,Tamil Nadu,,11.85,79.45,1,AC Type 2,,Operational,,https://www.zigwheels.com/electric-charging-station/Viluppuram,approximate (town/road-level),NH32 Chennai-Trichy
Marakkanam - Mango Hill Hotel Shallow Beach,Zeon Charging,"Vallathamman Koil Road, Chettikuppam, Marakkanam, 604303",Marakkanam,Villupuram,Tamil Nadu,604303.0,12.1118875,79.9132656,2,CCS2 (DC),30 kW,Operational,,https://zeoncharging.com/ev-charging-marakkanam-mango-hill-hotel-shallow-beach-4w67-q82-kilpettai-tamil-nadu-india-604303,verified (site page),ECR Marakkanam
HPCL - Sri Varadhan,HPCL,"3/1A, VPM TRK Main Road, Mugaiyur",Mugaiyur,Villupuram,Tamil Nadu,,12.05,79.45,1,AC Type 2,,Operational,,https://www.zigwheels.com/electric-charging-station/Viluppuram,approximate (town/road-level),NH32 Chennai-Trichy
Ather - Nandans Punjabi Dhaba (Tailapuram),Ather Grid,"3QC3+WV4, Tailapuram",Tailapuram,Villupuram,Tamil Nadu,,12.1,79.6,3,AC Type 1,,Operational,,https://www.zigwheels.com/electric-charging-station/Viluppuram,approximate (town/road-level),NH32 Chennai-Trichy
NTPC - NPS Agency,NTPC/IOCL,"IOCL-Pondicherry, SH37, Koonichampet, Thirukkanur",Thirukkanur,Villupuram,Tamil Nadu,,12.05,79.7,3,AC Type 2,,Operational,,https://www.zigwheels.com/electric-charging-station/Viluppuram,approximate (town/road-level),near TN-Puducherry border
Hotel Aishwarya Bhavan,Relux Electric (India),"Chennai - Trichy Highway, Tindivanam",Tindivanam,Villupuram,Tamil Nadu,604001.0,12.24034498,79.66228159,1,CCS (Type 2),110.0,Operational,Rs.22/-,https://www.evchargestation.in/ev-station/hotel-aishwarya-bhavan-tindivanam-villupuram-tamil-nadu,verified (site page),Urban/City
Zeon Charging - Nalathur,Zeon Charging,"7/1 Nalathur Village, NH32, Tindivanam",Tindivanam,Villupuram,Tamil Nadu,,12.2358,79.6547,1,CCS (Type 2),,Operational,,https://www.zigwheels.com/electric-charging-station/Viluppuram,approximate (town/road-level),NH32 Chennai-Trichy
Kazam - Cafe Udupi Ruchi (Ulundurpettai),Kazam,"102/19, Cafe Udupi Ruchi, Chennai Trichy NH, Ulundurpettai",Ulundurpettai,Villupuram,Tamil Nadu,,11.6667,79.3333,2,AC Type 1,,Operational,,https://www.zigwheels.com/electric-charging-station/Viluppuram,approximate (town/road-level),NH32 Chennai-Trichy
Zeon Electric - Cafe Udupi Ruchi (Ulundurpettai),Zeon Charging,"102/19, Cafe Udupi Ruchi, Chennai Trichy NH, Ulundurpettai",Ulundurpettai,Villupuram,Tamil Nadu,,11.6667,79.3333,5,CCS (Type 2),,Operational,,https://www.zigwheels.com/electric-charging-station/Viluppuram,approximate (town/road-level),NH32 Chennai-Trichy
BPCL - V. Salai,BPCL,"Sy No 148/1, NH38, Chennai Trichy Highway, V. Salai",Vikravandi,Villupuram,Tamil Nadu,,11.9482,79.5661,2,CCS (Type 2),,Operational,,https://www.zigwheels.com/electric-charging-station/Viluppuram,approximate (town/road-level),NH32/NH38 Chennai-Trichy
Vikravandi - Arutperun Jothi,Zeon Charging,"Vikravandi, 605652",Vikravandi,Villupuram,Tamil Nadu,605652.0,12.0202625,79.5360781,2,CCS2 (DC),60 kW,Operational,,https://zeoncharging.com/ev-charging-vikravandi-arutperun-jothi-vikravandi-tamil-nadu-india-605652,verified (site page),NH45/Villupuram-Vikravandi road
Ather - Villupuram,Ather Grid,"14, Chennai Main Road, Kamalanagar, Villupuram",Villupuram,Villupuram,Tamil Nadu,,11.9401,79.4861,3,AC Type 1,,Operational,,https://www.zigwheels.com/electric-charging-station/Viluppuram,approximate (town/road-level),NH32 Chennai-Trichy
Ocean Spray Resort,Relux Electric (India),"No: 7 8 9 SH 49, Manjakuppam",Villupuram,Villupuram,Tamil Nadu,604303.0,12.06587465,79.88027083,1,CCS (Type 2),30.0,Operational,Rs.22/-,https://www.evchargestation.in/ev-station/ocean-spray-resort-villupuram-tamil-nadu,verified (site page),Urban/City
Statiq - Noor Residency,Statiq (IN),"Left Side of Hotel Main Entrance, Chennai-Trichy Hwy, MKT Nagar, Villupuram",Villupuram,Villupuram,Tamil Nadu,,11.9401,79.4861,4,CCS (Type 2),,Operational,,https://www.zigwheels.com/electric-charging-station/Viluppuram,approximate (town/road-level),NH32 Chennai-Trichy
Viluppuram - Arutperun Jothi / Ayyur Agaram,Zeon Charging,"Ayyur Agaram, Viluppuram, 605602",Viluppuram,Villupuram,Tamil Nadu,605602.0,11.9798375,79.5076719,2,CCS2 (DC),60 kW,Operational,,https://zeoncharging.com/ev-charging-viluppuram-arutperun-jothi-ayyur-agaram-viluppuram-tamil-nadu-india-605602,verified (site page),NH45/NH66 Villupuram junction
Hotel Arun Cafe,Zeon Charging,"NH - 45B, Trichy - Madurai Highway, Vadugappatti",Viralimalai,Viralimalai,Tamil Nadu,621316.0,10.6244,78.56317,1,CCS (Type 2),24.0,Operational,On request,https://www.evchargestation.in/ev-station/hotel-arun-cafe-viralimalai-tamil-nadu,verified (site page),Urban/City
Dynasty AK Plaza Relux,Dynasty (Relux),"NH 744, No 53c, AK Plaza, Rajapalayam, Virudhunagar",Rajapalayam,Virudhunagar,Tamil Nadu,,9.4517,77.5537,1,CCS (Type 2),,Operational,,https://www.zigwheels.com/electric-charging-station/Virudhunagar,approximate (town/road-level),NH744 Rajapalayam
IOCL - Shree Krishna,IOCL,"S No 4/2, Sattur Main Rd, Sattur, A Ramalingapuram, Virudhunagar",Sattur,Virudhunagar,Tamil Nadu,,9.3428,77.9364,2,AC Type 2,,Operational,,https://www.zigwheels.com/electric-charging-station/Virudhunagar,approximate (town/road-level),Virudhunagar district
Ather - TRZ Sivakasi,Ather Grid,"3, Srivilliputhur-Sivakasi-Virudhunagar-Aruppukottai Rd, Thiruthangal, Sivakasi",Sivakasi,Virudhunagar,Tamil Nadu,,9.4519,77.7973,3,AC Type 1,,Operational,,https://www.zigwheels.com/electric-charging-station/Virudhunagar,approximate (town/road-level),Sivakasi
IOCL - Thangamani,IOCL,"Viswanthanam, Sivakasi, Anuppankulam, Virudhunagar",Sivakasi,Virudhunagar,Tamil Nadu,,9.4519,77.7973,2,AC Type 2,,Operational,,https://www.zigwheels.com/electric-charging-station/Virudhunagar,approximate (town/road-level),Sivakasi
Ather - TRZ Virudhunagar,Ather Grid,"NH 44, GT Nagar, Virudhunagar",Virudhunagar,Virudhunagar,Tamil Nadu,,9.5851,77.9576,3,AC Type 1,,Operational,,https://www.zigwheels.com/electric-charging-station/Virudhunagar,approximate (town/road-level),NH44 Virudhunagar
IOCL - Annai Saraswathi,IOCL,"Veeracholan, Tiruchuli Dharmam, Virudhunagar",Virudhunagar,Virudhunagar,Tamil Nadu,,9.5851,77.9576,2,AC Type 2,,Operational,,https://www.zigwheels.com/electric-charging-station/Virudhunagar,approximate (town/road-level),Virudhunagar district
IOCL - Perumalsamy,IOCL,"Mandapasali, SH-38, Virudhunagar",Virudhunagar,Virudhunagar,Tamil Nadu,,9.5851,77.9576,2,AC Type 2,,Operational,,https://www.zigwheels.com/electric-charging-station/Virudhunagar,approximate (town/road-level),SH38 Virudhunagar
IOCL - S A Anbu,IOCL,"Sevalpatti, near PSR Engg College, Varaganoor, Virudhunagar",Virudhunagar,Virudhunagar,Tamil Nadu,,9.5851,77.9576,2,AC Type 2,,Operational,,https://www.zigwheels.com/electric-charging-station/Virudhunagar,approximate (town/road-level),Virudhunagar district
IOCL - Selvakumar Agency,IOCL,"Thalavaipuram, Tenkasi Road, NH 208, Vilakku Ayankollangondan, Virudhunagar",Virudhunagar,Virudhunagar,Tamil Nadu,,9.3,77.55,2,AC Type 2,,Operational,,https://www.zigwheels.com/electric-charging-station/Virudhunagar,approximate (town/road-level),NH208 Virudhunagar-Tenkasi
Virudhunagar - Saravana Autos,Zeon Charging,"Saravana Autos, Virudhunagar, 626001",Virudhunagar,Virudhunagar,Tamil Nadu,626001.0,9.575876668787668,77.94435647916794,3,"16A (AC), CCS2 (DC)",3.3kW AC / 60kW DC,Operational,,https://zeoncharging.com/ev-charging-virudhunagar-saravana-autos-virudhunagar-tamil-nadu-india-626001,verified (site page),Virudhunagar town
Bharat Petroleum e-charge station,Statiq (IN),NH - 44,Chinnalapatti,,Tamil Nadu,624301.0,10.2998,77.9413,1,CCS (Type 2),30.0,Operational,On request,https://www.evchargestation.in/ev-station/bharat-petroleum-e-charge-station-chinnalapatti-tamil-nadu,verified (site page),Urban/City
Aryaas Pure Veg,Zeon Charging,"NH - 48, Veppangal",Pallikonda,,Tamil Nadu,635809.0,12.90702,78.9619,3,CCS (Type 2),50.0,Operational,27,https://www.evchargestation.in/ev-station/aryaas-pure-veg-tamil-nadu,verified (site page),Urban/City
A.R. Fuels,Statiq (IN),NH - 44,Thadikombu,,Tamil Nadu,624709.0,10.42743,77.95434,1,CCS (Type 2),30.0,Operational,On request,https://www.evchargestation.in/ev-station/ar-fuels-thadikombu-tamil-nadu,verified (site page),Urban/City
Hotel Temple City Lake Inn,Relux Electric (India),Trichy - Madurai Highway,Valaichcherippatti,,Tamil Nadu,625104.0,9.987081053,78.24154444,1,CCS (Type 2),37.0,Operational,Rs.22/-,https://www.evchargestation.in/ev-station/hotel-temple-city-lake-inn-valaichcherippatti-tamil-nadu,verified (site page),Urban/City
