trip_id,distance_km,road_type,elevation_gain_m,elevation_loss_m,avg_speed_kmh,traffic_congestion_level,ambient_temperature_c,weather_condition,vehicle_profile,vehicle_battery_capacity_kwh,vehicle_efficiency_baseline_wh_per_km,vehicle_curb_weight_kg,load_state,payload_kg,total_mass_kg,energy_consumed_kwh,wh_per_km
1,73.73,highway,43.2,3.9,102.9,0.062,33.2,clear,small_ev,24,140,1400,unladen,9.4,1409.4,52.385,710.5
2,5.73,city,19.0,7.5,19.4,0.535,28.1,rain,small_ev,24,140,1400,half_load,128.5,1528.5,2.005,349.8
4,134.41,highway,5.6,0.8,78.1,0.046,23.6,rain,small_ev,24,140,1400,unladen,1.9,1401.9,53.354,397.0
6,30.54,highway,14.4,9.1,88.8,0.182,26.3,clear,mid_ev,40,160,1900,unladen,33.2,1933.2,16.875,552.6
7,87.59,highway,42.5,22.7,89.3,0.077,31.5,clear,mid_ev,40,160,1900,half_load,247.4,2147.4,57.196,653.0
8,141.13,highway,39.9,10.0,85.7,0.086,34.1,clear,large_ev,75,190,2400,half_load,282.9,2682.9,102.706,727.7
9,26.51,arterial,58.9,33.3,48.7,0.794,26.3,rain,small_ev,24,140,1400,unladen,12.6,1412.6,10.868,409.9
11,57.15,highway,54.1,48.7,85.7,0.089,32.6,heavy_rain,mid_ev,40,160,1900,unladen,19.1,1919.1,35.4,619.4
12,3.15,city,8.9,1.2,22.1,0.595,29.6,clear,large_ev,75,190,2400,half_load,347.9,2747.9,2.097,665.7
13,29.07,arterial,21.3,2.3,56.1,0.191,29.2,clear,large_ev,75,190,2400,full_load,586.3,2986.3,12.813,440.8
14,162.69,highway,19.0,18.9,80.2,0.256,21.7,clear,small_ev,24,140,1400,half_load,123.5,1523.5,69.363,426.3
15,25.72,arterial,126.6,7.3,44.2,0.4,24.3,clear,mid_ev,40,160,1900,unladen,2.0,1902.0,8.5,330.5
16,4.55,city,7.2,12.1,21.8,0.524,34.0,clear,small_ev,24,140,1400,unladen,16.0,1416.0,1.488,326.8
17,41.21,highway,114.0,38.2,66.3,0.142,36.5,clear,small_ev,24,140,1400,half_load,173.6,1573.6,15.165,368.0
19,42.68,arterial,4.2,11.2,37.7,0.05,28.6,clear,mid_ev,40,160,1900,full_load,392.3,2292.3,7.251,169.9
20,57.78,highway,57.3,47.2,82.1,0.126,23.8,clear,large_ev,75,190,2400,half_load,358.1,2758.1,35.44,613.3
21,32.84,arterial,6.4,3.2,55.8,0.125,27.3,clear,large_ev,75,190,2400,unladen,24.2,2424.2,11.677,355.6
22,24.28,arterial,44.8,8.3,44.1,0.59,25.5,clear,small_ev,24,140,1400,half_load,174.1,1574.1,7.514,309.5
23,21.63,arterial,19.4,11.0,40.4,0.312,31.6,clear,large_ev,75,190,2400,half_load,243.7,2643.7,7.857,363.2
25,61.69,highway,9.5,55.5,54.8,0.246,24.3,rain,small_ev,24,140,1400,half_load,142.1,1542.1,14.827,240.4
26,31.45,highway,1.7,18.4,82.3,0.028,30.7,clear,small_ev,24,140,1400,half_load,179.8,1579.8,13.833,439.8
27,9.51,arterial,3.9,53.9,38.8,0.314,35.0,clear,large_ev,75,190,2400,unladen,14.8,2414.8,3.37,354.5
29,23.23,arterial,10.1,11.4,47.6,0.253,24.0,clear,large_ev,75,190,2400,half_load,246.8,2646.8,8.549,367.9
30,27.87,arterial,16.0,18.3,47.2,0.478,38.7,clear,large_ev,75,190,2400,unladen,23.8,2423.8,14.706,527.6
31,44.75,highway,57.6,24.7,81.5,0.047,20.0,clear,large_ev,75,190,2400,unladen,17.3,2417.3,25.749,575.4
32,66.09,highway,0.1,10.2,84.0,0.108,22.1,clear,large_ev,75,190,2400,full_load,594.8,2994.8,41.861,633.4
33,34.32,highway,19.2,47.5,104.8,0.177,30.9,heavy_rain,mid_ev,40,160,1900,half_load,241.6,2141.6,30.898,900.2
34,77.59,highway,15.6,4.5,93.5,0.407,30.9,clear,mid_ev,40,160,1900,full_load,439.6,2339.6,56.477,727.9
35,11.86,arterial,5.1,39.1,39.6,0.25,30.2,clear,mid_ev,40,160,1900,half_load,197.6,2097.6,3.016,254.3
36,8.39,city,3.6,14.1,20.9,0.277,30.8,heavy_rain,small_ev,24,140,1400,full_load,266.3,1666.3,2.172,258.9
37,20.31,arterial,93.5,29.8,51.9,0.839,30.3,clear,mid_ev,40,160,1900,full_load,435.8,2335.8,11.688,575.4
38,6.57,city,3.0,0.6,25.8,0.449,35.5,clear,mid_ev,40,160,1900,half_load,209.4,2109.4,2.944,448.4
39,33.32,arterial,7.5,5.4,39.4,0.292,31.1,clear,mid_ev,40,160,1900,unladen,26.2,1926.2,9.771,293.2
40,5.66,city,23.3,0.2,19.6,0.929,23.4,clear,small_ev,24,140,1400,full_load,275.9,1675.9,3.42,603.8
41,3.37,city,4.0,1.4,19.2,0.783,28.5,clear,small_ev,24,140,1400,unladen,29.1,1429.1,1.461,433.2
42,10.0,highway,121.8,71.4,85.9,0.055,36.2,heavy_rain,small_ev,24,140,1400,half_load,174.6,1574.6,6.022,602.2
43,6.97,arterial,14.8,29.2,54.0,0.117,29.4,heavy_rain,small_ev,24,140,1400,half_load,177.3,1577.3,1.871,268.7
45,92.64,highway,153.1,6.5,89.4,0.447,27.6,clear,mid_ev,40,160,1900,half_load,206.6,2106.6,64.078,691.7
46,1.0,city,2.2,7.3,23.9,0.779,33.4,clear,small_ev,24,140,1400,half_load,150.8,1550.8,0.509,508.7
48,78.2,highway,81.2,43.4,83.2,0.282,23.3,rain,mid_ev,40,160,1900,half_load,193.5,2093.5,44.145,564.5
49,28.77,highway,7.4,19.8,76.0,0.256,24.2,heavy_rain,mid_ev,40,160,1900,full_load,446.3,2346.3,14.526,504.8
50,7.27,city,4.3,7.1,24.8,0.838,38.0,clear,mid_ev,40,160,1900,unladen,40.4,1940.4,5.467,751.5
51,18.68,city,4.5,10.0,22.0,0.419,32.4,clear,mid_ev,40,160,1900,full_load,434.1,2334.1,8.615,461.1
52,1.93,city,5.4,0.0,23.6,0.195,36.0,clear,small_ev,24,140,1400,unladen,17.8,1417.8,0.381,197.7
53,93.8,highway,16.3,182.2,97.5,0.068,36.1,heavy_rain,large_ev,75,190,2400,unladen,50.4,2450.4,90.245,962.1
54,53.01,highway,100.1,11.0,84.5,0.21,30.9,clear,small_ev,24,140,1400,unladen,17.3,1417.3,26.245,495.1
55,51.24,highway,5.5,21.3,76.9,0.263,27.9,clear,mid_ev,40,160,1900,full_load,448.7,2348.7,24.671,481.4
57,11.89,arterial,7.0,8.6,50.9,0.136,30.2,rain,mid_ev,40,160,1900,unladen,3.5,1903.5,3.307,278.1
58,10.56,arterial,8.3,5.3,49.7,0.824,23.0,clear,mid_ev,40,160,1900,full_load,423.1,2323.1,5.774,546.8
62,18.24,arterial,5.1,35.6,42.9,0.219,32.1,clear,mid_ev,40,160,1900,full_load,397.5,2297.5,5.11,280.1
63,19.11,arterial,7.1,2.6,44.5,0.159,28.1,clear,mid_ev,40,160,1900,full_load,418.9,2318.9,5.372,281.0
64,9.12,city,5.3,2.2,24.0,0.7,31.5,clear,small_ev,24,140,1400,unladen,3.4,1403.4,3.78,414.6
65,84.6,highway,94.1,23.4,86.5,0.243,27.1,rain,mid_ev,40,160,1900,unladen,16.7,1916.7,49.083,580.2
66,48.49,highway,24.5,17.6,91.1,0.155,33.7,clear,large_ev,75,190,2400,half_load,289.7,2689.7,40.252,830.2
67,15.83,arterial,7.1,37.6,47.2,0.781,32.8,heavy_rain,large_ev,75,190,2400,unladen,12.5,2412.5,10.247,647.2
69,7.72,city,1.1,17.9,29.7,0.687,37.9,clear,large_ev,75,190,2400,full_load,532.5,2932.5,7.402,959.2
70,7.74,city,1.3,5.5,16.8,0.783,37.1,clear,mid_ev,40,160,1900,unladen,21.9,1921.9,4.974,642.8
73,11.94,arterial,15.4,31.1,50.8,0.128,35.6,clear,small_ev,24,140,1400,unladen,9.5,1409.5,2.815,235.8
74,4.87,arterial,19.4,32.4,55.6,0.436,34.2,clear,mid_ev,40,160,1900,unladen,39.0,1939.0,2.066,424.0
75,23.25,arterial,22.4,12.9,49.6,0.57,29.8,clear,mid_ev,40,160,1900,half_load,189.9,2089.9,10.572,454.7
76,15.33,arterial,20.2,99.5,53.8,0.344,28.1,clear,mid_ev,40,160,1900,unladen,40.7,1940.7,5.4,352.2
77,57.94,arterial,31.1,1.6,44.7,0.418,30.5,clear,large_ev,75,190,2400,unladen,33.2,2433.2,23.507,405.7
78,5.88,city,39.4,0.7,33.0,0.653,39.8,clear,large_ev,75,190,2400,half_load,340.4,2740.4,5.733,975.8
79,94.33,highway,3.4,24.3,90.6,0.144,31.3,clear,small_ev,24,140,1400,half_load,160.1,1560.1,49.386,523.6
80,3.27,city,8.5,8.3,19.9,0.393,34.0,clear,small_ev,24,140,1400,half_load,170.1,1570.1,0.92,281.7
81,31.1,highway,5.7,44.3,93.4,0.041,28.9,clear,small_ev,24,140,1400,full_load,297.4,1697.4,16.686,536.6
82,71.04,highway,48.2,3.7,84.0,0.16,33.1,rain,small_ev,24,140,1400,full_load,281.7,1681.7,35.964,506.2
83,84.31,highway,23.3,40.1,86.5,0.034,30.2,clear,mid_ev,40,160,1900,half_load,208.9,2108.9,49.906,591.9
84,7.5,city,14.4,5.3,17.6,0.268,31.2,clear,mid_ev,40,160,1900,full_load,442.8,2342.8,2.478,330.3
86,5.62,city,1.5,3.3,20.9,0.51,30.0,clear,mid_ev,40,160,1900,unladen,24.8,1924.8,2.32,412.8
87,94.62,highway,0.6,43.8,84.3,0.129,32.6,clear,mid_ev,40,160,1900,unladen,7.2,1907.2,54.508,576.1
88,95.74,highway,95.5,1.9,85.1,0.371,33.4,clear,mid_ev,40,160,1900,unladen,38.7,1938.7,63.811,666.5
89,26.9,arterial,17.2,8.3,30.2,0.446,35.3,clear,mid_ev,40,160,1900,unladen,43.5,1943.5,8.574,318.7
90,19.15,city,1.8,0.3,21.5,0.89,21.9,clear,mid_ev,40,160,1900,full_load,390.0,2290.0,13.746,717.8
91,37.81,highway,5.0,28.4,87.4,0.107,40.0,clear,large_ev,75,190,2400,half_load,318.0,2718.0,31.193,824.9
92,5.24,city,17.4,3.0,18.9,0.408,33.3,clear,small_ev,24,140,1400,full_load,271.6,1671.6,1.728,329.7
94,18.46,city,9.6,8.6,30.0,0.438,27.6,clear,large_ev,75,190,2400,full_load,513.9,2913.9,10.322,559.1
95,4.49,city,4.4,1.2,19.6,0.918,30.6,clear,small_ev,24,140,1400,full_load,284.8,1684.8,2.78,619.4
96,2.97,city,1.8,3.2,20.2,0.662,32.2,rain,large_ev,75,190,2400,full_load,526.0,2926.0,2.454,825.9
98,16.31,arterial,4.7,13.3,55.7,0.328,24.4,clear,mid_ev,40,160,1900,full_load,404.2,2304.2,6.678,409.5
99,32.85,highway,4.0,6.6,82.2,0.204,29.7,clear,small_ev,24,140,1400,unladen,14.7,1414.7,15.352,467.4
100,29.44,highway,100.3,33.7,90.6,0.186,32.0,rain,large_ev,75,190,2400,half_load,358.3,2758.3,23.93,812.8
101,14.8,arterial,19.6,29.1,46.6,0.647,21.9,clear,large_ev,75,190,2400,half_load,255.3,2655.3,8.494,573.8
102,98.82,highway,9.2,15.2,82.6,0.397,27.2,clear,large_ev,75,190,2400,unladen,9.9,2409.9,64.022,647.9
103,55.44,highway,4.7,5.9,84.6,0.141,21.5,clear,large_ev,75,190,2400,half_load,255.8,2655.8,35.759,645.0
105,8.28,city,13.3,2.4,22.6,0.763,26.7,rain,large_ev,75,190,2400,unladen,20.1,2420.1,6.455,779.9
107,6.02,city,23.0,17.1,28.1,0.767,31.2,clear,mid_ev,40,160,1900,half_load,239.9,2139.9,4.087,678.9
109,16.03,arterial,55.6,18.8,49.8,0.075,30.0,clear,large_ev,75,190,2400,half_load,338.3,2738.3,5.341,333.2
110,91.24,highway,1.2,57.0,82.2,0.055,40.0,heavy_rain,large_ev,75,190,2400,half_load,255.3,2655.3,71.425,782.8
111,201.82,highway,91.2,4.1,80.0,0.112,37.5,clear,large_ev,75,190,2400,unladen,18.8,2418.8,138.54,686.5
114,146.47,highway,20.6,24.9,72.6,0.029,29.2,clear,mid_ev,40,160,1900,half_load,259.4,2159.4,61.498,419.9
115,10.3,city,4.4,0.4,21.4,0.363,24.5,clear,large_ev,75,190,2400,half_load,317.8,2717.8,4.654,451.7
116,15.1,arterial,0.6,26.2,50.2,0.331,30.9,clear,large_ev,75,190,2400,half_load,316.1,2716.1,6.81,450.9
117,11.52,arterial,3.1,12.4,49.7,0.258,36.8,clear,large_ev,75,190,2400,half_load,254.4,2654.4,5.232,454.1
118,1.76,city,14.5,5.3,22.1,0.379,28.3,clear,mid_ev,40,160,1900,full_load,412.4,2312.4,0.743,422.3
119,70.45,highway,40.6,9.3,97.4,0.581,32.9,clear,mid_ev,40,160,1900,half_load,247.3,2147.3,59.925,850.6
122,183.81,highway,28.6,18.7,93.6,0.435,31.2,rain,mid_ev,40,160,1900,half_load,213.8,2113.8,136.937,745.0
123,20.76,arterial,52.9,28.0,46.1,0.33,22.6,clear,mid_ev,40,160,1900,full_load,402.6,2302.6,7.259,349.7
124,79.68,highway,1.5,14.4,84.4,0.124,29.3,rain,small_ev,24,140,1400,half_load,178.6,1578.6,41.159,516.5
125,82.03,highway,1.5,11.2,98.8,0.173,30.0,clear,mid_ev,40,160,1900,full_load,415.5,2315.5,63.896,778.9
126,3.5,city,1.2,9.9,24.1,0.72,28.8,rain,large_ev,75,190,2400,full_load,586.0,2986.0,2.975,850.8
127,22.48,highway,37.6,120.3,89.2,0.259,22.1,clear,large_ev,75,190,2400,full_load,512.1,2912.1,15.809,703.1
129,33.83,arterial,2.0,7.7,25.6,0.767,40.7,clear,large_ev,75,190,2400,full_load,585.3,2985.3,21.402,632.6
131,17.43,city,0.1,0.6,25.3,0.694,28.5,clear,small_ev,24,140,1400,unladen,14.0,1414.0,7.129,409.0
132,43.24,arterial,6.1,22.8,59.4,0.682,24.8,clear,mid_ev,40,160,1900,half_load,200.0,2100.0,23.681,547.6
133,12.4,city,10.7,5.9,21.3,0.195,31.9,clear,large_ev,75,190,2400,full_load,528.1,2928.1,3.784,305.2
135,2.27,city,9.7,1.8,22.0,0.754,29.4,clear,large_ev,75,190,2400,full_load,512.3,2912.3,2.109,929.0
136,138.45,highway,107.8,23.7,73.3,0.441,20.0,clear,large_ev,75,190,2400,half_load,294.2,2694.2,78.708,568.5
137,134.96,highway,3.7,7.9,71.5,0.016,30.1,clear,mid_ev,40,160,1900,half_load,209.3,2109.3,54.496,403.8
138,6.25,city,4.1,29.9,33.3,0.748,24.3,rain,large_ev,75,190,2400,full_load,524.4,2924.4,5.513,882.3
139,158.95,highway,30.5,24.9,87.1,0.497,32.8,clear,mid_ev,40,160,1900,unladen,33.6,1933.6,103.115,648.7
141,30.64,highway,117.7,44.3,73.5,0.174,25.9,clear,large_ev,75,190,2400,full_load,522.1,2922.1,17.517,571.6
142,5.69,city,0.7,9.5,22.4,0.313,36.8,clear,small_ev,24,140,1400,full_load,299.9,1699.9,1.648,289.7
143,84.15,highway,18.7,67.7,85.5,0.206,37.9,clear,large_ev,75,190,2400,unladen,57.7,2457.7,63.941,759.8
144,15.28,city,6.9,7.3,18.9,0.619,24.5,clear,small_ev,24,140,1400,full_load,290.0,1690.0,6.074,397.6
145,23.22,arterial,1.9,34.7,60.9,0.33,36.3,clear,mid_ev,40,160,1900,half_load,222.3,2122.3,11.367,489.5
146,36.07,highway,0.3,44.3,58.5,0.126,27.6,clear,small_ev,24,140,1400,unladen,27.8,1427.8,8.953,248.2
147,176.18,highway,14.2,42.7,88.4,0.02,36.4,rain,mid_ev,40,160,1900,full_load,409.0,2309.0,116.673,662.2
148,5.39,city,3.0,2.6,19.3,0.608,33.1,clear,mid_ev,40,160,1900,full_load,405.6,2305.6,3.046,564.8
149,15.99,arterial,12.7,7.8,51.7,0.754,33.1,clear,mid_ev,40,160,1900,half_load,205.4,2105.4,8.618,539.1
150,2.94,arterial,27.7,15.6,48.8,0.218,31.5,clear,large_ev,75,190,2400,half_load,318.8,2718.8,1.246,423.6
151,33.06,highway,31.2,50.3,81.1,0.005,32.8,clear,mid_ev,40,160,1900,full_load,438.8,2338.8,17.742,536.6
154,4.37,city,7.6,2.6,23.4,0.845,36.2,rain,small_ev,24,140,1400,unladen,26.6,1426.6,2.354,538.2
156,7.62,arterial,24.5,21.6,37.3,0.447,20.0,rain,small_ev,24,140,1400,half_load,134.8,1534.8,1.948,255.7
157,12.19,city,3.5,4.0,13.5,0.81,30.8,clear,mid_ev,40,160,1900,full_load,412.2,2312.2,8.569,702.7
158,3.43,city,8.5,1.8,17.1,0.333,33.3,clear,large_ev,75,190,2400,unladen,33.8,2433.8,1.412,412.2
159,60.16,highway,7.8,19.1,77.6,0.329,30.2,heavy_rain,small_ev,24,140,1400,half_load,160.0,1560.0,31.617,525.6
160,11.49,arterial,86.9,2.6,50.4,0.299,38.1,clear,large_ev,75,190,2400,full_load,528.1,2928.1,7.04,612.6
161,13.4,highway,57.2,47.9,73.7,0.11,36.5,rain,small_ev,24,140,1400,unladen,10.7,1410.7,5.598,417.7
162,5.82,city,7.0,2.2,13.9,0.424,27.6,clear,large_ev,75,190,2400,half_load,249.9,2649.9,2.583,444.0
163,2.39,city,22.1,8.0,22.0,0.813,30.7,rain,small_ev,24,140,1400,half_load,124.4,1524.4,1.32,551.3
164,5.9,city,1.0,0.9,14.2,0.26,28.3,clear,small_ev,24,140,1400,full_load,256.4,1656.4,1.228,208.0
165,11.69,city,2.6,16.2,13.5,0.724,31.8,clear,mid_ev,40,160,1900,unladen,16.0,1916.0,6.271,536.4
167,9.77,arterial,46.8,1.8,42.8,0.437,28.8,clear,large_ev,75,190,2400,unladen,8.4,2408.4,4.08,417.5
168,4.38,city,2.0,0.8,18.6,0.102,27.6,rain,small_ev,24,140,1400,full_load,257.3,1657.3,0.587,134.0
170,11.11,city,20.6,16.6,17.8,0.827,26.7,clear,large_ev,75,190,2400,full_load,527.6,2927.6,10.985,988.8
171,10.13,arterial,26.7,13.5,58.0,0.509,29.9,clear,large_ev,75,190,2400,half_load,246.2,2646.2,6.407,632.4
172,32.64,highway,97.8,16.6,79.1,0.051,36.3,clear,small_ev,24,140,1400,unladen,10.8,1410.8,15.289,468.4
173,5.12,city,5.0,4.8,26.5,0.682,26.6,rain,large_ev,75,190,2400,half_load,326.9,2726.9,3.938,768.9
174,29.16,highway,1.7,27.8,92.0,0.097,23.8,clear,large_ev,75,190,2400,unladen,40.4,2440.4,20.464,701.9
175,90.76,highway,86.6,82.0,79.4,0.113,37.5,clear,large_ev,75,190,2400,full_load,596.9,2996.9,61.446,677.0
176,5.02,city,0.6,0.1,24.4,0.523,24.0,clear,large_ev,75,190,2400,half_load,308.8,2708.8,2.771,551.6
177,7.76,arterial,39.5,6.2,54.1,0.177,30.8,rain,small_ev,24,140,1400,half_load,123.5,1523.5,2.284,294.5
178,8.36,arterial,39.6,16.9,48.0,0.366,34.5,clear,large_ev,75,190,2400,half_load,334.8,2734.8,4.429,530.1
180,44.32,arterial,20.5,6.3,41.4,0.466,29.2,rain,small_ev,24,140,1400,half_load,124.6,1524.6,12.867,290.3
181,113.4,highway,66.6,29.3,80.0,0.284,29.9,clear,large_ev,75,190,2400,unladen,53.7,2453.7,75.709,667.7
182,26.07,arterial,20.6,25.1,48.2,0.473,36.1,clear,large_ev,75,190,2400,full_load,589.4,2989.4,14.674,562.9
183,25.39,arterial,20.0,16.6,66.6,0.51,20.0,clear,small_ev,24,140,1400,half_load,152.7,1552.7,10.892,429.0
184,66.89,highway,8.5,6.0,82.4,0.187,29.8,clear,large_ev,75,190,2400,full_load,529.3,2929.3,45.931,686.6
185,96.47,highway,55.0,32.5,81.3,0.086,31.5,clear,mid_ev,40,160,1900,half_load,216.3,2116.3,51.002,528.7
186,89.69,highway,2.2,0.2,77.9,0.056,28.6,clear,small_ev,24,140,1400,full_load,283.3,1683.3,36.462,406.5
188,18.5,city,2.7,2.5,33.7,0.4,31.3,clear,large_ev,75,190,2400,unladen,51.0,2451.0,9.262,500.5
189,1.0,city,0.4,18.4,29.2,0.774,31.0,clear,small_ev,24,140,1400,full_load,286.4,1686.4,0.535,535.2
190,24.33,arterial,4.3,71.0,42.1,0.2,23.5,clear,large_ev,75,190,2400,unladen,3.5,2403.5,7.151,293.9
191,91.61,highway,8.2,68.4,101.2,0.133,28.7,clear,large_ev,75,190,2400,full_load,587.6,2987.6,83.505,911.5
193,78.78,arterial,17.2,6.2,40.6,0.158,31.1,clear,large_ev,75,190,2400,half_load,300.2,2700.2,22.43,284.7
194,8.48,city,0.7,14.3,20.2,0.647,35.8,clear,mid_ev,40,160,1900,full_load,420.6,2320.6,5.836,688.4
195,39.74,arterial,6.6,5.1,44.7,0.564,22.6,rain,mid_ev,40,160,1900,half_load,241.3,2141.3,15.866,399.2
196,26.14,arterial,59.8,10.3,30.8,0.53,35.1,clear,large_ev,75,190,2400,unladen,18.5,2418.5,10.393,397.6
197,36.24,arterial,38.4,2.5,63.7,0.179,42.0,clear,large_ev,75,190,2400,full_load,522.1,2922.1,22.013,607.5
198,6.69,arterial,15.3,24.1,29.9,0.193,38.6,clear,small_ev,24,140,1400,unladen,21.7,1421.7,1.118,167.2
199,162.89,highway,17.2,31.4,102.4,0.343,35.6,clear,small_ev,24,140,1400,half_load,177.5,1577.5,122.147,749.9
203,12.44,city,32.4,2.4,12.1,0.169,34.0,clear,mid_ev,40,160,1900,unladen,23.5,1923.5,2.447,196.8
204,12.65,arterial,0.3,27.8,38.2,0.42,35.2,rain,large_ev,75,190,2400,unladen,41.4,2441.4,5.239,414.1
205,5.52,arterial,17.2,5.8,41.9,0.655,27.5,clear,small_ev,24,140,1400,half_load,177.6,1577.6,1.971,357.4
206,33.01,highway,60.1,19.8,88.5,0.275,33.3,clear,small_ev,24,140,1400,full_load,278.2,1678.2,19.042,576.9
207,15.46,highway,107.8,8.5,90.1,0.293,34.4,clear,small_ev,24,140,1400,half_load,158.0,1558.0,9.837,636.1
209,3.5,city,10.6,0.0,23.7,0.679,38.6,clear,small_ev,24,140,1400,full_load,265.1,1665.1,1.812,518.1
211,2.79,city,0.5,3.4,23.6,0.897,35.4,clear,large_ev,75,190,2400,half_load,290.0,2690.0,2.784,998.8
214,96.17,highway,48.7,0.0,77.2,0.079,29.8,clear,large_ev,75,190,2400,half_load,266.3,2666.3,54.403,565.7
215,32.64,arterial,50.5,6.1,53.7,0.376,30.9,clear,large_ev,75,190,2400,unladen,25.3,2425.3,15.076,461.9
216,8.24,arterial,26.3,28.2,52.6,0.272,21.8,clear,large_ev,75,190,2400,full_load,560.6,2960.6,3.72,451.5
217,44.27,arterial,7.6,3.2,45.7,0.589,23.6,clear,small_ev,24,140,1400,unladen,1.9,1401.9,13.679,309.0
218,146.3,highway,18.0,5.7,68.1,0.098,27.5,rain,small_ev,24,140,1400,half_load,120.2,1520.2,50.098,342.4
219,15.11,arterial,17.1,13.3,48.3,0.635,27.4,clear,large_ev,75,190,2400,full_load,572.2,2972.2,9.282,614.5
220,9.94,city,35.3,20.0,17.5,0.418,38.7,clear,large_ev,75,190,2400,full_load,536.2,2936.2,6.568,661.1
221,1.29,city,2.3,4.2,11.0,0.783,36.0,rain,mid_ev,40,160,1900,half_load,240.4,2140.4,0.899,696.7
222,9.44,arterial,8.2,46.3,47.7,0.364,26.1,clear,mid_ev,40,160,1900,unladen,15.6,1915.6,3.311,350.7
223,7.4,city,7.1,22.1,11.5,0.886,40.0,clear,small_ev,24,140,1400,half_load,162.2,1562.2,4.413,596.8
224,39.2,arterial,9.3,4.9,30.9,0.438,31.4,clear,large_ev,75,190,2400,half_load,309.7,2709.7,14.679,374.5
225,4.16,city,4.3,19.9,15.8,0.583,29.1,clear,small_ev,24,140,1400,full_load,282.2,1682.2,1.77,426.0
227,5.85,arterial,29.1,54.7,50.5,0.369,21.8,rain,small_ev,24,140,1400,unladen,2.3,1402.3,1.592,272.1
228,7.3,city,4.9,0.5,27.6,0.61,42.0,clear,small_ev,24,140,1400,unladen,7.7,1407.7,3.399,465.4
229,13.44,city,5.5,7.0,26.6,0.752,26.5,clear,large_ev,75,190,2400,full_load,571.5,2971.5,11.781,876.3
230,29.02,arterial,35.3,30.6,41.0,0.396,30.7,clear,mid_ev,40,160,1900,half_load,232.6,2132.6,9.488,326.9
231,1.0,city,0.3,4.0,19.2,0.304,25.1,rain,small_ev,24,140,1400,full_load,276.2,1676.2,0.259,258.7
232,16.42,arterial,5.6,3.6,41.9,0.39,28.1,clear,mid_ev,40,160,1900,full_load,423.7,2323.7,5.516,335.9
233,13.58,city,0.8,0.6,7.5,0.55,24.9,clear,large_ev,75,190,2400,full_load,565.7,2965.7,8.395,618.1
234,21.19,arterial,114.5,0.3,45.2,0.803,29.4,clear,large_ev,75,190,2400,full_load,557.4,2957.4,15.35,724.5
235,1.29,city,5.3,1.0,30.3,0.831,37.0,clear,large_ev,75,190,2400,unladen,14.1,2414.1,1.238,963.3
236,5.68,city,0.3,12.9,21.7,0.432,29.2,rain,small_ev,24,140,1400,half_load,158.7,1558.7,1.832,322.7
237,22.21,arterial,3.4,2.7,61.0,0.144,33.1,clear,mid_ev,40,160,1900,full_load,429.5,2329.5,8.87,399.3
238,11.11,arterial,41.8,4.5,41.0,0.391,27.3,clear,large_ev,75,190,2400,full_load,559.4,2959.4,4.962,446.5
240,5.41,city,28.3,2.9,25.5,0.307,24.2,clear,mid_ev,40,160,1900,unladen,31.0,1931.0,1.678,310.4
241,47.35,highway,0.6,18.2,70.9,0.049,26.8,clear,small_ev,24,140,1400,unladen,16.0,1416.0,15.741,332.4
243,56.77,highway,2.2,25.5,86.4,0.364,28.6,clear,small_ev,24,140,1400,unladen,20.3,1420.3,27.869,490.9
244,10.33,arterial,40.1,20.7,41.1,0.536,27.8,rain,large_ev,75,190,2400,full_load,522.5,2922.5,5.156,499.2
245,118.04,highway,173.5,144.0,66.1,0.098,30.4,clear,large_ev,75,190,2400,half_load,331.2,2731.2,53.605,454.1
246,9.91,arterial,33.6,23.0,40.1,0.315,23.2,clear,mid_ev,40,160,1900,unladen,13.6,1913.6,2.872,289.8
247,49.89,highway,72.3,26.2,68.6,0.301,27.5,clear,small_ev,24,140,1400,unladen,18.2,1418.2,17.048,341.7
249,4.27,city,7.1,6.2,26.4,0.248,27.8,clear,large_ev,75,190,2400,half_load,272.2,2672.2,1.577,369.7
250,7.9,arterial,19.4,20.4,45.9,0.42,21.9,rain,small_ev,24,140,1400,full_load,263.8,1663.8,2.316,293.3
251,2.84,city,3.0,20.5,25.7,0.284,34.8,rain,mid_ev,40,160,1900,unladen,38.2,1938.2,0.875,308.3
252,31.21,arterial,31.1,9.8,38.5,0.235,36.2,clear,mid_ev,40,160,1900,half_load,222.3,2122.3,8.807,282.2
253,13.61,city,1.4,0.7,37.6,0.659,33.6,clear,small_ev,24,140,1400,half_load,160.7,1560.7,6.873,505.0
254,5.12,city,21.3,13.9,32.0,0.631,26.2,heavy_rain,large_ev,75,190,2400,unladen,2.1,2402.1,3.711,725.1
255,16.68,city,9.5,42.7,24.5,0.634,30.1,clear,mid_ev,40,160,1900,full_load,413.8,2313.8,9.549,572.4
256,5.44,city,6.0,0.6,20.3,0.386,28.3,rain,mid_ev,40,160,1900,full_load,411.2,2311.2,2.292,421.2
257,1.4,city,6.5,8.0,22.4,0.501,25.7,clear,large_ev,75,190,2400,half_load,322.3,2722.3,0.825,588.1
258,1.65,city,1.6,14.0,16.0,0.759,36.8,rain,mid_ev,40,160,1900,unladen,6.7,1906.7,1.024,621.3
259,13.01,arterial,26.5,5.7,47.0,0.643,34.7,heavy_rain,small_ev,24,140,1400,full_load,261.2,1661.2,5.499,422.8
260,24.58,arterial,22.5,4.8,51.3,0.514,28.2,clear,large_ev,75,190,2400,full_load,519.2,2919.2,13.595,553.1
261,5.82,city,0.8,1.8,15.0,0.406,28.7,clear,mid_ev,40,160,1900,half_load,186.4,2086.4,2.127,365.5
264,12.2,city,6.6,4.2,30.4,0.309,33.5,clear,mid_ev,40,160,1900,half_load,236.8,2136.8,4.276,350.5
265,151.87,highway,24.3,19.8,79.2,0.443,36.3,rain,mid_ev,40,160,1900,full_load,448.2,2348.2,93.621,616.5
266,39.35,city,6.2,6.3,17.5,0.646,26.8,rain,large_ev,75,190,2400,half_load,302.5,2702.5,28.003,711.7
267,8.45,city,20.3,3.2,22.4,0.729,38.0,clear,small_ev,24,140,1400,half_load,126.2,1526.2,4.638,548.7
268,79.78,highway,34.8,56.7,72.1,0.119,40.2,clear,large_ev,75,190,2400,full_load,569.1,2969.1,47.997,601.6
269,26.94,highway,12.8,17.1,82.5,0.229,40.9,clear,mid_ev,40,160,1900,unladen,8.2,1908.2,17.763,659.3
270,26.79,arterial,115.2,11.1,41.3,0.49,30.9,heavy_rain,large_ev,75,190,2400,full_load,569.4,2969.4,15.638,583.7
271,102.23,highway,35.2,11.6,78.6,0.375,27.6,clear,small_ev,24,140,1400,half_load,165.4,1565.4,45.453,444.6
272,4.31,city,8.2,22.6,24.1,0.805,35.0,clear,large_ev,75,190,2400,unladen,30.8,2430.8,3.645,845.2
273,38.73,highway,21.9,37.1,86.9,0.015,26.1,clear,mid_ev,40,160,1900,unladen,26.0,1926.0,20.215,522.0
274,2.2,city,20.4,7.2,20.9,0.735,23.5,rain,large_ev,75,190,2400,half_load,339.4,2739.4,1.852,842.5
276,12.22,arterial,24.8,0.2,52.4,0.308,31.8,heavy_rain,mid_ev,40,160,1900,half_load,264.1,2164.1,5.092,416.9
277,23.81,arterial,19.7,17.9,35.3,0.52,40.2,rain,small_ev,24,140,1400,full_load,293.8,1693.8,8.25,346.4
279,12.33,arterial,5.7,8.5,42.9,0.502,41.8,clear,small_ev,24,140,1400,half_load,144.9,1544.9,4.22,342.3
282,147.59,highway,34.5,136.0,77.8,0.129,42.0,clear,large_ev,75,190,2400,unladen,26.0,2426.0,101.77,689.5
283,99.34,highway,20.4,1.6,91.5,0.243,41.3,heavy_rain,large_ev,75,190,2400,unladen,6.4,2406.4,102.998,1036.8
284,26.46,arterial,20.5,11.1,40.8,0.586,38.9,rain,small_ev,24,140,1400,unladen,10.6,1410.6,8.797,332.5
285,18.36,city,0.5,5.4,16.5,0.611,29.1,clear,mid_ev,40,160,1900,unladen,7.7,1907.7,8.586,467.6
286,17.44,arterial,12.3,45.7,40.2,0.163,31.0,heavy_rain,large_ev,75,190,2400,half_load,267.6,2667.6,5.327,305.5
287,18.21,arterial,35.8,0.1,28.9,0.506,30.4,clear,large_ev,75,190,2400,unladen,35.3,2435.3,6.684,367.1
289,22.93,highway,1.7,8.7,67.5,0.468,29.8,clear,mid_ev,40,160,1900,full_load,427.1,2327.1,10.03,437.4
290,17.83,arterial,1.4,19.2,29.5,0.217,39.0,rain,large_ev,75,190,2400,half_load,259.5,2659.5,5.312,298.0
291,18.16,arterial,8.7,10.3,43.5,0.67,27.7,clear,mid_ev,40,160,1900,half_load,227.1,2127.1,7.838,431.5
294,14.73,arterial,52.6,9.0,45.7,0.647,28.7,clear,small_ev,24,140,1400,half_load,149.3,1549.3,5.36,363.9
295,31.62,arterial,13.9,6.2,40.4,0.255,36.6,clear,small_ev,24,140,1400,full_load,269.4,1669.4,7.497,237.1
296,12.14,city,7.8,5.8,30.5,0.67,42.0,rain,small_ev,24,140,1400,unladen,25.9,1425.9,6.725,554.0
297,27.75,highway,55.2,31.9,85.0,0.369,31.0,clear,large_ev,75,190,2400,unladen,52.6,2452.6,21.059,759.0
298,5.51,arterial,6.2,1.7,46.3,0.557,33.1,clear,mid_ev,40,160,1900,unladen,18.2,1918.2,2.281,414.3
299,79.84,highway,4.1,68.5,89.1,0.461,29.4,clear,mid_ev,40,160,1900,half_load,257.4,2157.4,53.885,674.9
300,28.61,city,5.1,2.6,24.1,0.867,38.2,clear,mid_ev,40,160,1900,unladen,11.0,1911.0,20.687,723.0
301,12.49,arterial,10.6,47.2,42.0,0.259,40.2,rain,large_ev,75,190,2400,half_load,356.0,2756.0,5.45,436.5
302,3.94,city,4.7,2.5,25.5,0.339,30.8,heavy_rain,small_ev,24,140,1400,half_load,173.0,1573.0,1.126,285.7
303,20.54,arterial,4.6,12.5,33.7,0.256,31.3,clear,small_ev,24,140,1400,unladen,2.0,1402.0,3.492,170.0
304,23.44,arterial,22.8,17.0,31.7,0.069,29.6,heavy_rain,small_ev,24,140,1400,full_load,262.6,1662.6,3.363,143.4
305,5.89,city,2.6,13.3,32.2,0.621,26.5,rain,small_ev,24,140,1400,half_load,154.4,1554.4,2.535,430.5
306,1.34,city,4.8,3.3,14.8,0.275,36.8,rain,small_ev,24,140,1400,unladen,28.4,1428.4,0.295,220.3
307,20.54,arterial,4.9,20.1,42.5,0.702,31.3,rain,large_ev,75,190,2400,half_load,248.9,2648.9,12.684,617.5
308,54.56,highway,4.4,104.3,88.3,0.18,33.2,clear,small_ev,24,140,1400,full_load,267.3,1667.3,29.428,539.3
310,21.2,arterial,4.7,1.2,51.1,0.205,25.8,clear,small_ev,24,140,1400,half_load,165.4,1565.4,5.579,263.2
311,8.57,arterial,62.2,36.1,42.4,0.058,30.0,clear,large_ev,75,190,2400,half_load,254.9,2654.9,2.302,268.8
312,18.6,arterial,20.5,14.6,42.6,0.614,29.5,clear,mid_ev,40,160,1900,full_load,407.0,2307.0,8.377,450.4
313,90.53,highway,66.0,3.1,63.4,0.193,33.7,clear,large_ev,75,190,2400,unladen,51.6,2451.6,41.372,457.0
314,17.19,highway,40.7,3.6,82.8,0.13,33.2,clear,large_ev,75,190,2400,half_load,246.6,2646.6,11.256,655.0
315,10.15,highway,38.5,92.9,80.8,0.079,39.5,clear,small_ev,24,140,1400,half_load,126.3,1526.3,5.143,506.9
316,5.43,city,15.4,9.7,21.2,0.268,22.9,clear,mid_ev,40,160,1900,half_load,211.2,2111.2,1.437,264.6
317,3.95,city,2.7,2.8,23.4,0.195,33.0,heavy_rain,small_ev,24,140,1400,full_load,293.2,1693.2,0.82,207.7
319,63.04,arterial,8.1,8.4,35.1,0.474,31.4,clear,large_ev,75,190,2400,unladen,46.6,2446.6,24.938,395.6
322,2.94,arterial,87.8,9.2,49.2,0.248,28.5,clear,small_ev,24,140,1400,full_load,264.4,1664.4,1.127,382.8
324,35.12,highway,4.8,56.1,77.0,0.224,32.1,clear,small_ev,24,140,1400,half_load,153.8,1553.8,15.31,436.0
325,8.52,arterial,7.8,28.7,36.8,0.352,22.7,clear,small_ev,24,140,1400,unladen,19.7,1419.7,1.79,210.0
326,18.88,highway,22.7,50.2,79.4,0.413,38.9,clear,mid_ev,40,160,1900,full_load,416.7,2316.7,11.807,625.2
327,25.24,highway,75.8,43.8,89.9,0.216,28.9,clear,large_ev,75,190,2400,full_load,577.2,2977.2,19.855,786.8
328,9.65,city,0.9,6.4,26.7,0.055,35.4,rain,mid_ev,40,160,1900,unladen,5.3,1905.3,1.444,149.7
329,11.46,arterial,58.3,24.6,38.1,0.681,33.9,clear,mid_ev,40,160,1900,full_load,431.0,2331.0,5.553,484.5
330,6.75,city,6.4,2.0,11.3,0.838,26.4,clear,large_ev,75,190,2400,half_load,343.0,2743.0,6.062,897.6
331,15.43,arterial,1.4,9.4,43.1,0.291,32.9,clear,mid_ev,40,160,1900,unladen,13.1,1913.1,4.56,295.4
332,2.43,city,0.9,6.7,28.0,0.716,36.1,rain,small_ev,24,140,1400,unladen,28.8,1428.8,1.186,488.9
333,65.84,highway,55.2,30.7,89.8,0.114,28.0,clear,large_ev,75,190,2400,full_load,530.0,2930.0,49.446,751.0
334,4.31,city,1.2,11.4,21.4,0.443,28.9,clear,mid_ev,40,160,1900,full_load,421.5,2321.5,1.855,430.5
335,13.97,city,5.5,10.7,24.3,0.407,26.5,clear,mid_ev,40,160,1900,full_load,432.2,2332.2,5.844,418.4
336,3.23,city,9.1,0.6,32.9,0.777,38.3,rain,large_ev,75,190,2400,half_load,263.7,2663.7,3.324,1028.3
337,43.51,highway,12.8,1.9,96.5,0.099,29.8,rain,mid_ev,40,160,1900,half_load,242.6,2142.6,31.465,723.2
338,7.69,city,1.1,4.8,23.3,0.433,33.8,clear,large_ev,75,190,2400,unladen,55.4,2455.4,3.836,498.9
339,2.97,city,5.4,1.8,12.1,0.795,42.0,clear,large_ev,75,190,2400,unladen,15.1,2415.1,2.764,929.8
341,4.39,city,1.9,7.6,25.5,0.731,36.5,clear,large_ev,75,190,2400,full_load,565.8,2965.8,4.131,941.5
342,4.7,arterial,30.2,5.6,44.3,0.611,25.2,clear,mid_ev,40,160,1900,half_load,194.7,2094.7,2.035,433.3
343,23.44,highway,45.6,6.0,96.6,0.09,20.0,clear,large_ev,75,190,2400,unladen,24.3,2424.3,19.134,816.3
344,6.6,arterial,62.0,12.5,42.2,0.425,31.2,rain,small_ev,24,140,1400,full_load,288.8,1688.8,2.268,343.8
345,7.79,arterial,2.5,18.9,41.8,0.349,29.5,clear,large_ev,75,190,2400,full_load,590.6,2990.6,3.317,425.6
346,56.78,highway,10.0,47.9,84.5,0.054,24.6,clear,small_ev,24,140,1400,half_load,146.6,1546.6,24.184,425.9
347,11.51,arterial,54.7,13.0,60.0,0.274,27.0,clear,mid_ev,40,160,1900,unladen,32.4,1932.4,4.676,406.2
348,14.57,arterial,6.1,10.0,58.0,0.615,33.8,rain,large_ev,75,190,2400,unladen,53.2,2453.2,9.732,668.1
350,16.29,arterial,4.5,73.3,57.1,0.199,39.6,clear,large_ev,75,190,2400,half_load,270.6,2670.6,8.533,523.8
351,19.08,arterial,5.3,13.3,30.4,0.209,31.7,clear,small_ev,24,140,1400,half_load,139.4,1539.4,2.971,155.7
353,3.38,city,0.8,4.9,20.7,0.708,30.3,clear,mid_ev,40,160,1900,full_load,418.9,2318.9,2.317,685.8
354,1.27,city,13.3,1.4,23.4,0.168,28.1,clear,large_ev,75,190,2400,full_load,576.4,2976.4,0.469,369.8
355,5.94,arterial,6.7,11.3,55.2,0.645,29.5,rain,mid_ev,40,160,1900,half_load,230.1,2130.1,3.185,535.9
356,1.49,city,6.7,9.3,22.0,0.581,26.1,rain,small_ev,24,140,1400,full_load,261.9,1661.9,0.579,389.5
357,4.51,city,1.9,7.8,13.5,0.429,35.2,clear,large_ev,75,190,2400,full_load,523.1,2923.1,2.344,520.1
359,30.87,highway,10.8,37.3,87.7,0.067,31.0,rain,large_ev,75,190,2400,full_load,569.7,2969.7,23.263,753.5
360,75.4,highway,29.0,1.0,88.9,0.177,32.2,rain,mid_ev,40,160,1900,half_load,214.6,2114.6,50.791,673.7
361,44.87,arterial,28.7,3.2,52.0,0.134,22.8,clear,large_ev,75,190,2400,half_load,302.9,2702.9,16.622,370.4
363,14.03,city,6.4,0.2,36.0,0.924,29.7,clear,large_ev,75,190,2400,unladen,48.6,2448.6,13.217,942.3
364,13.55,arterial,45.8,19.5,45.8,0.234,32.3,clear,mid_ev,40,160,1900,half_load,202.4,2102.4,4.24,312.9
365,5.97,city,33.2,0.9,19.5,0.675,28.7,clear,large_ev,75,190,2400,full_load,539.5,2939.5,4.957,830.8
366,102.26,highway,1.1,30.5,103.8,0.155,33.9,clear,small_ev,24,140,1400,full_load,286.9,1686.9,76.524,748.3
367,59.23,highway,33.0,32.9,70.1,0.673,37.5,clear,large_ev,75,190,2400,half_load,348.3,2748.3,39.633,669.2
368,10.62,city,11.9,0.4,22.1,0.434,26.9,rain,large_ev,75,190,2400,half_load,303.4,2703.4,5.778,544.3
369,1.05,city,1.2,7.8,31.1,0.438,25.5,clear,small_ev,24,140,1400,unladen,14.1,1414.1,0.31,294.8
370,11.63,city,1.1,19.2,19.5,0.893,31.3,clear,mid_ev,40,160,1900,full_load,432.1,2332.1,9.057,778.6
371,3.47,city,3.7,0.7,27.8,0.611,32.8,clear,mid_ev,40,160,1900,unladen,34.7,1934.7,1.838,529.8
372,17.04,highway,2.8,12.1,73.8,0.252,42.0,clear,mid_ev,40,160,1900,unladen,6.9,1906.9,9.252,542.8
373,102.36,highway,211.0,32.8,91.8,0.314,28.2,clear,large_ev,75,190,2400,full_load,543.0,2943.0,85.689,837.1
374,7.61,arterial,23.9,18.7,43.6,0.396,39.2,clear,mid_ev,40,160,1900,unladen,10.1,1910.1,2.9,380.8
375,7.0,city,1.9,1.7,20.9,0.453,26.3,clear,small_ev,24,140,1400,half_load,126.1,1526.1,1.963,280.4
376,45.95,highway,102.0,8.2,78.1,0.178,26.5,clear,small_ev,24,140,1400,half_load,145.7,1545.7,19.138,416.5
377,51.05,highway,0.4,19.8,80.3,0.218,31.4,rain,mid_ev,40,160,1900,full_load,398.4,2298.4,28.598,560.2
378,39.41,arterial,12.2,14.6,45.7,0.611,31.2,clear,mid_ev,40,160,1900,unladen,34.9,1934.9,15.883,403.1
380,8.97,city,8.4,16.0,24.4,0.552,31.5,clear,small_ev,24,140,1400,half_load,158.9,1558.9,3.354,373.9
381,48.08,highway,1.1,80.4,77.1,0.101,26.0,clear,large_ev,75,190,2400,unladen,17.9,2417.9,25.05,521.0
382,16.67,arterial,43.3,6.1,46.4,0.312,37.4,clear,large_ev,75,190,2400,full_load,574.3,2974.3,8.062,483.7
383,103.34,highway,44.8,33.0,86.3,0.039,33.7,rain,small_ev,24,140,1400,unladen,18.2,1418.2,54.189,524.4
384,1.24,city,9.7,6.4,16.3,0.266,21.3,clear,mid_ev,40,160,1900,unladen,36.4,1936.4,0.337,271.5
385,41.69,arterial,17.5,47.5,47.4,0.128,35.0,clear,large_ev,75,190,2400,full_load,512.9,2912.9,14.605,350.3
386,50.55,highway,0.0,0.9,69.9,0.485,29.8,clear,small_ev,24,140,1400,full_load,263.1,1663.1,19.571,387.2
387,3.5,arterial,52.6,7.5,37.1,0.302,25.7,clear,small_ev,24,140,1400,unladen,6.5,1406.5,0.897,256.6
388,11.1,arterial,23.7,7.8,28.6,0.262,36.5,clear,mid_ev,40,160,1900,full_load,399.9,2299.9,2.884,259.8
389,105.48,highway,2.8,4.6,85.9,0.484,37.2,clear,small_ev,24,140,1400,unladen,4.6,1404.6,63.089,598.1
390,40.04,highway,9.7,3.6,76.3,0.073,40.4,clear,large_ev,75,190,2400,unladen,51.3,2451.3,26.127,652.5
391,17.62,arterial,8.7,5.4,38.1,0.209,37.7,clear,large_ev,75,190,2400,unladen,22.6,2422.6,5.723,324.8
392,19.95,arterial,21.8,4.7,37.6,0.336,20.4,clear,mid_ev,40,160,1900,half_load,211.5,2111.5,5.412,271.4
394,58.08,arterial,15.7,42.6,57.8,0.204,37.1,rain,large_ev,75,190,2400,half_load,316.8,2716.8,30.802,530.3
397,10.05,arterial,61.0,4.6,51.4,0.471,24.1,clear,large_ev,75,190,2400,half_load,328.4,2728.4,5.443,541.4
400,14.75,arterial,0.9,23.2,39.8,0.186,40.0,clear,small_ev,24,140,1400,half_load,145.0,1545.0,3.052,206.9
403,65.1,highway,83.1,30.9,63.7,0.071,32.7,clear,large_ev,75,190,2400,full_load,541.1,2941.1,28.812,442.6
404,59.68,highway,7.2,98.3,72.7,0.226,28.2,clear,mid_ev,40,160,1900,half_load,188.6,2088.6,25.377,425.2
405,46.76,arterial,5.6,50.5,34.4,0.634,26.9,clear,large_ev,75,190,2400,full_load,580.3,2980.3,25.408,543.4
406,2.79,city,2.3,6.7,25.8,0.446,33.8,clear,large_ev,75,190,2400,unladen,20.6,2420.6,1.396,500.7
407,101.33,highway,8.4,0.6,80.3,0.296,30.3,clear,small_ev,24,140,1400,half_load,169.0,1569.0,46.1,455.0
408,2.49,city,3.0,14.8,23.9,0.859,41.7,clear,small_ev,24,140,1400,full_load,276.1,1676.1,1.739,697.5
409,4.06,city,2.9,18.8,19.3,0.55,35.5,clear,small_ev,24,140,1400,half_load,166.8,1566.8,1.57,386.5
410,48.72,highway,48.5,25.8,82.3,0.399,35.1,clear,mid_ev,40,160,1900,full_load,445.4,2345.4,31.696,650.6
411,11.1,city,5.1,1.3,31.6,0.626,32.3,clear,small_ev,24,140,1400,half_load,135.9,1535.9,5.088,458.5
412,81.15,highway,3.5,23.2,85.9,0.071,33.1,clear,mid_ev,40,160,1900,half_load,258.4,2158.4,47.875,590.0
414,18.6,arterial,12.0,31.4,39.7,0.753,23.8,rain,mid_ev,40,160,1900,full_load,392.3,2292.3,9.115,490.2
417,59.65,highway,50.0,10.0,82.8,0.015,31.9,rain,mid_ev,40,160,1900,unladen,5.4,1905.4,31.669,530.9
418,7.6,city,2.1,4.4,17.7,0.519,27.5,clear,large_ev,75,190,2400,unladen,18.8,2418.8,3.832,504.4
419,9.66,arterial,4.0,12.0,31.5,0.365,34.0,clear,small_ev,24,140,1400,full_load,296.6,1696.6,2.167,224.3
422,148.4,highway,61.3,15.2,82.2,0.437,30.2,clear,large_ev,75,190,2400,unladen,9.0,2409.0,100.522,677.4
423,21.36,arterial,19.5,10.4,41.3,0.575,24.6,clear,large_ev,75,190,2400,unladen,50.7,2450.7,10.029,469.5
424,22.71,arterial,23.8,14.9,55.4,0.48,30.5,clear,mid_ev,40,160,1900,unladen,41.0,1941.0,9.555,420.7
425,72.11,highway,30.8,57.0,81.7,0.33,26.9,clear,mid_ev,40,160,1900,half_load,229.0,2129.0,42.07,583.4
427,98.93,highway,5.8,10.4,103.7,0.173,23.5,heavy_rain,small_ev,24,140,1400,half_load,134.7,1534.7,74.199,750.0
428,51.93,arterial,23.2,50.3,58.9,0.732,26.5,clear,large_ev,75,190,2400,full_load,552.1,2952.1,38.29,737.4
429,3.53,arterial,31.1,13.2,50.6,0.114,34.6,clear,mid_ev,40,160,1900,unladen,12.7,1912.7,1.141,323.6
430,13.51,arterial,5.8,2.3,40.8,0.913,30.0,clear,large_ev,75,190,2400,full_load,584.5,2984.5,10.184,753.7
431,11.13,city,10.7,1.9,22.0,0.338,23.0,clear,small_ev,24,140,1400,full_load,274.7,1674.7,3.055,274.4
432,7.52,city,2.2,2.9,19.3,0.486,23.7,clear,mid_ev,40,160,1900,half_load,248.5,2148.5,3.508,466.3
433,38.39,arterial,7.6,2.6,45.1,0.192,29.4,heavy_rain,small_ev,24,140,1400,unladen,25.7,1425.7,8.615,224.4
434,84.45,highway,87.2,131.7,87.5,0.039,24.1,clear,small_ev,24,140,1400,unladen,18.9,1418.9,41.078,486.4
435,14.34,arterial,5.6,0.8,49.4,0.341,28.3,rain,large_ev,75,190,2400,unladen,20.7,2420.7,6.022,420.0
436,2.25,city,3.0,6.1,23.1,0.401,36.8,clear,mid_ev,40,160,1900,half_load,182.4,2082.4,0.978,434.3
437,24.02,arterial,17.3,2.4,54.9,0.376,20.4,clear,mid_ev,40,160,1900,full_load,442.4,2342.4,10.591,440.8
438,50.8,arterial,10.6,10.8,44.6,0.636,26.2,clear,small_ev,24,140,1400,unladen,4.9,1404.9,16.442,323.7
439,7.73,city,2.8,3.0,31.3,0.75,38.1,rain,mid_ev,40,160,1900,full_load,422.7,2322.7,6.571,850.1
440,4.02,city,8.6,1.1,18.7,0.53,28.8,clear,large_ev,75,190,2400,half_load,289.1,2689.1,2.263,562.5
441,72.35,highway,162.4,47.2,92.3,0.033,34.0,clear,small_ev,24,140,1400,full_load,277.2,1677.2,42.154,582.6
442,15.4,arterial,13.8,19.5,39.7,0.635,22.8,clear,mid_ev,40,160,1900,half_load,211.9,2111.9,6.198,402.6
444,10.66,arterial,0.4,7.2,54.3,0.536,33.7,clear,small_ev,24,140,1400,half_load,120.8,1520.8,3.937,369.2
445,15.31,arterial,38.9,34.7,50.5,0.407,35.3,heavy_rain,small_ev,24,140,1400,full_load,263.9,1663.9,5.928,387.2
446,6.15,city,12.8,14.5,21.8,0.787,32.0,clear,small_ev,24,140,1400,half_load,178.6,1578.6,3.3,536.9
447,69.09,highway,23.1,53.5,81.4,0.053,36.7,clear,mid_ev,40,160,1900,full_load,383.2,2283.2,40.581,587.3
448,5.65,city,10.5,0.1,25.3,0.547,34.4,rain,large_ev,75,190,2400,unladen,10.5,2410.5,3.698,654.0
449,75.1,highway,83.5,50.2,71.7,0.139,31.3,clear,mid_ev,40,160,1900,full_load,395.8,2295.8,34.139,454.6
450,210.49,highway,4.4,4.3,73.3,0.074,34.3,rain,mid_ev,40,160,1900,half_load,208.7,2108.7,100.764,478.7
451,3.92,arterial,18.5,15.9,43.0,0.698,27.1,clear,small_ev,24,140,1400,full_load,282.7,1682.7,1.451,370.0
454,14.11,arterial,1.2,3.1,46.3,0.409,23.4,clear,mid_ev,40,160,1900,half_load,256.2,2156.2,5.183,367.4
455,9.55,arterial,3.9,29.6,32.1,0.639,33.7,clear,mid_ev,40,160,1900,full_load,406.9,2306.9,3.902,408.5
457,141.54,highway,43.7,12.7,90.5,0.006,33.1,clear,large_ev,75,190,2400,half_load,261.4,2661.4,106.523,752.6
459,88.1,highway,19.7,33.6,90.0,0.194,26.3,clear,large_ev,75,190,2400,full_load,528.4,2928.4,63.885,725.1
460,3.97,city,2.7,1.0,20.9,0.451,28.6,rain,small_ev,24,140,1400,full_load,288.2,1688.2,1.432,360.4
461,24.99,arterial,13.3,20.9,46.6,0.351,36.0,rain,mid_ev,40,160,1900,half_load,211.5,2111.5,9.412,376.7
462,184.07,highway,16.9,2.0,86.1,0.06,37.6,clear,small_ev,24,140,1400,unladen,12.0,1412.0,97.322,528.7
463,97.82,highway,10.8,13.6,94.0,0.205,22.7,clear,small_ev,24,140,1400,unladen,4.0,1404.0,55.347,565.8
464,1.44,city,2.3,3.0,19.7,0.411,26.7,rain,mid_ev,40,160,1900,unladen,25.8,1925.8,0.503,348.8
466,6.22,arterial,28.5,1.3,46.6,0.617,23.5,rain,large_ev,75,190,2400,half_load,275.6,2675.6,3.465,557.5
467,5.98,arterial,19.6,3.9,45.1,0.446,35.5,clear,large_ev,75,190,2400,unladen,1.3,2401.3,2.808,469.6
468,21.84,arterial,13.1,6.2,51.0,0.24,30.0,heavy_rain,mid_ev,40,160,1900,unladen,30.6,1930.6,7.216,330.5
471,21.86,city,4.3,8.8,18.3,0.622,34.7,clear,small_ev,24,140,1400,full_load,258.7,1658.7,9.788,447.9
472,5.57,city,0.8,24.6,26.9,0.31,31.8,clear,large_ev,75,190,2400,half_load,294.8,2694.8,2.28,409.4
474,43.52,arterial,5.5,17.3,28.6,0.574,32.9,clear,small_ev,24,140,1400,unladen,5.6,1405.6,10.233,235.1
475,128.56,highway,64.1,7.8,77.1,0.157,26.2,clear,small_ev,24,140,1400,full_load,283.1,1683.1,50.421,392.2
477,111.26,highway,15.3,4.1,97.3,0.15,20.0,rain,large_ev,75,190,2400,full_load,527.1,2927.1,94.415,848.6
478,24.62,arterial,3.3,68.3,57.0,0.411,31.2,clear,mid_ev,40,160,1900,half_load,221.8,2121.8,10.192,414.0
479,2.88,arterial,23.9,35.0,30.8,0.572,32.9,rain,large_ev,75,190,2400,full_load,557.2,2957.2,1.529,531.2
480,14.53,arterial,29.3,25.1,38.9,0.067,31.0,rain,small_ev,24,140,1400,half_load,168.5,1568.5,2.509,172.7
481,105.27,highway,92.8,6.6,80.7,0.219,35.5,clear,large_ev,75,190,2400,unladen,10.1,2410.1,68.06,646.5
482,7.81,city,15.3,1.8,25.5,0.531,32.3,rain,small_ev,24,140,1400,unladen,15.6,1415.6,3.058,391.3
483,34.8,arterial,17.5,37.7,33.2,0.657,36.5,clear,small_ev,24,140,1400,half_load,146.0,1546.0,11.277,324.0
484,11.0,city,7.7,8.6,22.8,0.632,37.4,clear,mid_ev,40,160,1900,full_load,424.9,2324.9,7.273,661.2
485,9.28,arterial,1.4,5.4,43.4,0.124,37.1,clear,mid_ev,40,160,1900,unladen,5.2,1905.2,2.283,246.0
486,65.62,highway,69.6,6.8,86.9,0.314,32.0,clear,small_ev,24,140,1400,unladen,29.0,1429.0,34.994,533.3
487,41.58,highway,4.1,68.1,72.6,0.095,24.7,clear,large_ev,75,190,2400,full_load,530.8,2930.8,21.325,512.9
488,107.97,highway,16.5,46.1,83.4,0.738,39.5,clear,small_ev,24,140,1400,half_load,156.7,1556.7,66.379,614.8
489,114.69,highway,11.6,11.2,111.3,0.319,25.1,rain,large_ev,75,190,2400,unladen,54.8,2454.8,129.081,1125.5
490,1.28,city,25.9,1.9,23.7,0.541,41.9,clear,mid_ev,40,160,1900,half_load,261.9,2161.9,0.917,713.7
494,14.39,arterial,0.9,24.9,41.8,0.499,35.9,rain,mid_ev,40,160,1900,full_load,449.7,2349.7,6.418,445.9
496,11.11,arterial,49.5,49.9,46.6,0.413,32.4,rain,mid_ev,40,160,1900,full_load,412.6,2312.6,4.911,441.9
497,35.71,highway,32.7,28.6,104.3,0.06,30.1,clear,small_ev,24,140,1400,half_load,172.6,1572.6,24.501,686.2
498,59.59,highway,107.1,40.3,69.9,0.092,30.9,clear,large_ev,75,190,2400,full_load,583.7,2983.7,28.817,483.6
499,13.27,arterial,14.0,21.7,44.9,0.347,21.4,clear,large_ev,75,190,2400,full_load,585.4,2985.4,5.341,402.5
500,91.07,highway,19.4,94.0,88.1,0.088,37.0,rain,large_ev,75,190,2400,full_load,574.0,2974.0,71.63,786.5
501,15.31,arterial,13.3,6.3,47.0,0.205,28.8,clear,large_ev,75,190,2400,half_load,335.6,2735.6,5.458,356.5
502,18.35,highway,46.5,18.6,84.4,0.012,28.5,rain,mid_ev,40,160,1900,half_load,245.7,2145.7,10.182,554.8
504,75.86,highway,23.5,16.9,82.6,0.352,31.4,clear,large_ev,75,190,2400,full_load,584.9,2984.9,51.397,677.5
505,69.9,highway,64.9,80.2,72.5,0.371,30.4,clear,large_ev,75,190,2400,unladen,57.6,2457.6,38.957,557.3
506,83.48,highway,115.8,1.2,98.7,0.271,33.7,heavy_rain,large_ev,75,190,2400,full_load,562.1,2962.1,90.276,1081.4
508,74.03,highway,12.5,35.6,96.0,0.004,32.3,clear,mid_ev,40,160,1900,half_load,200.0,2100.0,51.158,691.1
510,71.91,arterial,51.6,2.9,30.9,0.376,27.5,clear,large_ev,75,190,2400,full_load,561.3,2961.3,25.951,360.9
511,4.46,city,8.6,7.1,25.4,0.34,26.7,rain,mid_ev,40,160,1900,unladen,16.5,1916.5,1.569,352.1
513,13.18,arterial,41.0,32.5,32.0,0.9,25.9,clear,large_ev,75,190,2400,full_load,565.4,2965.4,8.756,664.6
515,94.35,highway,87.8,4.0,74.0,0.122,32.4,clear,mid_ev,40,160,1900,half_load,228.5,2128.5,43.476,460.8
517,122.08,highway,19.7,22.3,50.6,0.091,37.4,clear,small_ev,24,140,1400,unladen,0.4,1400.4,27.016,221.3
519,7.23,city,0.0,6.1,27.9,0.594,35.0,clear,small_ev,24,140,1400,unladen,21.3,1421.3,2.8,387.3
520,21.95,arterial,33.8,25.7,44.5,0.119,34.3,clear,mid_ev,40,160,1900,full_load,424.4,2324.4,6.22,283.4
521,140.94,highway,19.1,22.5,83.7,0.069,29.3,clear,mid_ev,40,160,1900,half_load,220.6,2120.6,76.364,541.8
523,10.79,city,5.4,16.6,20.2,0.657,32.8,clear,large_ev,75,190,2400,half_load,284.6,2684.6,8.021,743.4
524,78.86,highway,33.5,13.7,83.8,0.547,24.7,clear,small_ev,24,140,1400,half_load,171.8,1571.8,38.653,490.2
525,4.59,city,2.2,19.6,29.7,0.596,30.4,clear,small_ev,24,140,1400,half_load,127.4,1527.4,1.862,405.3
526,59.05,arterial,99.7,1.1,44.9,0.584,31.1,clear,large_ev,75,190,2400,half_load,357.3,2757.3,33.128,561.1
527,12.96,city,15.9,19.4,21.3,0.568,36.0,rain,small_ev,24,140,1400,full_load,261.8,1661.8,6.254,482.7
528,2.37,city,17.0,5.8,26.6,0.78,33.7,clear,large_ev,75,190,2400,half_load,260.3,2660.3,2.141,901.5
529,5.14,arterial,6.4,7.7,38.5,0.708,31.4,clear,small_ev,24,140,1400,unladen,12.2,1412.2,1.571,305.5
530,9.47,city,3.0,17.7,31.8,0.666,26.5,clear,small_ev,24,140,1400,half_load,127.6,1527.6,4.297,453.8
531,4.94,city,12.0,9.3,8.4,0.663,26.3,clear,large_ev,75,190,2400,unladen,46.3,2446.3,2.839,575.0
532,117.66,highway,64.6,30.2,90.3,0.139,40.4,clear,small_ev,24,140,1400,full_load,259.9,1659.9,70.307,597.6
534,17.06,city,3.0,5.5,20.0,0.756,33.0,clear,mid_ev,40,160,1900,half_load,247.4,2147.4,11.302,662.5
535,84.32,highway,0.4,3.8,90.7,0.287,33.9,clear,small_ev,24,140,1400,full_load,264.0,1664.0,49.397,585.8
536,11.61,arterial,12.2,19.4,47.5,0.618,32.9,clear,small_ev,24,140,1400,half_load,167.2,1567.2,4.252,366.2
538,12.01,city,8.4,7.5,20.7,0.675,29.3,clear,small_ev,24,140,1400,unladen,23.2,1423.2,4.55,378.9
539,23.51,arterial,73.8,34.5,49.1,0.198,25.4,clear,small_ev,24,140,1400,unladen,9.4,1409.4,5.533,235.4
540,3.76,city,8.5,24.5,26.9,0.728,35.1,clear,large_ev,75,190,2400,unladen,17.0,2417.0,2.952,786.2
541,23.73,arterial,18.3,34.0,39.6,0.108,29.8,clear,large_ev,75,190,2400,unladen,5.2,2405.2,5.747,242.1
543,15.8,city,14.9,3.8,19.4,0.813,26.5,clear,mid_ev,40,160,1900,full_load,426.3,2326.3,11.408,722.2
544,48.55,highway,25.2,7.4,83.0,0.194,22.1,clear,small_ev,24,140,1400,full_load,275.3,1675.3,23.208,478.1
546,93.43,highway,30.6,159.6,95.6,0.592,23.8,clear,small_ev,24,140,1400,half_load,162.7,1562.7,61.665,660.0
547,40.1,highway,64.7,13.5,79.8,0.134,24.6,clear,small_ev,24,140,1400,unladen,1.4,1401.4,17.377,433.3
549,157.35,highway,14.9,6.5,82.9,0.071,37.7,clear,large_ev,75,190,2400,half_load,279.9,2679.9,121.052,769.3
550,27.07,arterial,34.8,1.7,41.0,0.248,38.0,clear,large_ev,75,190,2400,unladen,27.6,2427.6,9.747,360.1
551,2.68,arterial,30.9,27.8,47.3,0.691,33.0,clear,mid_ev,40,160,1900,half_load,262.8,2162.8,1.522,568.4
553,34.06,arterial,0.7,14.7,48.8,0.105,25.5,clear,large_ev,75,190,2400,full_load,564.1,2964.1,11.594,340.4
554,9.33,arterial,4.4,7.7,62.5,0.164,32.4,clear,large_ev,75,190,2400,full_load,524.7,2924.7,4.62,495.3
555,37.83,highway,25.7,46.0,83.6,0.026,26.4,rain,mid_ev,40,160,1900,unladen,15.7,1915.7,19.551,516.9
556,146.35,highway,89.9,36.5,72.9,0.104,30.7,clear,large_ev,75,190,2400,unladen,16.5,2416.5,78.7,537.7
557,18.92,arterial,5.4,8.2,54.0,0.223,31.9,clear,small_ev,24,140,1400,full_load,291.2,1691.2,5.415,286.1
558,42.56,highway,24.6,5.3,70.9,0.21,27.1,rain,small_ev,24,140,1400,full_load,255.3,1655.3,16.022,376.5
559,7.23,city,0.6,21.4,12.1,0.119,26.8,clear,mid_ev,40,160,1900,unladen,38.0,1938.0,1.066,147.5
560,7.39,city,17.7,7.8,22.8,0.904,31.6,heavy_rain,small_ev,24,140,1400,full_load,278.3,1678.3,4.99,675.6
561,26.8,arterial,41.3,17.2,45.4,0.34,30.0,clear,mid_ev,40,160,1900,unladen,16.0,1916.0,8.859,330.6
562,90.78,highway,8.8,38.5,83.4,0.125,26.4,clear,large_ev,75,190,2400,half_load,344.8,2744.8,59.061,650.6
563,18.44,city,1.4,31.0,32.0,0.823,23.2,clear,mid_ev,40,160,1900,half_load,195.1,2095.1,12.27,665.3
564,20.68,arterial,12.4,5.5,37.1,0.377,27.2,clear,mid_ev,40,160,1900,half_load,201.8,2101.8,5.952,287.8
565,32.76,arterial,22.0,35.1,37.5,0.723,30.5,clear,large_ev,75,190,2400,half_load,352.3,2752.3,18.954,578.6
566,12.06,city,22.4,1.8,27.4,0.891,34.6,rain,small_ev,24,140,1400,half_load,166.9,1566.9,7.487,620.9
567,92.14,highway,35.5,0.3,90.1,0.02,40.8,clear,small_ev,24,140,1400,full_load,260.0,1660.0,57.937,628.8
568,75.08,highway,7.3,4.3,85.6,0.158,22.0,rain,large_ev,75,190,2400,half_load,271.1,2671.1,51.643,687.8
569,95.8,highway,104.4,53.7,76.1,0.346,39.9,rain,large_ev,75,190,2400,full_load,531.5,2931.5,71.511,746.4
570,4.72,city,16.9,7.6,25.9,0.512,40.8,clear,small_ev,24,140,1400,full_load,278.5,1678.5,2.194,464.5
571,76.06,highway,22.1,10.5,101.3,0.043,30.7,clear,small_ev,24,140,1400,full_load,286.7,1686.7,49.376,649.2
573,14.06,arterial,21.9,44.5,50.7,0.621,39.8,rain,small_ev,24,140,1400,half_load,156.3,1556.3,6.365,452.7
574,92.81,highway,14.4,29.5,75.3,0.356,39.9,clear,large_ev,75,190,2400,unladen,10.9,2410.9,63.875,688.2
575,4.68,city,4.4,29.2,23.5,0.574,40.2,clear,large_ev,75,190,2400,half_load,354.4,2754.4,3.358,717.4
576,23.18,arterial,13.4,16.2,41.5,0.349,31.8,clear,small_ev,24,140,1400,full_load,293.5,1693.5,5.926,255.6
577,18.02,city,0.1,3.2,11.9,0.712,32.2,clear,small_ev,24,140,1400,half_load,132.9,1532.9,7.897,438.3
581,12.87,arterial,50.0,1.9,56.2,0.199,39.4,rain,mid_ev,40,160,1900,unladen,34.6,1934.6,5.893,457.8
584,8.6,city,5.2,0.7,27.6,0.733,25.7,clear,small_ev,24,140,1400,half_load,170.4,1570.4,4.033,469.0
585,14.11,city,0.6,1.8,27.8,0.361,35.9,clear,large_ev,75,190,2400,full_load,547.1,2947.1,8.294,587.7
586,18.79,city,4.4,5.3,20.6,0.68,31.4,clear,mid_ev,40,160,1900,unladen,37.6,1937.6,9.825,523.0
587,5.24,arterial,18.4,9.6,48.9,0.157,33.5,clear,mid_ev,40,160,1900,unladen,29.3,1929.3,1.468,280.0
589,47.23,highway,4.1,6.9,72.2,0.393,28.1,clear,mid_ev,40,160,1900,unladen,13.6,1913.6,21.236,449.6
590,2.95,city,10.9,1.5,22.0,0.813,29.7,rain,small_ev,24,140,1400,half_load,158.8,1558.8,1.589,538.6
591,105.22,highway,13.6,32.2,92.0,0.109,30.1,rain,large_ev,75,190,2400,unladen,30.1,2430.1,83.889,797.3
592,4.18,city,15.9,7.7,27.0,0.526,26.1,rain,small_ev,24,140,1400,half_load,150.4,1550.4,1.549,370.8
593,48.77,highway,72.2,4.3,75.7,0.522,27.9,clear,large_ev,75,190,2400,full_load,582.8,2982.8,31.436,644.6
594,68.08,arterial,1.7,9.8,41.3,0.77,31.1,clear,mid_ev,40,160,1900,unladen,42.4,1942.4,29.542,433.9
595,63.0,highway,112.6,27.7,80.3,0.063,35.8,clear,large_ev,75,190,2400,full_load,565.8,2965.8,43.034,683.1
596,49.65,highway,4.3,12.9,71.9,0.079,38.8,clear,large_ev,75,190,2400,unladen,9.3,2409.3,27.655,557.0
597,26.26,arterial,5.4,30.8,59.3,0.383,35.8,rain,small_ev,24,140,1400,half_load,127.4,1527.4,9.671,368.2
598,7.83,arterial,7.3,7.8,46.5,0.282,34.4,clear,large_ev,75,190,2400,half_load,328.4,2728.4,3.223,411.8
599,11.78,city,33.6,0.0,28.3,0.474,26.7,rain,mid_ev,40,160,1900,unladen,4.5,1904.5,4.923,418.0
600,9.62,arterial,24.8,28.0,41.8,0.494,32.5,clear,mid_ev,40,160,1900,full_load,396.6,2296.6,3.964,412.2
601,12.39,city,3.1,3.5,22.3,0.205,30.4,clear,mid_ev,40,160,1900,unladen,33.1,1933.1,2.781,224.5
602,11.56,city,11.3,3.0,24.5,0.242,34.7,clear,small_ev,24,140,1400,unladen,24.2,1424.2,2.448,211.7
605,128.47,highway,105.6,16.0,92.0,0.303,31.1,clear,mid_ev,40,160,1900,unladen,6.6,1906.6,90.353,703.3
606,19.71,arterial,14.1,8.9,43.9,0.505,36.1,rain,large_ev,75,190,2400,full_load,558.9,2958.9,11.12,564.1
607,8.66,arterial,4.2,17.3,37.7,0.618,39.7,clear,small_ev,24,140,1400,half_load,142.9,1542.9,2.89,333.6
608,19.08,arterial,23.0,1.4,46.9,0.713,20.0,clear,large_ev,75,190,2400,half_load,350.8,2750.8,11.15,584.3
609,83.85,highway,3.5,60.1,80.4,0.381,32.0,clear,mid_ev,40,160,1900,full_load,420.4,2320.4,48.802,582.0
610,50.12,highway,5.4,34.0,90.5,0.628,35.3,rain,large_ev,75,190,2400,half_load,302.9,2702.9,49.975,997.1
611,36.67,arterial,0.4,28.4,32.6,0.392,30.3,clear,large_ev,75,190,2400,unladen,36.5,2436.5,12.366,337.2
612,2.09,city,5.6,18.3,16.7,0.313,25.4,clear,large_ev,75,190,2400,half_load,311.2,2711.2,0.835,399.2
613,11.03,arterial,55.0,9.5,39.0,0.237,30.8,clear,small_ev,24,140,1400,half_load,142.5,1542.5,2.395,217.2
614,82.6,highway,66.6,34.2,88.6,0.054,32.2,clear,mid_ev,40,160,1900,full_load,412.2,2312.2,52.999,641.6
615,136.71,highway,98.7,25.2,79.9,0.004,26.2,clear,small_ev,24,140,1400,full_load,297.0,1697.0,56.549,413.6
616,62.6,highway,91.0,35.1,82.7,0.199,20.0,rain,mid_ev,40,160,1900,unladen,27.0,1927.0,35.587,568.5
617,16.47,city,0.0,1.0,14.2,0.761,33.0,heavy_rain,small_ev,24,140,1400,full_load,291.9,1691.9,9.073,550.9
618,16.54,city,9.2,1.1,31.8,0.891,31.3,rain,small_ev,24,140,1400,full_load,281.2,1681.2,10.629,642.5
619,11.34,arterial,2.9,1.6,43.1,0.611,23.9,clear,mid_ev,40,160,1900,unladen,0.1,1900.1,4.314,380.3
621,36.87,arterial,16.7,3.3,43.0,0.038,27.3,clear,small_ev,24,140,1400,full_load,264.1,1664.1,6.157,167.0
622,7.28,city,5.8,2.1,23.3,0.511,22.9,clear,large_ev,75,190,2400,half_load,256.1,2656.1,4.144,569.4
623,6.62,city,5.5,20.2,30.5,0.781,36.8,clear,small_ev,24,140,1400,full_load,261.5,1661.5,4.001,604.3
624,56.34,highway,26.9,127.3,79.1,0.059,22.3,clear,large_ev,75,190,2400,unladen,40.8,2440.8,30.989,550.1
625,16.06,arterial,1.3,12.4,40.8,0.205,34.4,clear,large_ev,75,190,2400,full_load,515.7,2915.7,5.615,349.7
626,8.88,city,3.3,10.4,15.0,0.848,31.7,rain,mid_ev,40,160,1900,full_load,391.0,2291.0,7.042,793.1
627,5.57,arterial,54.2,20.6,42.0,0.408,36.3,clear,small_ev,24,140,1400,half_load,121.0,1521.0,1.779,319.3
629,23.97,arterial,9.2,20.7,42.7,0.311,25.2,clear,large_ev,75,190,2400,half_load,319.4,2719.4,8.663,361.5
630,14.72,city,27.6,9.8,25.8,0.68,34.7,clear,mid_ev,40,160,1900,unladen,34.1,1934.1,8.566,582.1
632,10.9,city,1.8,1.6,28.1,0.815,29.2,clear,small_ev,24,140,1400,unladen,0.1,1400.1,5.372,492.6
633,7.58,city,10.6,16.6,28.4,0.492,31.9,clear,small_ev,24,140,1400,unladen,14.7,1414.7,2.45,323.1
634,67.63,highway,57.1,9.5,99.6,0.467,32.9,clear,small_ev,24,140,1400,unladen,21.5,1421.5,46.414,686.3
635,18.3,city,0.5,7.0,31.0,0.806,30.1,clear,small_ev,24,140,1400,unladen,19.7,1419.7,8.865,484.6
636,1.75,city,18.2,5.0,13.5,0.228,24.6,clear,mid_ev,40,160,1900,full_load,423.4,2323.4,0.576,329.7
637,6.47,city,4.8,17.8,27.3,0.747,37.5,clear,mid_ev,40,160,1900,full_load,391.3,2291.3,4.707,727.6
640,21.38,arterial,51.9,0.6,42.7,0.358,36.0,heavy_rain,small_ev,24,140,1400,half_load,159.2,1559.2,6.875,321.5
642,2.05,city,0.0,18.1,17.4,0.304,31.7,clear,small_ev,24,140,1400,unladen,9.6,1409.6,0.423,206.4
643,8.89,city,4.8,8.4,10.7,0.813,27.2,rain,large_ev,75,190,2400,full_load,595.7,2995.7,8.568,963.6
644,6.09,city,11.6,0.6,21.3,0.263,34.2,clear,mid_ev,40,160,1900,full_load,428.7,2328.7,2.061,338.7
645,78.4,highway,37.6,11.4,72.1,0.252,26.6,clear,large_ev,75,190,2400,full_load,546.4,2946.4,41.841,533.7
648,9.21,city,2.9,5.9,21.2,0.273,27.5,clear,small_ev,24,140,1400,full_load,264.4,1664.4,1.957,212.6
649,135.16,highway,109.3,63.1,98.3,0.135,41.3,heavy_rain,small_ev,24,140,1400,full_load,276.7,1676.7,108.991,806.4
650,23.54,arterial,25.7,18.4,34.5,0.133,34.6,clear,small_ev,24,140,1400,half_load,134.7,1534.7,4.018,170.7
651,17.82,city,45.3,5.2,19.8,0.76,30.5,rain,mid_ev,40,160,1900,full_load,394.7,2294.7,13.329,748.0
652,57.26,highway,28.6,2.9,76.3,0.101,25.2,rain,small_ev,24,140,1400,unladen,9.1,1409.1,22.505,393.0
653,41.52,highway,1.8,59.6,101.4,0.216,30.8,clear,small_ev,24,140,1400,unladen,21.5,1421.5,26.976,649.7
654,33.39,highway,61.5,52.4,89.2,0.073,40.7,clear,mid_ev,40,160,1900,full_load,407.5,2307.5,23.549,705.2
655,15.45,city,3.8,48.7,29.0,0.418,29.5,clear,large_ev,75,190,2400,half_load,248.9,2648.9,8.042,520.4
656,17.32,arterial,0.3,38.3,42.3,0.439,37.0,clear,mid_ev,40,160,1900,unladen,13.0,1913.0,6.125,353.7
657,21.29,city,1.5,16.8,22.3,0.594,33.6,rain,large_ev,75,190,2400,full_load,537.7,2937.7,16.441,772.4
658,12.81,arterial,53.3,1.5,45.8,0.237,28.8,clear,mid_ev,40,160,1900,full_load,410.3,2310.3,4.135,322.9
659,11.52,arterial,25.0,43.3,50.2,0.506,28.6,clear,small_ev,24,140,1400,full_load,256.2,1656.2,3.883,337.1
660,150.41,highway,18.8,9.0,89.4,0.251,42.0,clear,large_ev,75,190,2400,unladen,59.7,2459.7,133.469,887.4
662,83.76,highway,5.3,114.3,90.2,0.03,27.0,rain,large_ev,75,190,2400,unladen,56.0,2456.0,58.708,700.9
663,10.61,arterial,3.9,23.3,46.8,0.309,21.7,rain,small_ev,24,140,1400,half_load,148.1,1548.1,2.881,271.6
664,13.46,city,2.1,4.4,11.4,0.244,28.6,heavy_rain,mid_ev,40,160,1900,half_load,231.8,2131.8,3.423,254.4
665,66.73,highway,40.3,0.1,85.2,0.345,31.3,clear,large_ev,75,190,2400,half_load,316.2,2716.2,50.416,755.6
666,7.85,city,10.5,22.1,17.6,0.489,24.9,clear,small_ev,24,140,1400,half_load,151.1,1551.1,2.489,317.0
667,200.02,highway,34.2,101.7,72.2,0.396,31.9,clear,large_ev,75,190,2400,unladen,59.0,2459.0,115.787,578.9
668,61.73,highway,23.6,53.5,91.3,0.328,22.8,rain,large_ev,75,190,2400,half_load,248.6,2648.6,48.881,791.9
669,18.79,arterial,21.7,6.7,41.0,0.204,20.3,heavy_rain,small_ev,24,140,1400,half_load,124.8,1524.8,4.002,213.0
670,4.66,city,19.1,8.3,23.2,0.657,26.2,clear,large_ev,75,190,2400,unladen,39.5,2439.5,2.973,638.2
671,5.75,city,7.3,1.1,22.0,0.735,30.4,heavy_rain,mid_ev,40,160,1900,unladen,20.8,1920.8,3.792,659.8
672,33.63,arterial,4.3,59.5,55.3,0.339,30.4,rain,large_ev,75,190,2400,half_load,288.7,2688.7,16.422,488.3
673,2.0,arterial,13.5,8.6,57.8,0.694,30.8,clear,small_ev,24,140,1400,unladen,2.5,1402.5,0.846,423.1
674,59.77,highway,12.4,21.3,84.2,0.146,29.6,clear,mid_ev,40,160,1900,full_load,425.4,2325.4,31.339,524.4
675,14.04,city,15.7,0.2,21.5,0.681,32.4,clear,large_ev,75,190,2400,unladen,32.1,2432.1,9.67,688.8
676,1.0,city,2.1,8.9,22.6,0.739,25.5,clear,mid_ev,40,160,1900,half_load,260.3,2160.3,0.626,626.1
677,17.26,arterial,12.8,10.2,41.1,0.336,32.6,clear,large_ev,75,190,2400,full_load,547.7,2947.7,7.102,411.4
678,1.68,city,1.1,4.3,32.6,0.897,38.3,rain,mid_ev,40,160,1900,full_load,406.1,2306.1,1.633,973.0
680,26.03,arterial,2.4,10.5,45.2,0.277,28.2,clear,small_ev,24,140,1400,half_load,138.0,1538.0,6.416,246.5
682,109.91,highway,25.7,27.5,95.2,0.078,29.1,clear,large_ev,75,190,2400,half_load,267.3,2667.3,91.114,829.0
683,56.35,highway,11.4,13.3,101.1,0.312,27.4,clear,mid_ev,40,160,1900,half_load,197.5,2097.5,45.099,800.4
685,49.97,highway,95.2,57.9,71.6,0.47,28.6,rain,large_ev,75,190,2400,full_load,544.0,2944.0,32.109,642.5
687,74.79,highway,114.0,6.5,85.6,0.091,32.6,clear,small_ev,24,140,1400,full_load,287.5,1687.5,39.211,524.3
688,84.12,highway,137.2,19.3,80.0,0.007,28.1,rain,mid_ev,40,160,1900,half_load,190.4,2090.4,42.56,505.9
689,13.69,city,1.0,3.6,21.1,0.403,36.2,rain,large_ev,75,190,2400,unladen,48.8,2448.8,6.994,510.9
690,25.45,arterial,7.3,46.5,41.5,0.511,35.5,clear,mid_ev,40,160,1900,unladen,7.4,1907.4,10.013,393.5
691,80.11,highway,5.4,3.4,71.3,0.203,25.4,clear,mid_ev,40,160,1900,full_load,424.5,2324.5,34.211,427.0
692,25.01,arterial,23.6,0.5,46.8,0.379,33.6,clear,large_ev,75,190,2400,unladen,58.6,2458.6,10.818,432.5
693,3.92,arterial,19.4,0.2,42.8,0.548,42.0,rain,mid_ev,40,160,1900,full_load,388.1,2288.1,2.222,566.3
695,6.68,city,5.6,0.3,27.1,0.377,28.8,clear,small_ev,24,140,1400,full_load,260.1,1660.1,2.128,318.4
696,64.1,highway,3.8,40.0,80.4,0.086,29.5,clear,small_ev,24,140,1400,half_load,157.8,1557.8,30.054,468.8
697,15.18,arterial,7.8,19.8,42.8,0.32,32.9,clear,large_ev,75,190,2400,unladen,1.4,2401.4,5.389,354.9
698,4.35,city,8.7,4.9,14.7,0.45,38.6,rain,small_ev,24,140,1400,unladen,14.9,1414.9,1.439,330.5
699,17.1,arterial,58.5,4.7,38.6,0.216,28.8,clear,mid_ev,40,160,1900,unladen,9.4,1909.4,4.23,247.4
701,9.12,city,2.4,8.9,27.2,0.256,28.6,rain,large_ev,75,190,2400,full_load,566.0,2966.0,3.683,404.0
702,2.99,city,7.1,0.2,26.9,0.749,25.8,clear,large_ev,75,190,2400,full_load,525.9,2925.9,2.662,889.3
703,4.69,city,0.5,2.9,15.7,0.664,41.1,clear,small_ev,24,140,1400,unladen,16.2,1416.2,2.104,449.0
704,79.65,highway,96.1,8.0,80.9,0.088,32.8,clear,large_ev,75,190,2400,full_load,545.5,2945.5,52.614,660.6
706,3.69,city,3.0,13.6,20.4,0.436,32.7,rain,small_ev,24,140,1400,full_load,284.1,1684.1,1.288,348.9
707,29.61,arterial,68.6,33.5,40.4,0.292,34.9,clear,large_ev,75,190,2400,half_load,331.1,2731.1,11.928,402.8
708,53.36,highway,10.0,65.3,88.6,0.319,34.3,clear,mid_ev,40,160,1900,unladen,40.3,1940.3,35.903,672.8
709,10.0,highway,5.3,5.2,91.9,0.253,34.5,clear,small_ev,24,140,1400,unladen,22.3,1422.3,5.855,585.5
710,4.98,arterial,37.3,12.9,46.0,0.633,27.6,rain,small_ev,24,140,1400,unladen,13.2,1413.2,1.834,368.6
711,14.67,arterial,99.2,7.9,50.6,0.379,31.2,clear,large_ev,75,190,2400,unladen,55.2,2455.2,7.353,501.3
712,15.31,arterial,53.4,0.5,45.8,0.305,33.1,clear,mid_ev,40,160,1900,full_load,383.4,2283.4,5.868,383.4
713,13.09,arterial,44.9,0.2,42.9,0.314,34.3,clear,small_ev,24,140,1400,unladen,9.1,1409.1,3.357,256.4
714,5.83,city,0.2,33.8,20.7,0.709,38.7,clear,small_ev,24,140,1400,full_load,290.8,1690.8,3.167,542.9
715,9.9,arterial,14.7,9.9,37.1,0.753,33.3,clear,large_ev,75,190,2400,unladen,34.4,2434.4,5.676,573.2
716,12.45,city,9.5,4.1,22.6,0.792,30.4,clear,mid_ev,40,160,1900,full_load,397.1,2297.1,9.361,751.9
717,192.41,highway,21.4,5.9,87.4,0.307,38.0,clear,small_ev,24,140,1400,unladen,6.2,1406.2,112.279,583.5
718,2.05,city,6.3,15.4,33.2,0.504,31.1,clear,small_ev,24,140,1400,half_load,147.1,1547.1,0.786,383.6
719,2.76,city,1.8,0.7,35.0,0.413,29.5,clear,large_ev,75,190,2400,unladen,41.4,2441.4,1.369,495.8
721,20.13,city,4.0,3.9,22.1,0.716,35.2,clear,small_ev,24,140,1400,unladen,24.8,1424.8,9.008,447.5
724,8.29,arterial,6.8,0.3,40.6,0.339,35.1,clear,small_ev,24,140,1400,full_load,273.6,1673.6,2.253,271.9
725,5.89,city,8.9,12.8,25.5,0.506,36.5,rain,large_ev,75,190,2400,full_load,596.1,2996.1,4.431,752.9
726,10.0,highway,128.7,2.7,62.2,0.114,29.8,clear,small_ev,24,140,1400,half_load,165.9,1565.9,3.597,359.7
727,12.72,city,2.3,26.6,18.7,0.321,24.7,rain,mid_ev,40,160,1900,unladen,33.6,1933.6,3.687,289.9
728,56.22,highway,21.0,87.4,70.5,0.098,27.8,clear,small_ev,24,140,1400,unladen,1.2,1401.2,19.622,349.0
729,8.35,arterial,9.5,49.3,53.5,0.201,39.1,clear,large_ev,75,190,2400,unladen,49.7,2449.7,3.587,429.7
730,19.29,city,7.5,4.3,24.7,0.643,27.8,clear,mid_ev,40,160,1900,unladen,44.8,1944.8,9.798,508.0
731,58.44,highway,32.6,23.0,102.7,0.198,34.6,rain,small_ev,24,140,1400,full_load,297.1,1697.1,47.592,814.4
733,32.99,highway,5.4,3.4,82.4,0.217,32.9,clear,mid_ev,40,160,1900,full_load,432.0,2332.0,18.226,552.5
734,10.81,city,1.4,0.1,26.4,0.728,33.3,rain,mid_ev,40,160,1900,half_load,206.1,2106.1,7.425,687.0
735,31.85,arterial,12.1,0.9,20.0,0.346,37.2,clear,mid_ev,40,160,1900,full_load,395.3,2295.3,8.815,276.8
736,65.01,highway,35.0,68.5,109.8,0.285,30.5,clear,mid_ev,40,160,1900,unladen,3.6,1903.6,61.163,940.8
738,1.08,city,2.7,5.9,10.3,0.81,32.8,clear,mid_ev,40,160,1900,full_load,432.7,2332.7,0.802,743.5
739,5.3,city,6.5,3.1,32.2,0.619,32.5,clear,small_ev,24,140,1400,unladen,19.3,1419.3,2.139,403.7
740,56.88,highway,83.2,36.2,89.2,0.292,24.6,clear,small_ev,24,140,1400,unladen,25.9,1425.9,31.25,549.4
741,13.6,arterial,13.4,6.7,43.5,0.615,35.9,rain,mid_ev,40,160,1900,full_load,434.7,2334.7,6.719,494.0
742,14.93,arterial,6.7,9.8,33.8,0.812,32.2,rain,small_ev,24,140,1400,unladen,22.4,1422.4,5.252,351.7
744,35.68,highway,37.5,81.9,100.0,0.225,30.0,clear,small_ev,24,140,1400,half_load,160.6,1560.6,24.499,686.7
745,11.18,arterial,0.7,2.0,28.8,0.236,35.8,clear,mid_ev,40,160,1900,unladen,29.4,1929.4,2.416,216.0
746,8.25,city,21.4,0.1,18.8,0.64,28.6,clear,mid_ev,40,160,1900,unladen,16.2,1916.2,4.189,507.6
747,14.21,city,16.4,14.1,24.3,0.227,35.9,rain,large_ev,75,190,2400,unladen,31.2,2431.2,4.913,345.7
748,28.22,arterial,11.1,0.5,44.5,0.115,30.9,clear,mid_ev,40,160,1900,half_load,260.1,2160.1,6.91,244.9
749,4.11,city,0.4,3.9,12.8,0.678,38.0,clear,large_ev,75,190,2400,full_load,543.8,2943.8,3.801,925.6
750,17.59,arterial,34.8,4.5,49.5,0.338,31.5,clear,large_ev,75,190,2400,unladen,35.0,2435.0,8.186,465.3
751,85.45,highway,15.7,8.1,85.5,0.339,33.3,clear,small_ev,24,140,1400,unladen,17.5,1417.5,44.058,515.6
752,18.22,city,11.4,8.8,14.3,0.571,26.9,rain,mid_ev,40,160,1900,half_load,204.8,2104.8,9.302,510.6
753,40.62,highway,43.4,6.1,88.2,0.187,27.0,rain,small_ev,24,140,1400,half_load,175.8,1575.8,21.789,536.4
754,2.93,city,9.4,12.8,29.6,0.706,22.8,heavy_rain,small_ev,24,140,1400,unladen,25.4,1425.4,1.303,445.0
755,12.91,city,3.1,3.5,28.1,0.867,34.7,clear,small_ev,24,140,1400,half_load,164.2,1564.2,7.826,606.0
756,7.35,city,9.5,0.3,23.7,0.344,34.6,rain,mid_ev,40,160,1900,unladen,1.1,1901.1,2.385,324.6
757,9.2,city,3.8,1.8,26.2,0.818,34.2,clear,mid_ev,40,160,1900,full_load,411.4,2311.4,7.622,828.6
758,15.58,arterial,21.0,107.4,38.4,0.685,32.5,clear,large_ev,75,190,2400,half_load,279.4,2679.4,8.414,540.0
759,17.36,arterial,24.3,13.7,43.9,0.608,42.0,clear,mid_ev,40,160,1900,full_load,398.1,2298.1,9.69,558.1
760,10.0,highway,9.2,5.2,108.8,0.18,32.2,clear,mid_ev,40,160,1900,unladen,33.5,1933.5,8.878,887.8
761,1.0,city,0.6,5.1,19.0,0.587,36.6,clear,small_ev,24,140,1400,full_load,288.7,1688.7,0.426,426.5
762,122.2,highway,65.0,20.0,86.4,0.368,37.2,clear,small_ev,24,140,1400,unladen,3.3,1403.3,73.985,605.5
763,4.86,city,11.5,7.6,19.7,0.662,31.0,clear,large_ev,75,190,2400,full_load,534.1,2934.1,4.059,834.6
764,16.28,arterial,5.0,20.1,57.3,0.677,24.4,clear,small_ev,24,140,1400,full_load,285.4,1685.4,6.876,422.4
765,10.29,arterial,5.5,5.3,38.3,0.417,34.6,rain,small_ev,24,140,1400,unladen,10.5,1410.5,2.691,261.5
768,12.19,arterial,5.9,24.4,47.8,0.036,34.0,heavy_rain,small_ev,24,140,1400,half_load,171.4,1571.4,2.619,214.9
769,12.72,arterial,5.4,2.1,40.3,0.411,26.3,clear,large_ev,75,190,2400,unladen,28.5,2428.5,4.609,362.4
770,1.49,city,1.7,0.9,18.6,0.386,39.5,clear,mid_ev,40,160,1900,full_load,399.5,2299.5,0.673,451.0
771,4.5,city,7.9,14.2,18.4,0.817,32.7,clear,mid_ev,40,160,1900,half_load,266.2,2166.2,3.185,708.0
774,120.89,highway,76.4,10.2,82.7,0.255,35.2,clear,mid_ev,40,160,1900,unladen,26.5,1926.5,71.076,588.0
775,7.47,arterial,10.3,22.5,47.3,0.492,36.1,clear,small_ev,24,140,1400,half_load,173.6,1573.6,2.635,352.6
776,83.06,highway,68.4,106.0,80.8,0.41,27.6,clear,mid_ev,40,160,1900,full_load,406.2,2306.2,48.154,579.7
777,32.46,highway,50.8,5.5,79.4,0.077,39.4,clear,mid_ev,40,160,1900,unladen,32.5,1932.5,18.464,568.9
778,8.99,city,13.2,10.8,14.2,0.818,32.4,clear,small_ev,24,140,1400,full_load,286.5,1686.5,5.033,559.5
779,39.88,city,1.1,6.1,20.8,0.561,33.0,clear,small_ev,24,140,1400,unladen,29.7,1429.7,14.186,355.7
780,39.45,arterial,1.4,19.3,38.6,0.332,28.9,clear,small_ev,24,140,1400,unladen,12.1,1412.1,8.356,211.8
781,23.54,arterial,21.0,14.2,35.5,0.281,29.1,clear,small_ev,24,140,1400,unladen,28.0,1428.0,4.542,192.9
782,94.46,highway,17.6,21.1,63.9,0.235,38.1,clear,small_ev,24,140,1400,half_load,136.2,1536.2,32.664,345.8
783,132.12,highway,15.3,6.9,75.3,0.115,34.9,rain,small_ev,24,140,1400,unladen,25.0,1425.0,57.654,436.4
784,9.92,city,6.6,8.4,16.8,0.621,34.9,rain,large_ev,75,190,2400,full_load,584.5,2984.5,8.342,841.0
786,6.09,arterial,3.7,21.9,47.6,0.335,40.6,clear,large_ev,75,190,2400,unladen,24.0,2424.0,2.819,463.2
788,39.34,arterial,37.1,20.2,29.8,0.157,40.1,clear,mid_ev,40,160,1900,full_load,402.2,2302.2,9.294,236.2
789,5.92,city,7.6,3.0,20.2,0.748,28.7,clear,mid_ev,40,160,1900,full_load,428.7,2328.7,4.005,676.3
790,43.06,highway,27.4,62.0,84.0,0.249,29.2,heavy_rain,small_ev,24,140,1400,full_load,269.6,1669.6,22.39,519.9
791,10.31,arterial,13.6,16.8,41.6,0.531,32.4,clear,small_ev,24,140,1400,full_load,262.9,1662.9,3.322,322.3
792,18.02,arterial,7.3,13.8,44.8,0.08,29.7,clear,large_ev,75,190,2400,full_load,568.7,2968.7,4.855,269.5
794,32.62,highway,32.3,38.1,81.5,0.243,28.4,rain,small_ev,24,140,1400,full_load,265.3,1665.3,16.433,503.8
795,14.9,highway,83.7,2.4,79.9,0.188,25.7,rain,large_ev,75,190,2400,half_load,304.3,2704.3,10.547,708.0
797,11.88,arterial,21.5,5.4,52.3,0.771,31.4,clear,small_ev,24,140,1400,unladen,26.3,1426.3,4.852,408.4
798,88.41,highway,0.0,13.7,108.4,0.081,30.0,clear,mid_ev,40,160,1900,half_load,182.4,2082.4,72.775,823.2
800,13.52,arterial,104.1,18.2,54.9,0.368,36.8,clear,small_ev,24,140,1400,full_load,275.6,1675.6,5.858,433.4
801,132.94,highway,51.2,28.1,98.2,0.362,31.0,clear,mid_ev,40,160,1900,full_load,445.3,2345.3,105.202,791.4
802,58.82,highway,10.0,16.7,77.3,0.1,36.1,clear,large_ev,75,190,2400,unladen,52.2,2452.2,34.295,583.0
803,1.02,city,11.3,18.8,27.4,0.719,29.2,clear,small_ev,24,140,1400,unladen,0.6,1400.6,0.456,448.8
804,59.52,highway,88.0,13.9,86.9,0.052,32.2,clear,large_ev,75,190,2400,full_load,526.0,2926.0,44.039,739.9
805,24.19,arterial,22.7,21.5,55.1,0.138,29.9,clear,large_ev,75,190,2400,full_load,571.8,2971.8,9.806,405.3
806,56.12,highway,27.8,19.4,86.9,0.067,38.1,clear,small_ev,24,140,1400,unladen,6.9,1406.9,32.407,577.4
807,153.0,highway,5.4,3.3,91.5,0.064,24.1,clear,mid_ev,40,160,1900,unladen,37.5,1937.5,86.947,568.3
809,21.87,arterial,25.7,17.1,40.2,0.095,33.2,rain,mid_ev,40,160,1900,full_load,394.3,2294.3,5.005,228.9
810,2.71,city,0.4,7.6,23.3,0.866,35.7,clear,large_ev,75,190,2400,unladen,51.0,2451.0,2.398,883.4
811,28.62,arterial,0.8,59.0,40.3,0.258,30.9,rain,small_ev,24,140,1400,full_load,288.4,1688.4,6.823,238.5
813,79.78,highway,8.4,11.2,77.9,0.196,27.1,rain,small_ev,24,140,1400,half_load,153.3,1553.3,33.15,415.5
814,96.8,highway,0.8,51.5,90.3,0.031,29.0,rain,mid_ev,40,160,1900,unladen,37.1,1937.1,60.008,619.9
815,6.99,city,2.5,3.3,27.5,0.862,32.2,clear,small_ev,24,140,1400,unladen,6.9,1406.9,3.643,521.3
817,12.32,city,3.4,3.4,12.1,0.676,33.3,clear,small_ev,24,140,1400,unladen,0.8,1400.8,4.893,397.2
818,31.22,highway,17.4,47.9,79.1,0.286,38.2,clear,small_ev,24,140,1400,full_load,279.5,1679.5,15.424,494.0
819,67.8,highway,105.3,3.9,90.5,0.053,29.5,clear,large_ev,75,190,2400,unladen,43.0,2443.0,52.364,772.3
820,72.76,highway,195.1,13.2,76.9,0.19,32.2,rain,mid_ev,40,160,1900,full_load,394.4,2294.4,36.722,504.7
822,51.62,highway,10.7,7.2,81.4,0.1,34.7,clear,small_ev,24,140,1400,full_load,288.6,1688.6,25.082,485.9
823,31.96,highway,31.6,15.6,85.9,0.115,32.7,clear,mid_ev,40,160,1900,half_load,267.4,2167.4,20.038,627.0
825,4.43,city,11.6,2.0,24.6,0.753,26.8,clear,mid_ev,40,160,1900,unladen,27.0,1927.0,2.607,588.3
826,3.68,arterial,6.1,15.6,33.0,0.55,39.2,clear,mid_ev,40,160,1900,unladen,0.9,1900.9,1.364,370.3
827,44.01,highway,20.9,0.5,94.0,0.142,32.8,clear,large_ev,75,190,2400,unladen,20.9,2420.9,37.056,841.9
828,32.09,highway,157.6,9.1,82.7,0.254,34.5,rain,large_ev,75,190,2400,full_load,538.1,2938.1,26.371,821.9
830,27.76,city,0.4,1.4,23.4,0.678,32.8,clear,large_ev,75,190,2400,full_load,519.2,2919.2,22.598,814.0
831,4.92,city,25.7,7.6,21.0,0.805,35.2,rain,large_ev,75,190,2400,half_load,286.1,2686.1,4.621,938.6
835,31.63,highway,70.3,41.8,99.7,0.016,32.5,rain,mid_ev,40,160,1900,unladen,32.4,1932.4,24.731,781.9
836,19.53,arterial,10.0,38.3,57.9,0.214,21.3,clear,mid_ev,40,160,1900,full_load,444.3,2344.3,7.209,369.1
837,9.69,city,13.5,7.2,30.4,0.735,34.0,heavy_rain,large_ev,75,190,2400,half_load,330.2,2730.2,9.281,957.4
838,88.11,highway,13.0,61.6,92.6,0.095,32.8,heavy_rain,large_ev,75,190,2400,half_load,277.6,2677.6,79.082,897.6
839,214.06,highway,35.2,79.9,80.4,0.454,40.3,clear,small_ev,24,140,1400,full_load,258.8,1658.8,123.456,576.7
840,17.41,arterial,40.5,13.6,50.1,0.703,40.3,clear,mid_ev,40,160,1900,unladen,28.9,1928.9,10.25,588.8
841,16.99,arterial,13.0,0.2,56.0,0.585,34.7,clear,small_ev,24,140,1400,unladen,9.5,1409.5,6.85,403.3
842,48.27,highway,17.2,65.7,90.2,0.37,29.6,clear,small_ev,24,140,1400,unladen,18.3,1418.3,28.349,587.3
843,30.13,arterial,8.2,0.2,48.1,0.304,25.2,clear,small_ev,24,140,1400,unladen,12.6,1412.6,7.52,249.6
844,9.91,city,4.8,3.0,26.3,0.701,34.9,heavy_rain,mid_ev,40,160,1900,full_load,403.9,2303.9,7.268,733.0
845,11.41,city,5.4,6.0,20.6,0.491,35.0,rain,small_ev,24,140,1400,half_load,155.1,1555.1,4.147,363.5
846,5.47,city,4.3,6.4,20.1,0.171,32.6,rain,mid_ev,40,160,1900,unladen,26.4,1926.4,1.119,204.4
847,2.9,city,0.9,0.8,17.8,0.983,22.3,rain,small_ev,24,140,1400,half_load,167.8,1567.8,1.692,583.0
848,9.6,city,4.1,4.4,17.4,0.127,29.3,clear,small_ev,24,140,1400,half_load,131.3,1531.3,1.32,137.5
849,48.93,highway,20.0,66.7,85.1,0.241,32.2,clear,mid_ev,40,160,1900,full_load,418.9,2318.9,31.247,638.5
852,10.41,city,2.5,3.4,29.6,0.749,33.9,clear,large_ev,75,190,2400,unladen,41.7,2441.7,8.149,783.1
853,7.79,city,4.7,1.5,26.1,0.601,40.1,clear,mid_ev,40,160,1900,half_load,233.6,2133.6,4.993,640.7
854,16.2,arterial,0.1,7.7,46.1,0.1,31.8,clear,mid_ev,40,160,1900,half_load,200.2,2100.2,3.881,239.5
855,3.87,city,2.2,4.1,30.0,0.418,22.9,clear,small_ev,24,140,1400,unladen,13.2,1413.2,1.127,291.4
856,6.13,city,0.4,8.1,20.0,0.754,30.5,clear,mid_ev,40,160,1900,full_load,402.5,2302.5,4.487,732.5
857,103.27,highway,31.5,67.0,75.3,0.15,21.5,heavy_rain,large_ev,75,190,2400,unladen,28.5,2428.5,60.222,583.1
858,2.56,city,0.2,5.5,30.0,0.83,36.5,clear,mid_ev,40,160,1900,unladen,2.5,1902.5,1.707,667.4
859,2.78,city,3.2,2.3,11.6,0.589,32.9,clear,small_ev,24,140,1400,unladen,5.4,1405.4,0.928,333.6
860,62.47,highway,11.3,19.2,89.3,0.088,27.3,clear,mid_ev,40,160,1900,half_load,232.0,2132.0,37.366,598.1
861,23.67,arterial,36.2,5.7,50.7,0.192,26.0,clear,large_ev,75,190,2400,half_load,340.8,2740.8,8.67,366.4
862,30.55,highway,28.8,7.0,75.1,0.39,34.3,rain,large_ev,75,190,2400,half_load,326.9,2726.9,20.899,684.1
863,46.71,arterial,19.9,39.3,56.9,0.667,22.1,rain,small_ev,24,140,1400,full_load,297.9,1697.9,21.995,470.9
864,12.12,city,4.9,2.8,23.2,0.567,30.7,clear,mid_ev,40,160,1900,unladen,6.3,1906.3,5.787,477.4
866,8.63,arterial,33.6,0.9,38.5,0.279,34.8,clear,small_ev,24,140,1400,unladen,4.8,1404.8,1.911,221.5
867,53.0,highway,28.8,9.4,83.5,0.334,26.4,heavy_rain,large_ev,75,190,2400,full_load,532.7,2932.7,39.313,741.7
868,5.46,city,0.2,9.6,28.1,0.577,36.7,clear,large_ev,75,190,2400,full_load,578.5,2978.5,4.455,816.0
869,6.59,city,2.0,19.3,29.7,0.402,20.0,clear,large_ev,75,190,2400,half_load,312.4,2712.4,2.994,454.3
870,93.88,highway,45.7,82.6,78.8,0.031,31.7,clear,mid_ev,40,160,1900,half_load,214.7,2114.7,47.211,502.9
872,24.23,arterial,7.2,6.7,52.3,0.707,30.0,rain,mid_ev,40,160,1900,unladen,34.1,1934.1,12.586,519.5
873,1.94,city,7.1,13.6,22.0,0.685,28.4,clear,large_ev,75,190,2400,unladen,25.0,2425.0,1.179,607.3
874,4.5,city,3.1,9.3,30.8,0.915,29.9,clear,small_ev,24,140,1400,unladen,24.3,1424.3,2.403,534.5
876,138.77,highway,14.2,43.5,77.5,0.255,36.8,clear,mid_ev,40,160,1900,full_load,397.5,2297.5,78.143,563.1
877,11.94,city,0.7,2.4,23.5,0.731,28.9,rain,mid_ev,40,160,1900,unladen,32.2,1932.2,6.873,575.5
879,102.8,highway,5.1,7.1,96.6,0.257,27.1,heavy_rain,large_ev,75,190,2400,half_load,293.4,2693.4,93.603,910.5
880,72.67,highway,54.3,3.1,92.6,0.574,37.9,rain,large_ev,75,190,2400,unladen,59.8,2459.8,74.539,1025.7
881,82.73,highway,15.5,65.7,97.5,0.067,38.4,clear,small_ev,24,140,1400,full_load,281.9,1681.9,58.333,705.1
883,2.0,arterial,32.2,20.7,38.0,0.444,37.0,clear,small_ev,24,140,1400,half_load,158.2,1558.2,0.661,330.3
884,18.18,arterial,1.5,11.4,43.2,0.367,40.9,rain,mid_ev,40,160,1900,full_load,438.9,2338.9,7.853,431.9
885,41.93,highway,49.4,74.9,86.4,0.24,33.5,clear,mid_ev,40,160,1900,half_load,242.8,2142.8,27.188,648.4
886,15.46,arterial,44.6,31.9,42.7,0.064,33.0,clear,large_ev,75,190,2400,half_load,255.8,2655.8,4.087,264.4
887,83.95,highway,11.6,43.7,90.9,0.285,38.1,clear,small_ev,24,140,1400,full_load,277.2,1677.2,54.024,643.5
889,7.72,city,4.1,3.0,26.9,0.469,33.3,clear,small_ev,24,140,1400,unladen,15.8,1415.8,2.488,322.4
890,11.09,arterial,6.2,36.0,49.4,0.221,33.2,rain,large_ev,75,190,2400,full_load,545.0,2945.0,4.811,433.9
891,5.28,arterial,1.2,7.0,33.2,0.106,21.1,clear,small_ev,24,140,1400,half_load,161.8,1561.8,0.684,129.7
892,61.95,highway,96.4,1.4,86.5,0.041,42.0,rain,mid_ev,40,160,1900,full_load,430.8,2330.8,44.728,722.0
894,15.26,arterial,24.2,24.8,53.3,0.29,27.7,clear,small_ev,24,140,1400,full_load,269.5,1669.5,4.513,295.8
895,15.47,city,1.1,0.7,34.3,0.598,29.3,clear,small_ev,24,140,1400,half_load,121.7,1521.7,6.869,444.1
896,10.53,arterial,18.9,4.8,59.9,0.431,20.0,clear,mid_ev,40,160,1900,full_load,433.3,2333.3,5.005,475.2
897,7.47,city,25.5,14.0,23.1,0.724,37.7,clear,mid_ev,40,160,1900,full_load,401.4,2301.4,5.837,781.7
898,124.96,highway,49.6,51.5,93.1,0.252,38.9,clear,large_ev,75,190,2400,full_load,566.5,2966.5,115.367,923.2
899,8.43,arterial,0.5,18.6,55.2,0.168,32.8,clear,mid_ev,40,160,1900,unladen,19.8,1919.8,2.755,327.0
901,11.45,city,0.5,17.6,32.8,0.669,32.2,rain,small_ev,24,140,1400,unladen,1.6,1401.6,5.259,459.3
902,35.72,arterial,2.8,55.6,31.6,0.551,21.3,heavy_rain,large_ev,75,190,2400,unladen,50.9,2450.9,14.708,411.8
903,11.32,arterial,32.0,1.6,43.0,0.783,30.1,clear,small_ev,24,140,1400,unladen,20.5,1420.5,4.196,370.8
904,24.16,arterial,24.7,2.4,45.7,0.43,36.9,clear,mid_ev,40,160,1900,unladen,13.7,1913.7,9.402,389.2
905,5.21,city,12.5,10.8,18.3,0.526,31.4,clear,mid_ev,40,160,1900,half_load,263.7,2163.7,2.572,494.1
906,10.52,city,5.5,2.7,18.0,0.391,34.0,clear,small_ev,24,140,1400,unladen,14.3,1414.3,2.748,261.2
907,55.22,arterial,0.8,14.7,51.7,0.975,27.5,clear,small_ev,24,140,1400,unladen,29.3,1429.3,24.32,440.4
909,16.21,arterial,2.8,0.7,36.8,0.044,20.4,clear,large_ev,75,190,2400,full_load,590.4,2990.4,3.568,220.0
911,21.68,highway,64.5,5.6,75.7,0.091,26.6,clear,small_ev,24,140,1400,full_load,258.7,1658.7,8.691,400.9
912,154.78,highway,2.1,35.8,75.1,0.164,24.7,clear,small_ev,24,140,1400,full_load,298.4,1698.4,58.317,376.8
913,15.34,city,11.5,1.7,14.6,0.299,32.9,heavy_rain,large_ev,75,190,2400,half_load,312.5,2712.5,6.699,436.8
914,95.66,highway,113.6,166.2,91.0,0.202,30.5,rain,mid_ev,40,160,1900,half_load,197.6,2097.6,63.271,661.4
915,29.83,arterial,1.8,2.3,41.5,0.145,27.3,clear,mid_ev,40,160,1900,full_load,431.4,2331.4,7.107,238.3
916,14.07,arterial,16.9,2.4,54.3,0.156,30.3,rain,mid_ev,40,160,1900,half_load,233.6,2133.6,4.675,332.4
917,41.98,highway,47.0,3.4,84.0,0.244,35.7,rain,mid_ev,40,160,1900,unladen,1.4,1901.4,24.703,588.4
918,17.7,arterial,19.4,11.1,43.2,0.565,31.5,clear,small_ev,24,140,1400,unladen,22.2,1422.2,5.564,314.3
919,5.25,city,5.4,1.4,20.2,0.122,20.0,clear,large_ev,75,190,2400,unladen,26.9,2426.9,0.992,188.8
920,13.71,city,4.2,15.9,14.8,0.715,38.0,clear,small_ev,24,140,1400,half_load,179.8,1579.8,7.113,518.7
921,6.43,city,17.3,5.8,30.7,0.505,30.4,clear,small_ev,24,140,1400,half_load,136.5,1536.5,2.437,379.2
922,5.18,city,3.9,2.1,36.1,0.372,20.0,clear,large_ev,75,190,2400,full_load,539.8,2939.8,2.784,537.4
923,17.29,arterial,0.1,1.9,37.0,0.291,25.4,clear,small_ev,24,140,1400,half_load,146.8,1546.8,3.583,207.2
924,94.07,highway,1.2,20.3,104.9,0.411,31.3,clear,large_ev,75,190,2400,unladen,6.8,2406.8,98.49,1047.0
925,1.5,city,2.0,14.0,29.7,0.59,26.5,clear,mid_ev,40,160,1900,full_load,397.3,2297.3,0.906,603.0
926,7.47,arterial,9.4,23.5,41.8,0.582,25.9,clear,mid_ev,40,160,1900,half_load,222.8,2122.8,3.026,405.0
927,7.03,arterial,1.6,4.0,45.5,0.596,30.3,clear,large_ev,75,190,2400,half_load,314.9,2714.9,3.966,564.5
928,7.42,city,26.9,7.0,24.3,0.851,21.4,clear,mid_ev,40,160,1900,half_load,191.2,2091.2,5.144,693.4
929,4.56,city,2.6,0.3,30.6,0.774,26.2,clear,large_ev,75,190,2400,unladen,19.1,2419.1,3.532,775.2
930,46.05,highway,14.0,48.8,72.0,0.095,33.5,clear,mid_ev,40,160,1900,full_load,407.9,2307.9,22.021,478.2
932,31.59,arterial,2.9,0.5,46.2,0.345,25.3,clear,small_ev,24,140,1400,half_load,142.3,1542.3,7.963,252.1
933,29.99,arterial,1.0,2.4,52.1,0.551,38.5,clear,large_ev,75,190,2400,full_load,525.6,2925.6,20.529,684.6
934,5.05,city,19.0,4.3,23.3,0.421,36.1,clear,mid_ev,40,160,1900,unladen,42.1,1942.1,2.258,447.4
935,14.79,arterial,10.0,24.3,64.4,0.704,22.6,clear,small_ev,24,140,1400,full_load,286.7,1686.7,7.205,487.2
936,23.88,highway,7.1,32.2,76.7,0.058,31.8,heavy_rain,mid_ev,40,160,1900,unladen,34.9,1934.9,12.214,511.5
937,2.72,city,7.3,0.9,26.6,0.841,28.5,heavy_rain,large_ev,75,190,2400,full_load,537.3,2937.3,3.125,1150.2
938,62.84,highway,60.4,61.2,72.0,0.101,37.7,rain,large_ev,75,190,2400,half_load,342.0,2742.0,36.967,588.3
939,8.12,arterial,39.3,40.2,45.0,0.083,23.7,rain,mid_ev,40,160,1900,unladen,12.4,1912.4,1.778,219.1
940,19.45,arterial,1.5,3.4,43.0,0.321,35.9,clear,large_ev,75,190,2400,unladen,6.1,2406.1,7.377,379.2
942,2.46,city,9.7,5.1,12.4,0.83,20.0,rain,small_ev,24,140,1400,half_load,177.1,1577.1,1.335,542.7
943,5.64,city,9.5,1.0,24.2,0.206,39.5,clear,small_ev,24,140,1400,unladen,24.6,1424.6,1.22,216.4
944,25.5,arterial,0.4,3.2,42.9,0.736,26.0,clear,large_ev,75,190,2400,full_load,566.8,2966.8,15.924,624.4
945,104.23,highway,33.6,20.9,79.2,0.053,35.3,clear,small_ev,24,140,1400,unladen,20.6,1420.6,44.401,426.0
946,110.77,highway,0.7,5.0,72.6,0.198,32.6,clear,mid_ev,40,160,1900,half_load,245.0,2145.0,51.035,460.7
947,2.05,city,1.5,3.3,13.4,0.796,35.6,clear,mid_ev,40,160,1900,full_load,429.0,2329.0,1.583,771.2
948,5.7,city,18.7,5.6,25.4,0.274,27.4,clear,mid_ev,40,160,1900,unladen,30.9,1930.9,1.555,272.8
949,14.29,arterial,3.3,69.1,42.7,0.137,31.6,clear,large_ev,75,190,2400,half_load,337.5,2737.5,4.336,303.5
950,21.04,highway,32.2,1.0,97.5,0.019,30.6,rain,small_ev,24,140,1400,full_load,258.2,1658.2,13.957,663.4
951,57.82,arterial,14.2,53.2,33.2,0.322,31.3,clear,small_ev,24,140,1400,full_load,255.8,1655.8,11.734,202.9
953,11.45,arterial,1.3,48.5,39.9,0.484,42.0,rain,small_ev,24,140,1400,unladen,18.9,1418.9,3.837,335.1
954,50.46,highway,23.1,26.9,91.5,0.393,21.4,clear,mid_ev,40,160,1900,full_load,382.8,2282.8,33.351,661.0
955,9.85,city,3.5,8.3,22.5,0.367,33.7,clear,large_ev,75,190,2400,half_load,245.0,2645.0,4.617,468.9
956,10.11,arterial,0.5,63.2,41.2,0.255,35.6,clear,mid_ev,40,160,1900,unladen,33.6,1933.6,2.896,286.5
957,95.03,highway,99.1,0.4,78.4,0.193,35.5,clear,large_ev,75,190,2400,half_load,321.9,2721.9,68.3,718.8
959,16.34,city,1.0,0.1,10.9,0.145,30.5,clear,large_ev,75,190,2400,half_load,321.9,2721.9,3.514,215.1
961,30.66,arterial,2.0,7.7,34.9,0.371,36.6,clear,mid_ev,40,160,1900,unladen,34.2,1934.2,8.947,291.8
963,99.45,highway,60.0,15.3,72.4,0.401,21.1,clear,large_ev,75,190,2400,half_load,348.0,2748.0,52.48,527.7
964,33.86,arterial,19.9,13.1,37.8,0.504,35.3,clear,mid_ev,40,160,1900,full_load,409.7,2309.7,14.443,426.6
965,109.12,highway,27.3,19.9,83.5,0.405,27.3,clear,mid_ev,40,160,1900,half_load,237.5,2137.5,63.297,580.1
966,143.77,highway,21.8,20.7,81.4,0.039,29.3,clear,large_ev,75,190,2400,full_load,544.8,2944.8,84.581,588.3
967,13.37,city,2.1,1.7,29.7,0.725,32.2,clear,large_ev,75,190,2400,unladen,36.9,2436.9,9.958,744.6
968,16.52,city,0.0,1.1,24.1,0.278,26.0,clear,mid_ev,40,160,1900,full_load,415.0,2315.0,5.141,311.1
969,23.12,arterial,37.1,3.4,48.5,0.807,26.0,rain,small_ev,24,140,1400,full_load,293.2,1693.2,10.346,447.6
971,23.43,arterial,7.2,0.5,44.8,0.343,37.2,clear,mid_ev,40,160,1900,unladen,17.9,1917.9,8.547,364.8
972,9.56,city,16.3,4.6,28.7,0.908,25.6,clear,small_ev,24,140,1400,half_load,162.8,1562.8,5.345,558.8
973,14.49,arterial,26.2,18.8,43.3,0.562,34.2,rain,mid_ev,40,160,1900,unladen,26.8,1926.8,6.278,433.3
974,18.84,highway,4.9,38.2,84.9,0.191,30.5,rain,small_ev,24,140,1400,unladen,2.7,1402.7,9.475,503.0
976,33.4,highway,0.2,14.0,75.6,0.177,26.8,clear,small_ev,24,140,1400,full_load,263.3,1663.3,13.523,404.8
978,12.7,arterial,6.2,4.4,37.1,0.359,42.0,heavy_rain,mid_ev,40,160,1900,unladen,6.1,1906.1,4.644,365.8
980,8.29,city,1.3,9.0,28.5,0.414,29.8,clear,small_ev,24,140,1400,full_load,275.6,1675.6,2.69,324.6
981,3.59,city,0.6,2.6,35.9,0.544,23.4,rain,large_ev,75,190,2400,unladen,39.0,2439.0,2.224,620.0
982,6.27,city,8.1,2.0,27.2,0.534,41.5,rain,large_ev,75,190,2400,unladen,1.4,2401.4,4.778,761.5
983,2.4,city,13.0,11.8,24.2,0.399,24.1,clear,large_ev,75,190,2400,half_load,248.5,2648.5,1.173,488.6
984,115.17,highway,2.1,53.6,91.5,0.031,26.1,heavy_rain,mid_ev,40,160,1900,unladen,31.8,1931.8,76.972,668.3
986,6.37,city,1.6,4.8,20.5,0.758,24.6,rain,small_ev,24,140,1400,half_load,154.9,1554.9,3.267,512.7
987,11.28,city,0.5,0.1,14.6,0.272,32.9,heavy_rain,mid_ev,40,160,1900,unladen,7.2,1907.2,3.247,287.8
988,3.14,city,0.8,17.2,30.8,0.514,36.6,clear,small_ev,24,140,1400,unladen,20.6,1420.6,1.145,365.3
989,37.68,arterial,21.7,9.6,51.6,0.255,31.2,rain,small_ev,24,140,1400,unladen,11.7,1411.7,10.941,290.3
993,9.85,city,0.7,3.8,26.4,0.53,27.3,rain,large_ev,75,190,2400,half_load,259.0,2659.0,6.571,666.9
994,46.12,highway,0.1,13.1,89.3,0.379,28.5,heavy_rain,small_ev,24,140,1400,unladen,23.4,1423.4,26.12,566.3
995,7.89,city,9.6,7.9,13.9,0.313,39.8,clear,mid_ev,40,160,1900,full_load,441.5,2341.5,2.925,370.5
997,11.05,arterial,8.9,25.1,38.9,0.084,28.8,clear,small_ev,24,140,1400,unladen,3.2,1403.2,1.471,133.2
998,6.07,city,4.6,8.1,37.0,0.866,34.7,clear,mid_ev,40,160,1900,full_load,446.0,2346.0,5.582,919.6
999,2.45,city,0.1,3.1,30.2,0.589,23.0,clear,small_ev,24,140,1400,full_load,293.1,1693.1,0.982,401.7
1000,15.55,arterial,12.5,32.2,38.6,0.499,30.3,clear,large_ev,75,190,2400,unladen,45.0,2445.0,6.636,426.8
1001,15.51,city,24.1,2.9,20.6,0.53,33.2,rain,large_ev,75,190,2400,half_load,319.9,2719.9,10.392,670.2
1002,41.39,highway,71.4,38.3,97.0,0.16,32.1,heavy_rain,mid_ev,40,160,1900,half_load,190.3,2090.3,33.22,802.6
1003,4.21,arterial,24.0,15.0,48.7,0.327,27.2,clear,large_ev,75,190,2400,full_load,533.8,2933.8,2.072,492.4
1004,7.46,city,4.4,5.4,25.9,0.437,31.8,clear,large_ev,75,190,2400,full_load,584.1,2984.1,4.236,568.0
1005,7.26,city,11.8,0.7,25.6,0.719,29.2,clear,large_ev,75,190,2400,unladen,9.6,2409.6,5.277,726.5
1006,5.12,city,3.3,9.5,19.3,0.422,26.3,clear,mid_ev,40,160,1900,full_load,389.7,2289.7,2.154,420.4
1007,7.42,city,24.8,6.4,15.4,0.642,25.3,clear,small_ev,24,140,1400,half_load,174.5,1574.5,2.948,397.3
1008,82.69,highway,128.7,4.2,83.3,0.165,24.6,clear,small_ev,24,140,1400,half_load,135.6,1535.6,38.12,461.0
1011,200.7,highway,14.4,15.9,93.6,0.305,28.5,rain,large_ev,75,190,2400,full_load,583.8,2983.8,169.358,843.8
1012,13.91,arterial,11.7,23.9,41.3,0.364,30.7,rain,large_ev,75,190,2400,full_load,550.3,2950.3,6.179,444.1
1014,15.27,arterial,16.7,5.2,36.3,0.366,33.2,rain,large_ev,75,190,2400,half_load,264.3,2664.3,6.143,402.2
1015,133.04,highway,1.9,15.4,80.5,0.519,33.8,clear,small_ev,24,140,1400,full_load,264.7,1664.7,73.305,551.0
1017,3.15,city,1.2,0.1,11.8,0.337,27.4,rain,mid_ev,40,160,1900,unladen,2.5,1902.5,0.9,286.0
1018,54.08,highway,26.5,14.6,84.4,0.237,22.7,clear,mid_ev,40,160,1900,half_load,196.8,2096.8,30.347,561.1
1019,21.05,arterial,57.5,12.7,39.1,0.717,37.2,heavy_rain,small_ev,24,140,1400,unladen,26.6,1426.6,8.248,391.8
1020,25.58,arterial,4.5,1.2,44.2,0.389,32.6,rain,mid_ev,40,160,1900,half_load,259.0,2159.0,9.441,369.1
1021,38.67,arterial,8.4,12.1,47.0,0.099,27.1,clear,mid_ev,40,160,1900,full_load,413.0,2313.0,9.575,247.6
1024,16.83,arterial,23.3,22.0,58.3,0.567,25.2,rain,large_ev,75,190,2400,unladen,49.6,2449.6,10.524,625.5
1025,8.03,arterial,11.4,13.0,45.8,0.05,20.1,clear,mid_ev,40,160,1900,full_load,444.9,2344.9,1.804,224.6
1026,8.36,city,4.2,1.2,16.1,0.35,31.0,clear,mid_ev,40,160,1900,full_load,410.2,2310.2,2.958,353.9
1027,23.43,arterial,22.5,1.3,50.4,0.325,27.7,clear,large_ev,75,190,2400,unladen,32.5,2432.5,9.486,404.9
1028,186.55,highway,8.8,43.6,76.4,0.13,33.8,clear,small_ev,24,140,1400,half_load,141.5,1541.5,78.113,418.7
1029,18.99,arterial,43.1,20.8,33.8,0.479,30.1,clear,mid_ev,40,160,1900,half_load,197.0,2097.0,6.365,335.1
1030,3.78,city,5.4,16.7,20.1,0.519,31.5,clear,small_ev,24,140,1400,full_load,287.6,1687.6,1.479,391.3
1031,25.52,highway,33.7,13.4,87.2,0.055,28.8,heavy_rain,small_ev,24,140,1400,unladen,2.7,1402.7,14.047,550.4
1036,7.5,city,1.7,4.1,31.8,0.675,25.7,rain,small_ev,24,140,1400,full_load,264.5,1664.5,3.729,497.5
1037,51.1,highway,160.4,1.0,83.0,0.268,27.2,clear,large_ev,75,190,2400,unladen,53.2,2453.2,32.887,643.6
1038,5.72,arterial,14.8,42.0,44.3,0.501,40.4,rain,large_ev,75,190,2400,unladen,45.6,2445.6,3.046,532.8
1040,18.82,arterial,4.1,9.3,28.0,0.579,29.4,heavy_rain,mid_ev,40,160,1900,half_load,202.9,2102.9,7.007,372.4
1041,16.75,arterial,13.4,9.7,48.4,0.677,31.8,clear,mid_ev,40,160,1900,full_load,387.8,2287.8,8.015,478.4
1042,94.5,highway,23.2,16.6,73.0,0.218,30.0,rain,mid_ev,40,160,1900,unladen,18.8,1918.8,45.529,481.8
1044,9.78,arterial,7.1,4.2,52.4,0.606,26.9,clear,large_ev,75,190,2400,unladen,26.3,2426.3,5.243,536.1
1045,3.08,city,23.9,0.2,18.0,0.583,30.0,clear,small_ev,24,140,1400,unladen,15.9,1415.9,1.147,372.8
1046,63.62,highway,91.8,68.0,86.4,0.116,32.4,clear,large_ev,75,190,2400,unladen,28.3,2428.3,43.855,689.4
1047,3.23,city,17.8,3.8,19.4,0.769,42.0,clear,small_ev,24,140,1400,full_load,281.6,1681.6,2.189,677.1
1048,15.61,arterial,10.7,13.9,49.4,0.169,31.7,clear,large_ev,75,190,2400,full_load,554.1,2954.1,5.919,379.1
1051,2.55,city,8.0,12.9,25.9,0.96,32.3,heavy_rain,small_ev,24,140,1400,half_load,126.8,1526.8,1.695,664.0
1052,44.22,highway,38.2,35.1,88.8,0.254,41.2,clear,large_ev,75,190,2400,half_load,305.6,2705.6,40.596,917.9
1053,64.78,highway,71.6,6.8,96.3,0.148,30.3,clear,small_ev,24,140,1400,unladen,11.2,1411.2,40.669,627.8
1054,6.66,city,5.6,5.8,25.5,0.66,27.1,clear,large_ev,75,190,2400,unladen,18.8,2418.8,4.205,631.6
1055,7.98,city,10.0,9.0,22.2,0.634,36.2,clear,mid_ev,40,160,1900,half_load,268.4,2168.4,5.146,644.8
1058,16.71,arterial,15.1,67.4,62.7,0.522,37.2,clear,large_ev,75,190,2400,half_load,301.9,2701.9,12.095,723.7
1059,3.66,city,21.6,52.2,13.5,0.297,26.9,clear,small_ev,24,140,1400,unladen,10.8,1410.8,0.713,194.6
1060,4.88,arterial,59.5,9.0,49.6,0.384,36.2,clear,large_ev,75,190,2400,full_load,522.9,2922.9,2.994,613.7
1062,5.12,arterial,13.9,7.6,63.7,0.426,30.0,clear,small_ev,24,140,1400,full_load,290.3,1690.3,2.223,434.3
1063,22.38,arterial,25.3,9.5,43.6,0.164,25.6,rain,mid_ev,40,160,1900,full_load,434.4,2334.4,6.054,270.4
1064,180.97,highway,21.3,139.4,84.1,0.079,28.9,clear,mid_ev,40,160,1900,unladen,26.4,1926.4,97.697,539.9
1065,3.52,arterial,66.8,18.5,39.1,0.703,33.0,clear,large_ev,75,190,2400,half_load,242.5,2642.5,2.357,668.9
1067,145.76,highway,109.4,16.6,84.2,0.088,31.2,clear,mid_ev,40,160,1900,half_load,238.2,2138.2,85.872,589.1
1068,20.85,city,8.1,6.3,30.9,0.31,29.4,clear,mid_ev,40,160,1900,half_load,253.1,2153.1,7.304,350.3
1069,109.75,highway,66.8,32.4,82.5,0.255,33.3,rain,mid_ev,40,160,1900,full_load,414.6,2314.6,66.189,603.1
1070,109.95,highway,1.7,107.1,92.2,0.07,35.0,clear,large_ev,75,190,2400,full_load,594.0,2994.0,88.33,803.4
1071,56.82,highway,42.1,27.5,69.1,0.229,26.1,clear,mid_ev,40,160,1900,full_load,434.9,2334.9,23.971,421.8
1072,2.56,city,22.4,8.0,27.8,0.556,27.7,clear,mid_ev,40,160,1900,full_load,423.1,2323.1,1.598,623.9
1073,33.79,arterial,61.2,5.0,37.4,0.28,30.9,rain,mid_ev,40,160,1900,half_load,256.2,2156.2,8.997,266.3
1074,11.04,arterial,0.5,30.3,48.5,0.707,35.1,clear,mid_ev,40,160,1900,full_load,448.0,2348.0,6.266,567.6
1075,110.05,highway,12.7,54.6,95.6,0.321,39.9,heavy_rain,small_ev,24,140,1400,half_load,139.2,1539.2,85.354,775.6
1076,103.46,highway,78.0,84.8,87.2,0.17,36.2,clear,mid_ev,40,160,1900,full_load,431.9,2331.9,69.979,676.4
1077,65.16,highway,22.7,10.5,84.1,0.031,29.1,rain,large_ev,75,190,2400,unladen,9.7,2409.7,44.168,677.8
1078,86.81,highway,19.8,5.7,88.2,0.137,35.4,clear,mid_ev,40,160,1900,full_load,406.2,2306.2,56.844,654.8
1079,92.29,highway,115.8,5.5,82.3,0.072,32.2,clear,small_ev,24,140,1400,full_load,293.2,1693.2,43.943,476.1
1081,89.76,highway,146.9,19.6,76.5,0.347,31.0,clear,large_ev,75,190,2400,full_load,590.3,2990.3,59.676,664.9
1082,13.33,arterial,7.6,25.8,61.4,0.066,38.4,clear,large_ev,75,190,2400,full_load,546.4,2946.4,6.531,490.0
1083,40.72,highway,45.8,9.7,89.8,0.279,28.6,heavy_rain,large_ev,75,190,2400,full_load,577.1,2977.1,34.599,849.6
1084,14.69,arterial,1.8,24.9,49.0,0.47,36.2,rain,small_ev,24,140,1400,full_load,277.2,1677.2,5.398,367.4
1085,28.79,arterial,23.2,14.4,59.4,0.46,31.5,rain,small_ev,24,140,1400,half_load,133.0,1533.0,12.017,417.3
1086,2.95,city,7.2,0.4,19.9,0.367,30.4,clear,small_ev,24,140,1400,half_load,168.0,1568.0,0.838,284.5
1087,13.32,arterial,49.7,24.9,46.6,0.39,39.6,heavy_rain,small_ev,24,140,1400,full_load,257.1,1657.1,5.258,394.8
1088,1.0,city,1.3,10.7,25.1,0.728,33.2,clear,mid_ev,40,160,1900,unladen,30.5,1930.5,0.646,646.3
1089,19.59,arterial,15.9,5.8,50.2,0.029,20.0,rain,mid_ev,40,160,1900,half_load,262.6,2162.6,4.677,238.8
1090,22.14,arterial,18.6,3.7,28.6,0.396,36.0,clear,small_ev,24,140,1400,half_load,149.9,1549.9,4.765,215.2
1092,44.52,arterial,85.2,4.1,51.8,0.187,39.9,clear,small_ev,24,140,1400,full_load,290.0,1690.0,13.203,296.6
1093,79.65,highway,9.7,31.1,83.4,0.298,32.2,heavy_rain,small_ev,24,140,1400,full_load,283.9,1683.9,44.138,554.2
1095,20.58,arterial,0.5,39.7,43.7,0.099,36.2,rain,large_ev,75,190,2400,half_load,263.5,2663.5,6.074,295.1
1096,21.47,highway,40.6,64.1,77.5,0.042,20.9,clear,small_ev,24,140,1400,half_load,152.4,1552.4,7.675,357.5
1097,14.06,city,11.7,3.5,20.6,0.755,33.0,clear,large_ev,75,190,2400,unladen,14.5,2414.5,10.321,734.1
1099,6.3,city,1.7,1.6,13.1,0.275,38.8,clear,large_ev,75,190,2400,full_load,512.4,2912.4,2.642,419.5
1100,2.75,city,0.3,18.4,29.5,0.851,30.6,clear,mid_ev,40,160,1900,unladen,18.9,1918.9,1.787,649.3
1101,41.84,arterial,1.7,1.6,46.5,0.483,29.0,heavy_rain,large_ev,75,190,2400,full_load,567.0,2967.0,23.321,557.3
1102,28.19,city,27.8,6.1,24.9,0.246,39.3,clear,mid_ev,40,160,1900,unladen,8.3,1908.3,8.467,300.3
1103,11.29,arterial,8.4,0.8,36.4,0.062,20.0,heavy_rain,mid_ev,40,160,1900,unladen,20.6,1920.6,1.891,167.5
1104,17.33,city,0.2,17.1,17.1,0.355,33.5,clear,mid_ev,40,160,1900,unladen,14.4,1914.4,5.744,331.5
1105,18.85,highway,5.0,2.4,84.6,0.131,25.0,clear,small_ev,24,140,1400,full_load,288.6,1688.6,8.632,457.9
1106,34.46,highway,17.4,105.2,73.8,0.211,22.1,clear,large_ev,75,190,2400,half_load,312.7,2712.7,17.892,519.2
1110,13.0,arterial,7.9,12.1,43.0,0.589,27.1,clear,large_ev,75,190,2400,unladen,47.7,2447.7,6.394,491.9
1111,16.32,city,30.5,0.4,22.2,0.402,26.7,rain,mid_ev,40,160,1900,unladen,42.1,1942.1,6.121,375.0
1112,65.66,highway,78.8,1.2,105.8,0.026,27.6,clear,large_ev,75,190,2400,full_load,531.0,2931.0,62.596,953.3
1113,30.15,arterial,32.1,0.4,35.7,0.47,29.7,clear,large_ev,75,190,2400,full_load,599.2,2999.2,13.918,461.6
1115,82.94,highway,8.3,36.4,87.5,0.17,27.0,rain,mid_ev,40,160,1900,full_load,382.5,2282.5,52.415,631.9
1116,46.61,highway,179.5,11.0,76.7,0.116,30.2,clear,mid_ev,40,160,1900,unladen,31.3,1931.3,22.373,480.0
1117,7.4,city,2.8,8.6,17.3,0.729,31.7,clear,mid_ev,40,160,1900,full_load,402.5,2302.5,4.609,623.1
1118,35.81,highway,6.0,6.5,86.1,0.037,27.7,rain,mid_ev,40,160,1900,half_load,235.6,2135.6,20.678,577.4
1119,3.9,arterial,5.9,51.2,53.2,0.495,23.4,clear,mid_ev,40,160,1900,unladen,4.3,1904.3,1.587,407.0
1120,63.33,highway,132.4,104.1,83.8,0.199,33.5,clear,mid_ev,40,160,1900,full_load,389.6,2289.6,39.933,630.5
1121,32.75,arterial,3.0,13.2,42.6,0.339,29.7,clear,small_ev,24,140,1400,full_load,267.8,1667.8,8.7,265.7
1122,67.14,highway,45.0,8.4,88.4,0.169,20.0,rain,mid_ev,40,160,1900,half_load,218.9,2118.9,41.113,612.4
1123,11.13,arterial,8.5,18.5,37.9,0.234,37.2,clear,small_ev,24,140,1400,full_load,265.0,1665.0,2.534,227.6
1124,62.94,highway,2.3,100.7,103.1,0.648,34.2,rain,large_ev,75,190,2400,unladen,56.0,2456.0,70.897,1126.5
1125,140.09,highway,167.2,22.2,84.9,0.397,35.4,clear,mid_ev,40,160,1900,half_load,236.2,2136.2,96.84,691.3
1127,89.08,highway,25.2,44.9,86.6,0.142,31.4,rain,small_ev,24,140,1400,unladen,4.6,1404.6,44.684,501.6
1128,3.32,city,0.2,8.9,27.7,0.587,34.3,clear,large_ev,75,190,2400,full_load,581.8,2981.8,2.591,780.3
1129,40.76,highway,49.9,7.5,71.5,0.476,29.0,clear,mid_ev,40,160,1900,half_load,216.9,2116.9,19.378,475.4
1130,21.1,arterial,5.4,18.9,40.3,0.581,30.2,clear,small_ev,24,140,1400,half_load,169.8,1569.8,6.552,310.5
1131,18.65,arterial,3.6,61.9,45.5,0.327,36.9,rain,small_ev,24,140,1400,half_load,159.9,1559.9,5.83,312.6
1133,26.74,highway,41.7,6.1,97.0,0.122,25.9,clear,large_ev,75,190,2400,half_load,312.5,2712.5,21.995,822.5
1134,82.95,highway,15.1,48.1,79.9,0.428,23.3,clear,large_ev,75,190,2400,full_load,589.3,2989.3,58.225,701.9
1135,16.32,city,0.3,15.8,22.0,0.551,36.8,clear,mid_ev,40,160,1900,unladen,5.8,1905.8,7.942,486.6
1137,54.74,highway,16.5,56.5,93.8,0.162,32.3,clear,large_ev,75,190,2400,full_load,567.8,2967.8,45.581,832.6
1138,30.36,arterial,5.9,4.9,32.4,0.525,30.8,clear,small_ev,24,140,1400,half_load,165.9,1565.9,7.637,251.5
1139,19.43,arterial,6.2,17.6,53.1,0.48,30.7,clear,large_ev,75,190,2400,full_load,576.6,2976.6,11.36,584.7
1141,12.76,arterial,24.0,16.2,42.4,0.74,29.1,clear,small_ev,24,140,1400,half_load,168.3,1568.3,4.579,358.7
1142,140.55,highway,12.0,7.8,84.5,0.167,21.8,clear,small_ev,24,140,1400,unladen,1.4,1401.4,61.832,439.9
1143,8.62,arterial,17.6,0.7,45.4,0.643,40.8,clear,large_ev,75,190,2400,half_load,330.6,2730.6,5.899,684.0
1144,7.84,city,21.4,0.1,23.5,0.62,37.1,clear,large_ev,75,190,2400,half_load,282.3,2682.3,6.066,773.6
1145,21.86,arterial,4.8,32.2,35.9,0.337,31.8,rain,small_ev,24,140,1400,half_load,169.7,1569.7,4.939,225.9
1147,28.63,city,10.8,6.9,29.4,0.385,32.3,clear,large_ev,75,190,2400,unladen,26.0,2426.0,13.48,470.9
1149,32.27,highway,39.5,82.0,83.0,0.144,20.0,clear,small_ev,24,140,1400,unladen,11.6,1411.6,14.382,445.7
1150,24.09,arterial,74.2,1.3,36.9,0.133,33.3,rain,mid_ev,40,160,1900,unladen,13.8,1913.8,5.426,225.3
1151,10.0,highway,17.9,44.5,89.3,0.046,32.9,clear,mid_ev,40,160,1900,half_load,185.0,2085.0,6.442,644.2
1152,35.47,arterial,5.0,5.1,53.4,0.416,37.5,clear,large_ev,75,190,2400,full_load,548.9,2948.9,21.709,612.0
1154,21.6,city,3.5,0.7,23.3,0.674,31.6,clear,large_ev,75,190,2400,unladen,37.9,2437.9,14.262,660.3
1155,7.55,arterial,11.6,5.1,32.9,0.802,38.9,heavy_rain,mid_ev,40,160,1900,full_load,426.5,2326.5,4.879,646.6
1156,2.99,arterial,1.3,8.6,51.2,0.17,29.1,clear,small_ev,24,140,1400,half_load,165.1,1565.1,0.737,246.9
1157,77.52,highway,73.5,13.8,73.0,0.068,23.7,clear,large_ev,75,190,2400,full_load,593.2,2993.2,40.368,520.8
1158,9.63,city,5.2,2.6,27.4,0.719,26.7,clear,mid_ev,40,160,1900,half_load,258.8,2158.8,6.354,660.1
1160,22.56,city,19.1,1.8,10.5,0.416,29.9,heavy_rain,large_ev,75,190,2400,half_load,316.5,2716.5,11.411,505.8
1161,55.79,highway,6.0,72.1,90.9,0.565,29.1,clear,mid_ev,40,160,1900,half_load,199.5,2099.5,39.338,705.1
1162,4.98,city,2.6,3.4,18.0,0.143,32.7,clear,mid_ev,40,160,1900,full_load,427.8,2327.8,1.028,206.5
1163,1.0,city,16.6,0.1,26.4,0.609,33.1,rain,small_ev,24,140,1400,full_load,270.8,1670.8,0.565,565.3
1164,79.17,highway,143.5,79.8,84.7,0.15,28.3,clear,mid_ev,40,160,1900,half_load,180.6,2080.6,42.439,536.1
1165,10.42,city,2.2,1.2,15.6,0.818,34.6,rain,large_ev,75,190,2400,full_load,552.0,2952.0,10.739,1031.0
1166,40.75,highway,16.5,25.8,86.2,0.352,23.4,rain,large_ev,75,190,2400,full_load,543.4,2943.4,29.266,718.2
1167,4.5,arterial,21.9,11.8,55.4,0.111,27.0,rain,mid_ev,40,160,1900,half_load,194.3,2094.3,1.434,318.7
1168,49.1,highway,21.1,27.2,85.8,0.244,30.5,clear,mid_ev,40,160,1900,unladen,26.1,1926.1,29.576,602.4
1169,2.59,city,11.2,3.0,30.1,0.443,30.2,clear,large_ev,75,190,2400,half_load,336.3,2736.3,1.586,613.1
1170,11.13,arterial,17.9,1.0,47.0,0.531,27.3,clear,mid_ev,40,160,1900,full_load,443.6,2343.6,4.919,442.0
1171,130.76,highway,60.8,64.1,91.0,0.411,26.8,clear,mid_ev,40,160,1900,full_load,418.6,2318.6,87.715,670.8
1172,48.94,highway,12.2,11.8,90.9,0.048,38.5,rain,small_ev,24,140,1400,full_load,264.2,1664.2,29.663,606.1
1173,1.29,city,22.9,6.3,14.0,0.371,27.8,clear,large_ev,75,190,2400,full_load,563.6,2963.6,0.738,573.0
1176,15.29,city,28.3,0.3,34.2,0.786,36.0,clear,mid_ev,40,160,1900,unladen,0.2,1900.2,10.502,686.8
1177,9.42,city,5.0,4.2,16.1,0.896,33.0,rain,small_ev,24,140,1400,half_load,175.2,1575.2,5.75,610.5
1178,19.6,arterial,5.5,29.0,39.5,0.717,31.1,clear,small_ev,24,140,1400,full_load,286.8,1686.8,7.335,374.3
1179,132.4,highway,80.9,15.1,100.1,0.085,29.2,clear,mid_ev,40,160,1900,half_load,189.2,2089.2,98.34,742.7
1180,7.05,city,13.2,14.5,23.8,0.255,38.3,rain,mid_ev,40,160,1900,full_load,436.9,2336.9,2.554,362.3
1181,5.56,city,21.8,3.0,22.4,0.556,23.6,heavy_rain,large_ev,75,190,2400,unladen,11.9,2411.9,3.635,653.4
1182,13.29,city,0.2,1.2,13.1,0.342,28.7,clear,large_ev,75,190,2400,full_load,528.9,2928.9,5.695,428.6
1183,4.51,city,7.7,3.9,24.4,0.426,30.6,rain,large_ev,75,190,2400,unladen,3.6,2403.6,2.275,504.1
1184,59.94,highway,1.0,7.2,78.9,0.04,33.5,rain,small_ev,24,140,1400,half_load,150.8,1550.8,24.907,415.5
1185,38.12,arterial,8.1,10.8,28.0,0.153,28.2,rain,large_ev,75,190,2400,half_load,260.2,2660.2,8.303,217.8
1186,15.27,city,15.9,0.5,28.7,0.385,35.0,clear,large_ev,75,190,2400,full_load,572.3,2972.3,8.923,584.4
1188,55.75,highway,18.7,6.8,86.1,0.017,37.7,clear,small_ev,24,140,1400,half_load,136.2,1536.2,30.123,540.3
1190,9.38,city,12.9,5.7,18.1,0.256,25.8,clear,small_ev,24,140,1400,full_load,261.0,1661.0,2.006,213.9
1191,5.5,arterial,26.8,45.7,43.9,0.305,22.4,clear,small_ev,24,140,1400,unladen,7.1,1407.1,1.139,207.3
1192,27.32,arterial,17.9,12.6,39.2,0.675,32.7,clear,mid_ev,40,160,1900,half_load,227.4,2127.4,12.131,444.1
1193,21.98,arterial,34.1,37.8,52.9,0.408,32.5,rain,small_ev,24,140,1400,full_load,268.4,1668.4,8.056,366.4
1194,7.99,city,3.7,14.4,28.5,0.401,32.5,clear,small_ev,24,140,1400,full_load,297.4,1697.4,2.627,328.8
1195,1.93,city,3.6,17.9,33.3,0.352,25.5,clear,mid_ev,40,160,1900,half_load,244.7,2144.7,0.707,366.2
1196,44.53,highway,41.1,94.8,94.8,0.15,21.6,clear,mid_ev,40,160,1900,unladen,20.0,1920.0,28.314,635.8
1197,69.88,highway,6.4,1.7,82.9,0.185,28.4,rain,mid_ev,40,160,1900,full_load,410.6,2310.6,39.336,562.9
1198,61.92,highway,36.7,27.9,85.2,0.175,28.3,clear,mid_ev,40,160,1900,half_load,187.5,2087.5,34.406,555.7
1199,26.62,arterial,3.2,21.5,38.4,0.033,28.3,clear,mid_ev,40,160,1900,half_load,225.4,2125.4,4.531,170.2
1201,10.43,city,6.6,2.1,25.2,0.678,31.2,heavy_rain,large_ev,75,190,2400,unladen,49.6,2449.6,8.063,773.1
1202,2.8,city,0.1,8.1,27.1,0.699,31.0,clear,mid_ev,40,160,1900,full_load,398.6,2298.6,1.836,655.2
1203,9.35,city,26.9,0.6,25.8,0.406,25.6,clear,mid_ev,40,160,1900,unladen,35.3,1935.3,3.493,373.6
1204,17.32,highway,45.2,34.9,81.4,0.261,32.5,clear,large_ev,75,190,2400,full_load,558.5,2958.5,11.671,673.8
1205,6.28,arterial,64.4,1.4,46.3,0.523,30.7,clear,small_ev,24,140,1400,full_load,274.1,1674.1,2.593,412.7
1207,11.11,city,2.4,19.3,20.7,0.257,24.7,clear,mid_ev,40,160,1900,unladen,34.9,1934.9,2.759,248.3
1208,2.59,arterial,35.4,12.7,38.0,0.531,29.7,clear,mid_ev,40,160,1900,half_load,220.0,2120.0,1.139,439.6
1210,11.8,arterial,16.2,38.0,40.2,0.137,31.1,rain,small_ev,24,140,1400,half_load,133.0,1533.0,2.302,195.1
1211,16.69,arterial,41.4,3.4,39.7,0.474,25.2,clear,mid_ev,40,160,1900,half_load,258.3,2158.3,5.957,357.0
1213,9.67,city,5.1,8.0,24.4,0.416,32.2,clear,large_ev,75,190,2400,unladen,3.6,2403.6,4.583,474.0
1214,101.68,highway,24.7,7.4,76.7,0.031,25.6,clear,mid_ev,40,160,1900,full_load,415.5,2315.5,48.366,475.7
1215,133.49,highway,11.2,43.8,92.2,0.262,32.4,clear,mid_ev,40,160,1900,unladen,25.0,1925.0,91.147,682.8
1216,72.48,highway,78.5,37.7,85.0,0.463,26.0,clear,small_ev,24,140,1400,full_load,294.7,1694.7,37.55,518.1
1217,1.84,city,27.4,4.1,27.4,0.413,27.5,clear,mid_ev,40,160,1900,half_load,241.3,2141.3,0.928,504.6
1218,9.48,city,11.7,0.1,16.0,0.411,42.0,rain,mid_ev,40,160,1900,full_load,402.3,2302.3,4.936,520.6
1219,12.53,arterial,2.9,6.7,51.3,0.383,37.0,clear,mid_ev,40,160,1900,full_load,427.8,2327.8,5.453,435.1
1221,2.35,city,1.8,17.2,26.7,0.714,29.8,rain,mid_ev,40,160,1900,unladen,19.7,1919.7,1.474,626.8
1223,74.9,highway,1.1,123.8,100.2,0.226,34.9,clear,large_ev,75,190,2400,full_load,589.9,2989.9,78.339,1045.9
1224,166.99,highway,48.2,41.4,84.4,0.23,31.8,clear,mid_ev,40,160,1900,unladen,1.5,1901.5,95.592,572.5
1226,54.0,highway,70.5,58.0,72.7,0.07,27.8,clear,mid_ev,40,160,1900,unladen,27.4,1927.4,22.941,424.8
1228,19.44,city,1.9,3.7,16.7,0.362,39.8,rain,large_ev,75,190,2400,half_load,324.5,2724.5,9.751,501.5
1229,10.64,city,4.8,20.5,23.8,0.344,31.8,clear,mid_ev,40,160,1900,full_load,393.6,2293.6,4.134,388.5
1230,13.3,arterial,32.5,10.0,41.7,0.741,25.8,clear,large_ev,75,190,2400,unladen,32.1,2432.1,7.254,545.5
1231,79.48,highway,30.9,1.6,80.1,0.013,32.4,clear,mid_ev,40,160,1900,full_load,413.8,2313.8,41.239,518.9
1232,117.73,highway,25.1,10.9,95.3,0.154,28.7,clear,mid_ev,40,160,1900,full_load,404.9,2304.9,81.104,688.9
1233,84.19,highway,7.5,17.1,92.5,0.399,32.8,clear,small_ev,24,140,1400,half_load,168.2,1568.2,50.706,602.3
1234,13.05,arterial,1.8,6.0,43.8,0.134,35.9,heavy_rain,large_ev,75,190,2400,half_load,282.5,2682.5,4.634,355.1
1237,79.51,highway,7.0,126.9,83.4,0.089,36.9,clear,small_ev,24,140,1400,half_load,167.8,1567.8,40.399,508.1
1238,85.19,highway,48.1,4.6,91.8,0.041,35.7,clear,mid_ev,40,160,1900,half_load,262.2,2162.2,59.196,694.8
1239,3.74,city,2.4,4.5,22.7,0.493,35.9,clear,small_ev,24,140,1400,unladen,23.5,1423.5,1.25,334.7
1241,2.12,city,3.0,8.2,18.1,0.207,27.7,rain,large_ev,75,190,2400,unladen,59.0,2459.0,0.611,288.2
1242,2.19,arterial,6.1,18.6,45.8,0.37,29.4,clear,mid_ev,40,160,1900,full_load,437.7,2337.7,0.843,385.3
1245,33.26,highway,36.1,18.6,89.9,0.373,36.4,clear,mid_ev,40,160,1900,half_load,189.9,2089.9,24.263,729.5
1246,86.24,highway,26.8,35.0,75.9,0.537,36.7,clear,mid_ev,40,160,1900,unladen,30.4,1930.4,50.712,588.0
1247,15.13,city,0.7,1.2,29.5,0.672,33.7,clear,small_ev,24,140,1400,unladen,6.2,1406.2,6.341,419.2
1250,13.29,arterial,10.2,9.6,44.9,0.088,40.3,rain,large_ev,75,190,2400,full_load,583.2,2983.2,4.921,370.2
1251,5.67,city,3.9,7.4,17.6,0.466,29.3,heavy_rain,small_ev,24,140,1400,half_load,146.6,1546.6,1.818,320.6
1252,8.99,arterial,37.6,2.1,55.3,0.531,30.2,clear,small_ev,24,140,1400,full_load,298.7,1698.7,4.021,447.3
1253,11.7,city,1.6,11.6,25.7,0.677,29.0,clear,mid_ev,40,160,1900,half_load,216.7,2116.7,6.981,596.6
1254,96.34,highway,57.8,6.6,95.5,0.22,35.5,clear,large_ev,75,190,2400,half_load,342.7,2742.7,88.569,919.4
1255,111.0,highway,28.3,9.1,70.6,0.055,37.7,clear,large_ev,75,190,2400,half_load,359.4,2759.4,61.378,552.9
1256,6.63,arterial,0.3,6.8,49.4,0.856,26.8,clear,small_ev,24,140,1400,half_load,162.2,1562.2,2.707,408.5
1257,1.0,city,10.6,8.5,8.2,0.445,31.9,clear,large_ev,75,190,2400,full_load,530.1,2930.1,0.589,589.5
1258,6.61,city,4.3,11.2,23.2,0.596,28.5,clear,mid_ev,40,160,1900,full_load,398.1,2298.1,3.643,551.3
1259,7.6,city,3.7,12.8,31.0,0.661,39.7,clear,mid_ev,40,160,1900,half_load,216.8,2116.8,5.332,701.4
1260,103.31,highway,10.0,9.4,75.2,0.148,35.9,clear,large_ev,75,190,2400,unladen,5.4,2405.4,64.799,627.2
1263,2.67,arterial,20.4,7.5,30.0,0.368,28.7,heavy_rain,small_ev,24,140,1400,full_load,260.8,1660.8,0.723,270.9
1264,80.69,highway,38.5,4.7,84.6,0.149,20.4,clear,mid_ev,40,160,1900,unladen,9.2,1909.2,44.25,548.4
1265,74.58,highway,3.8,53.8,88.3,0.118,36.8,clear,mid_ev,40,160,1900,unladen,26.0,1926.0,48.485,650.1
1266,8.59,city,0.1,4.6,7.5,0.65,37.8,clear,small_ev,24,140,1400,half_load,144.7,1544.7,3.761,437.9
1267,44.17,highway,47.1,14.9,84.9,0.079,31.2,clear,mid_ev,40,160,1900,full_load,397.4,2297.4,26.031,589.4
1268,12.27,city,2.6,2.2,19.0,0.622,34.5,clear,small_ev,24,140,1400,half_load,163.2,1563.2,5.113,416.6
1270,5.34,arterial,48.3,7.3,49.5,0.182,21.0,clear,large_ev,75,190,2400,unladen,48.7,2448.7,2.078,389.3
1271,26.41,highway,134.8,6.9,81.5,0.163,34.5,clear,small_ev,24,140,1400,full_load,288.4,1688.4,13.45,509.2
1272,18.3,arterial,106.0,28.8,55.4,0.541,35.5,clear,mid_ev,40,160,1900,unladen,19.1,1919.1,9.299,508.0
1273,5.03,city,25.7,1.6,23.2,0.772,30.7,rain,mid_ev,40,160,1900,unladen,14.3,1914.3,3.312,658.0
1274,91.07,highway,3.6,7.0,102.4,0.189,26.9,clear,mid_ev,40,160,1900,unladen,33.5,1933.5,74.963,823.1
1276,58.99,arterial,6.1,35.5,60.5,0.362,34.6,clear,large_ev,75,190,2400,half_load,258.2,2658.2,32.208,546.0
1277,109.0,highway,85.6,15.5,89.7,0.189,32.7,clear,small_ev,24,140,1400,unladen,15.2,1415.2,64.132,588.4
1278,128.67,highway,19.5,55.7,81.5,0.211,37.9,clear,large_ev,75,190,2400,unladen,33.6,2433.6,89.177,693.1
1279,71.29,highway,12.6,12.7,80.4,0.17,33.0,clear,large_ev,75,190,2400,unladen,57.4,2457.4,46.474,651.9
1280,2.34,city,4.0,14.4,31.0,0.439,29.5,heavy_rain,small_ev,24,140,1400,full_load,280.0,1680.0,0.966,412.0
1281,17.77,arterial,43.8,24.2,45.1,0.669,36.3,clear,mid_ev,40,160,1900,full_load,418.5,2318.5,9.945,559.5
1282,6.79,city,16.7,7.3,22.5,0.285,42.0,rain,large_ev,75,190,2400,half_load,340.5,2740.5,3.429,505.0
1283,55.45,highway,57.7,13.4,90.5,0.036,32.6,clear,mid_ev,40,160,1900,unladen,42.6,1942.6,34.888,629.2
1285,83.06,highway,29.5,21.8,90.7,0.32,32.1,rain,large_ev,75,190,2400,full_load,592.6,2992.6,75.197,905.3
1286,3.68,city,1.2,13.2,18.2,0.325,32.3,rain,large_ev,75,190,2400,full_load,569.9,2969.9,1.814,493.4
1287,80.53,highway,32.1,30.4,75.1,0.155,27.0,clear,small_ev,24,140,1400,unladen,16.8,1416.8,32.045,397.9
1288,3.49,city,10.6,3.3,27.6,0.157,21.5,clear,mid_ev,40,160,1900,half_load,255.9,2155.9,0.806,230.9
1290,16.88,arterial,9.9,7.3,38.2,0.131,30.4,clear,small_ev,24,140,1400,unladen,26.6,1426.6,2.744,162.6
1291,5.08,city,16.3,21.9,27.8,0.517,35.7,clear,mid_ev,40,160,1900,half_load,227.3,2127.3,2.637,519.5
1292,1.57,city,15.0,1.0,12.2,0.472,32.5,clear,large_ev,75,190,2400,unladen,16.1,2416.1,0.826,527.0
1293,92.47,highway,7.6,26.8,76.5,0.129,28.9,clear,mid_ev,40,160,1900,unladen,6.7,1906.7,42.093,455.2
1294,6.04,city,28.4,3.1,22.6,0.419,27.3,rain,mid_ev,40,160,1900,full_load,396.1,2296.1,2.783,460.8
1296,20.95,arterial,19.1,15.8,56.1,0.301,30.2,rain,small_ev,24,140,1400,full_load,285.3,1685.3,7.19,343.3
1297,13.66,arterial,3.7,2.0,44.3,0.926,29.0,clear,small_ev,24,140,1400,unladen,12.8,1412.8,5.301,388.2
1298,2.0,arterial,7.9,8.4,61.7,0.473,27.1,clear,large_ev,75,190,2400,unladen,13.8,2413.8,1.204,602.0
1299,10.54,city,4.5,6.0,26.9,0.631,37.3,heavy_rain,large_ev,75,190,2400,unladen,24.0,2424.0,8.079,766.7
1300,3.63,city,13.1,0.6,27.0,0.401,34.9,clear,large_ev,75,190,2400,full_load,575.2,2975.2,2.284,629.9
1301,10.95,arterial,22.5,0.4,40.7,0.28,37.8,rain,large_ev,75,190,2400,half_load,278.7,2678.7,4.811,439.1
1302,7.54,city,22.4,2.9,19.4,0.469,36.1,clear,large_ev,75,190,2400,full_load,595.6,2995.6,5.036,667.8
1304,18.91,arterial,6.4,6.0,33.0,0.238,27.1,rain,small_ev,24,140,1400,half_load,163.5,1563.5,3.496,184.9
1305,1.48,city,18.1,5.2,15.5,0.283,37.3,clear,large_ev,75,190,2400,full_load,546.3,2946.3,0.774,524.5
1309,65.33,highway,2.0,193.8,82.0,0.167,32.3,clear,small_ev,24,140,1400,full_load,261.8,1661.8,30.545,467.6
1312,1.0,city,9.2,2.9,15.1,0.363,40.3,clear,mid_ev,40,160,1900,full_load,422.3,2322.3,0.472,471.6
1313,47.47,arterial,11.1,13.0,45.4,0.235,26.4,clear,mid_ev,40,160,1900,half_load,269.3,2169.3,13.468,283.7
1314,37.36,highway,0.4,89.7,87.0,0.415,32.8,clear,large_ev,75,190,2400,full_load,583.2,2983.2,30.371,813.0
1315,10.27,arterial,3.0,17.2,42.6,0.008,36.4,clear,mid_ev,40,160,1900,unladen,21.0,1921.0,2.009,195.5
1316,222.22,highway,61.4,79.5,84.5,0.081,37.0,clear,mid_ev,40,160,1900,half_load,233.0,2133.0,142.882,643.0
1317,9.12,arterial,3.4,21.8,36.0,0.461,29.7,rain,large_ev,75,190,2400,half_load,321.4,2721.4,3.893,426.9
1318,4.35,city,0.6,1.8,31.5,0.726,23.6,clear,mid_ev,40,160,1900,full_load,394.1,2294.1,2.812,646.2
1319,4.71,arterial,3.7,31.7,32.4,0.338,30.0,clear,small_ev,24,140,1400,half_load,153.3,1553.3,0.994,211.1
1320,49.37,highway,17.0,30.1,75.8,0.247,28.8,clear,large_ev,75,190,2400,unladen,22.0,2422.0,27.365,554.3
1322,2.36,arterial,31.9,2.5,38.3,0.746,35.1,heavy_rain,large_ev,75,190,2400,unladen,46.8,2446.8,1.629,689.5
1323,32.9,highway,3.6,86.3,85.8,0.293,27.4,clear,large_ev,75,190,2400,full_load,534.6,2934.6,24.267,737.5
1325,16.15,arterial,15.8,34.6,39.6,0.21,30.6,rain,large_ev,75,190,2400,unladen,36.0,2436.0,4.856,300.6
1326,6.21,arterial,0.5,18.4,46.0,0.523,32.1,heavy_rain,small_ev,24,140,1400,half_load,122.6,1522.6,2.131,342.9
1327,65.7,highway,43.8,92.5,76.0,0.656,27.2,clear,mid_ev,40,160,1900,half_load,229.3,2129.3,35.126,534.7
1330,1.22,city,3.4,7.1,22.0,0.213,24.2,clear,small_ev,24,140,1400,unladen,10.9,1410.9,0.217,178.2
1331,5.55,city,1.3,0.1,16.5,0.722,25.7,clear,large_ev,75,190,2400,unladen,2.6,2402.6,3.632,654.2
1332,20.23,arterial,19.6,9.6,56.0,0.383,30.4,clear,large_ev,75,190,2400,half_load,278.9,2678.9,10.636,525.9
1333,19.7,city,13.5,0.1,21.6,0.265,42.0,clear,small_ev,24,140,1400,half_load,129.3,1529.3,4.995,253.6
1334,18.65,arterial,4.0,17.4,35.7,0.433,23.6,rain,mid_ev,40,160,1900,full_load,438.4,2338.4,6.537,350.5
1335,6.03,arterial,14.3,9.8,49.5,0.378,29.8,rain,small_ev,24,140,1400,full_load,279.3,1679.3,2.05,339.9
1336,5.87,arterial,16.7,7.1,48.0,0.352,30.4,rain,mid_ev,40,160,1900,full_load,391.8,2291.8,2.259,384.5
1337,31.72,highway,10.0,5.5,81.6,0.174,31.9,clear,mid_ev,40,160,1900,unladen,35.6,1935.6,17.509,552.1
1338,7.85,city,0.5,22.7,14.5,0.805,32.4,clear,large_ev,75,190,2400,unladen,41.2,2441.2,6.145,782.6
1339,10.47,arterial,8.0,27.4,31.5,0.101,33.3,clear,large_ev,75,190,2400,half_load,313.9,2713.9,2.273,217.0
1340,3.71,arterial,14.1,12.6,49.1,0.343,31.3,clear,mid_ev,40,160,1900,half_load,224.5,2124.5,1.398,376.5
1341,90.92,highway,97.6,11.6,97.4,0.357,39.2,clear,large_ev,75,190,2400,unladen,48.8,2448.8,93.948,1033.3
1342,23.81,arterial,76.8,18.8,55.5,0.298,20.5,clear,mid_ev,40,160,1900,half_load,253.3,2153.3,9.294,390.4
1343,10.74,arterial,22.1,32.3,59.9,0.36,26.6,clear,mid_ev,40,160,1900,unladen,23.8,1923.8,4.289,399.3
1344,2.71,city,0.6,6.3,10.1,0.334,33.3,clear,large_ev,75,190,2400,half_load,304.8,2704.8,1.15,425.1
1345,5.15,city,11.7,1.0,25.1,0.53,32.0,clear,mid_ev,40,160,1900,unladen,35.0,1935.0,2.367,459.2
1347,83.38,highway,24.3,118.6,108.5,0.145,36.4,clear,mid_ev,40,160,1900,unladen,35.2,1935.2,81.149,973.2
1348,21.22,arterial,59.9,6.3,46.2,0.546,29.6,clear,small_ev,24,140,1400,unladen,17.5,1417.5,6.876,324.0
1349,137.54,highway,114.9,1.4,75.6,0.221,23.6,heavy_rain,mid_ev,40,160,1900,half_load,190.0,2090.0,67.244,488.9
1350,36.55,arterial,3.1,13.4,45.8,0.646,32.8,clear,mid_ev,40,160,1900,full_load,426.0,2326.0,18.943,518.3
1352,13.46,arterial,4.1,0.6,41.5,0.065,33.9,clear,mid_ev,40,160,1900,half_load,262.1,2162.1,2.971,220.8
1353,37.96,arterial,12.9,7.6,57.2,0.292,35.1,clear,small_ev,24,140,1400,half_load,132.4,1532.4,13.234,348.6
1354,10.25,arterial,22.8,21.0,44.5,0.128,37.5,clear,mid_ev,40,160,1900,full_load,425.7,2325.7,3.014,294.1
1356,7.14,city,1.9,15.8,17.3,0.801,28.9,clear,small_ev,24,140,1400,unladen,20.2,1420.2,3.027,424.1
1357,60.72,highway,37.4,176.7,79.2,0.326,24.0,clear,small_ev,24,140,1400,half_load,156.8,1556.8,26.261,432.5
1358,24.86,arterial,5.7,14.4,51.0,0.46,39.5,clear,small_ev,24,140,1400,full_load,279.9,1679.9,10.036,403.6
1359,36.31,highway,95.3,55.6,97.4,0.453,29.8,clear,mid_ev,40,160,1900,full_load,407.2,2307.2,27.836,766.6
1360,21.59,arterial,17.6,3.0,56.5,0.621,28.4,clear,mid_ev,40,160,1900,half_load,212.3,2112.3,11.29,522.9
1361,8.45,city,3.0,10.4,10.8,0.636,26.0,clear,small_ev,24,140,1400,unladen,24.5,1424.5,2.997,354.8
1362,23.01,arterial,4.4,21.1,46.4,0.407,29.9,clear,mid_ev,40,160,1900,full_load,435.9,2335.9,8.904,387.1
1363,4.38,city,15.1,0.3,15.2,0.9,41.6,clear,large_ev,75,190,2400,full_load,523.1,2923.1,5.379,1228.6
1365,60.8,highway,14.3,32.4,71.8,0.409,32.1,clear,large_ev,75,190,2400,unladen,47.1,2447.1,36.389,598.5
1366,50.8,highway,7.5,71.7,89.5,0.07,25.4,clear,large_ev,75,190,2400,half_load,330.5,2730.5,35.334,695.6
1367,15.5,arterial,26.6,24.5,48.6,0.164,23.3,clear,mid_ev,40,160,1900,unladen,11.9,1911.9,4.037,260.5
1368,6.85,city,0.7,5.8,21.3,0.236,29.0,clear,small_ev,24,140,1400,unladen,23.1,1423.1,1.159,169.1
1369,23.06,highway,15.9,9.2,73.8,0.182,28.9,clear,small_ev,24,140,1400,half_load,142.6,1542.6,8.702,377.4
1370,7.08,city,11.5,9.5,22.0,0.467,37.0,clear,small_ev,24,140,1400,unladen,25.6,1425.6,2.31,326.4
1371,6.57,city,9.4,9.0,19.9,0.376,34.1,rain,small_ev,24,140,1400,unladen,0.1,1400.1,1.817,276.5
1372,6.37,arterial,27.6,5.5,43.5,0.576,20.1,rain,large_ev,75,190,2400,full_load,585.7,2985.7,3.731,585.9
1373,50.03,highway,25.2,116.1,104.6,0.075,21.7,clear,large_ev,75,190,2400,half_load,343.9,2743.9,45.017,899.8
1375,13.35,arterial,6.0,27.2,35.6,0.101,31.2,clear,mid_ev,40,160,1900,unladen,1.7,1901.7,2.351,176.1
1376,4.08,city,18.9,0.1,16.0,0.341,32.6,clear,large_ev,75,190,2400,unladen,47.8,2447.8,1.759,431.1
1379,145.23,highway,25.3,30.9,67.7,0.024,28.6,rain,mid_ev,40,160,1900,full_load,413.7,2313.7,57.883,398.6
1380,5.47,city,11.6,8.3,17.0,0.415,24.8,clear,mid_ev,40,160,1900,half_load,268.5,2168.5,2.161,395.3
1381,6.36,city,3.5,4.7,27.8,0.509,33.0,rain,large_ev,75,190,2400,full_load,513.2,2913.2,4.473,703.1
1382,51.76,arterial,102.4,14.8,54.5,0.08,37.0,clear,mid_ev,40,160,1900,half_load,251.4,2151.4,16.96,327.7
1383,58.3,highway,13.5,44.8,89.9,0.175,34.5,rain,large_ev,75,190,2400,full_load,535.3,2935.3,47.71,818.3
1384,25.48,arterial,4.5,10.6,46.5,0.314,34.9,heavy_rain,large_ev,75,190,2400,full_load,594.5,2994.5,12.594,494.3
1385,3.15,city,22.9,15.8,13.2,0.265,28.7,clear,small_ev,24,140,1400,full_load,285.8,1685.8,0.736,233.8
1386,42.99,arterial,2.3,61.1,47.9,0.24,26.9,rain,large_ev,75,190,2400,unladen,59.9,2459.9,15.627,363.5
1387,79.88,highway,69.2,9.7,83.2,0.087,31.9,clear,large_ev,75,190,2400,unladen,21.4,2421.4,56.963,713.1
1388,27.95,arterial,44.9,5.0,46.5,0.334,31.2,clear,mid_ev,40,160,1900,unladen,35.7,1935.7,9.31,333.1
1389,2.63,city,21.0,18.8,13.5,0.549,31.9,clear,small_ev,24,140,1400,full_load,257.7,1657.7,1.005,381.5
1391,2.97,city,7.8,0.6,23.6,0.509,21.5,clear,small_ev,24,140,1400,half_load,165.6,1565.6,0.963,324.6
1393,5.48,city,0.5,3.9,30.4,0.896,25.3,rain,small_ev,24,140,1400,half_load,156.7,1556.7,3.107,567.0
1394,34.53,highway,71.3,22.0,64.8,0.09,23.4,clear,large_ev,75,190,2400,unladen,18.5,2418.5,13.897,402.4
1395,20.91,arterial,2.3,36.5,56.9,0.411,31.8,clear,small_ev,24,140,1400,unladen,13.7,1413.7,7.384,353.1
1396,105.19,highway,103.8,46.5,78.2,0.06,35.1,clear,large_ev,75,190,2400,unladen,15.8,2415.8,68.34,649.7
1397,9.09,arterial,11.2,1.5,48.8,0.099,40.1,clear,mid_ev,40,160,1900,unladen,5.8,1905.8,2.891,318.0
1399,3.79,city,6.8,11.7,27.0,0.817,37.8,clear,large_ev,75,190,2400,unladen,41.1,2441.1,3.623,956.5
1400,6.83,city,3.7,7.5,19.9,0.492,33.0,clear,mid_ev,40,160,1900,half_load,204.9,2104.9,3.123,457.3
1401,12.75,city,18.8,6.7,21.7,0.786,31.2,clear,large_ev,75,190,2400,unladen,33.3,2433.3,9.836,771.4
1402,31.91,arterial,17.7,28.2,48.8,0.198,35.0,clear,large_ev,75,190,2400,full_load,572.4,2972.4,13.182,413.1
1403,7.86,city,32.8,4.4,10.4,0.78,27.9,clear,mid_ev,40,160,1900,unladen,35.6,1935.6,4.574,581.8
1404,94.05,highway,16.4,9.3,93.0,0.0,35.4,clear,mid_ev,40,160,1900,half_load,180.5,2080.5,67.92,722.1
1405,10.66,arterial,4.1,5.6,52.4,0.822,27.6,rain,mid_ev,40,160,1900,full_load,384.0,2284.0,6.022,564.7
1406,3.09,city,0.2,3.2,10.3,0.399,21.1,clear,small_ev,24,140,1400,full_load,276.6,1676.6,0.784,253.9
1407,12.71,city,2.7,26.5,12.2,0.723,28.0,clear,small_ev,24,140,1400,full_load,278.2,1678.2,5.982,470.5
1408,4.99,city,5.6,7.1,13.1,0.673,37.4,clear,large_ev,75,190,2400,full_load,538.9,2938.9,4.214,844.7
1409,7.51,arterial,14.7,32.6,50.1,0.444,30.2,rain,small_ev,24,140,1400,half_load,124.0,1524.0,2.505,333.6
1410,26.94,highway,20.1,39.4,86.4,0.344,30.9,clear,mid_ev,40,160,1900,half_load,220.1,2120.1,17.349,643.9
1411,8.89,city,23.5,6.6,33.8,0.216,33.3,clear,large_ev,75,190,2400,unladen,47.8,2447.8,3.31,372.4
1412,12.97,city,13.0,19.9,25.4,0.401,28.7,clear,mid_ev,40,160,1900,half_load,219.4,2119.4,5.047,389.3
1413,14.18,city,3.0,1.0,19.6,0.442,30.6,clear,small_ev,24,140,1400,unladen,3.8,1403.8,3.936,277.7
1414,51.57,highway,87.5,57.2,85.8,0.113,41.5,clear,mid_ev,40,160,1900,unladen,42.2,1942.2,35.734,692.9
1415,14.91,arterial,14.5,20.1,58.2,0.696,36.3,clear,mid_ev,40,160,1900,full_load,446.8,2346.8,9.699,650.5
1416,1.15,city,16.2,4.1,19.9,0.49,32.6,heavy_rain,mid_ev,40,160,1900,unladen,5.7,1905.7,0.594,517.7
1417,8.76,arterial,42.9,6.3,38.0,0.39,33.5,rain,mid_ev,40,160,1900,unladen,37.0,1937.0,2.913,332.6
1418,50.22,highway,20.6,29.1,76.1,0.41,27.6,clear,large_ev,75,190,2400,unladen,7.8,2407.8,29.17,580.9
1419,10.53,city,0.5,10.5,28.4,0.722,30.2,clear,small_ev,24,140,1400,half_load,161.9,1561.9,5.206,494.6
1422,178.51,highway,12.3,71.8,81.5,0.011,28.5,clear,large_ev,75,190,2400,half_load,289.0,2689.0,107.034,599.6
1423,38.97,arterial,74.6,41.6,43.8,0.179,38.4,clear,large_ev,75,190,2400,unladen,45.4,2445.4,13.892,356.5
1425,9.54,city,0.7,3.4,28.5,0.915,42.0,clear,small_ev,24,140,1400,full_load,262.4,1662.4,7.266,761.7
1426,16.18,city,5.8,0.9,29.9,0.342,42.0,clear,large_ev,75,190,2400,full_load,530.9,2930.9,9.421,582.1
1427,37.43,arterial,13.5,14.7,36.4,0.38,35.1,rain,mid_ev,40,160,1900,unladen,43.6,1943.6,11.404,304.7
1428,6.39,city,4.4,1.4,17.7,0.728,24.0,clear,small_ev,24,140,1400,half_load,158.5,1558.5,2.629,411.6
1429,101.11,highway,3.1,36.9,97.1,0.034,37.5,clear,large_ev,75,190,2400,unladen,45.5,2445.5,93.945,929.2
1430,15.04,arterial,8.3,15.5,38.2,0.526,25.3,clear,small_ev,24,140,1400,half_load,129.8,1529.8,4.219,280.5
1431,18.05,arterial,42.0,18.9,55.4,0.091,31.7,clear,large_ev,75,190,2400,half_load,350.7,2750.7,6.894,382.0
1433,10.49,arterial,61.6,16.0,44.6,0.314,28.0,clear,small_ev,24,140,1400,full_load,286.0,1686.0,2.766,263.7
1434,57.23,highway,25.6,21.0,73.9,0.133,29.4,rain,small_ev,24,140,1400,half_load,151.1,1551.1,23.178,405.0
1437,10.57,city,4.0,12.4,25.0,0.484,39.5,clear,small_ev,24,140,1400,half_load,150.2,1550.2,4.414,417.6
1438,6.83,city,6.1,7.2,23.8,0.212,20.0,clear,large_ev,75,190,2400,full_load,559.6,2959.6,2.443,357.7
1439,4.08,city,19.7,2.3,26.1,0.707,27.2,clear,large_ev,75,190,2400,half_load,322.5,2722.5,3.36,823.1
1440,27.53,arterial,19.6,66.0,46.5,0.631,30.2,clear,large_ev,75,190,2400,unladen,48.6,2448.6,13.611,494.4
1442,8.83,city,6.9,10.0,25.1,0.448,29.7,clear,large_ev,75,190,2400,unladen,13.8,2413.8,4.125,467.1
1443,4.59,city,2.4,8.5,22.2,0.434,35.3,clear,large_ev,75,190,2400,unladen,14.2,2414.2,2.287,498.5
1444,47.25,arterial,22.6,17.9,40.7,0.458,22.0,clear,large_ev,75,190,2400,half_load,353.8,2753.8,20.564,435.2
1445,7.63,arterial,4.9,9.8,39.7,0.342,26.9,clear,small_ev,24,140,1400,half_load,134.0,1534.0,1.641,215.2
1447,6.07,city,1.0,16.0,15.2,0.581,31.2,clear,large_ev,75,190,2400,unladen,10.3,2410.3,3.443,567.4
1449,59.32,highway,93.5,15.7,86.1,0.008,31.9,clear,small_ev,24,140,1400,unladen,18.1,1418.1,28.085,473.4
1450,2.16,city,9.5,6.1,23.2,0.765,27.2,clear,large_ev,75,190,2400,full_load,589.9,2989.9,1.833,848.1
1452,30.69,arterial,0.7,33.8,43.4,0.307,37.7,clear,large_ev,75,190,2400,full_load,596.5,2996.5,13.223,430.8
1453,76.67,highway,11.3,6.3,78.5,0.335,30.5,rain,small_ev,24,140,1400,full_load,278.9,1678.9,35.697,465.6
1454,24.98,arterial,3.4,13.3,35.8,0.568,42.0,heavy_rain,small_ev,24,140,1400,full_load,268.5,1668.5,9.387,375.8
1455,47.18,highway,5.2,76.9,71.4,0.226,30.0,heavy_rain,mid_ev,40,160,1900,unladen,24.3,1924.3,21.277,450.9
1457,5.15,arterial,27.4,6.2,28.8,0.514,36.8,clear,large_ev,75,190,2400,half_load,260.3,2660.3,2.324,451.4
1460,98.4,highway,81.4,23.3,91.9,0.185,28.4,clear,small_ev,24,140,1400,half_load,156.8,1556.8,57.468,584.0
1461,11.94,city,1.9,8.7,27.9,0.272,27.7,clear,small_ev,24,140,1400,unladen,15.5,1415.5,2.459,206.0
1462,11.1,city,6.9,5.1,20.4,0.568,32.0,clear,small_ev,24,140,1400,unladen,13.9,1413.9,3.876,349.3
1463,37.82,highway,28.8,34.7,89.8,0.162,33.2,clear,mid_ev,40,160,1900,unladen,20.5,1920.5,23.728,627.4
1464,6.35,arterial,3.4,11.3,35.4,0.457,34.1,clear,large_ev,75,190,2400,half_load,298.2,2698.2,2.65,417.6
1465,84.68,highway,26.5,15.5,88.8,0.359,28.7,rain,mid_ev,40,160,1900,unladen,1.4,1901.4,54.943,648.8
1467,10.91,arterial,28.4,31.9,55.5,0.266,25.2,clear,small_ev,24,140,1400,full_load,298.0,1698.0,3.272,300.0
1469,12.02,arterial,12.1,44.3,41.4,0.114,33.5,clear,large_ev,75,190,2400,half_load,269.8,2669.8,3.398,282.8
1471,2.62,city,23.1,0.8,27.1,0.331,37.7,clear,large_ev,75,190,2400,unladen,34.6,2434.6,1.312,500.3
1472,28.78,arterial,0.0,28.7,57.6,0.011,26.3,clear,small_ev,24,140,1400,half_load,170.7,1570.7,7.001,243.3
1473,119.74,highway,12.7,16.8,68.0,0.012,31.9,clear,small_ev,24,140,1400,half_load,153.6,1553.6,39.46,329.6
1474,8.85,arterial,1.7,54.0,43.9,0.135,34.5,clear,small_ev,24,140,1400,unladen,14.3,1414.3,1.802,203.6
1475,12.78,city,1.7,0.6,19.2,0.799,23.6,clear,mid_ev,40,160,1900,half_load,212.7,2112.7,7.479,585.1
1476,14.58,city,9.1,0.3,33.0,0.445,33.7,clear,mid_ev,40,160,1900,half_load,241.0,2141.0,7.003,480.4
1477,57.76,highway,35.9,103.8,75.2,0.067,33.8,rain,small_ev,24,140,1400,unladen,26.0,1426.0,24.176,418.5
1478,7.95,city,0.2,5.1,16.8,0.09,41.9,clear,mid_ev,40,160,1900,half_load,212.6,2112.6,1.404,176.5
1479,8.85,arterial,6.6,62.2,41.2,0.432,32.7,rain,small_ev,24,140,1400,unladen,22.3,1422.3,2.541,287.2
1480,52.11,highway,48.1,67.0,88.4,0.433,25.0,clear,mid_ev,40,160,1900,full_load,396.0,2296.0,33.519,643.3
1482,161.26,highway,4.9,40.3,81.4,0.082,35.8,rain,large_ev,75,190,2400,half_load,338.2,2738.2,116.731,723.8
1483,28.67,highway,22.7,82.0,99.8,0.358,42.0,clear,small_ev,24,140,1400,full_load,289.8,1689.8,23.896,833.6
1484,25.65,highway,88.6,47.7,74.9,0.328,22.2,heavy_rain,large_ev,75,190,2400,half_load,283.2,2683.2,15.642,609.7
1485,19.82,arterial,42.1,9.9,32.5,0.195,33.8,clear,small_ev,24,140,1400,half_load,148.9,1548.9,3.384,170.7
1487,13.39,highway,10.5,39.0,77.9,0.381,35.9,clear,mid_ev,40,160,1900,full_load,403.6,2303.6,7.136,533.0
1488,4.76,city,1.8,0.8,19.2,0.509,35.0,heavy_rain,small_ev,24,140,1400,unladen,16.8,1416.8,1.713,359.7
1490,22.31,arterial,93.9,11.8,51.6,0.793,22.9,clear,mid_ev,40,160,1900,full_load,411.6,2311.6,12.426,557.0
1491,93.39,highway,7.2,21.3,110.4,0.246,28.8,rain,large_ev,75,190,2400,unladen,53.0,2453.0,102.944,1102.2
1492,14.46,city,8.2,1.1,22.8,0.207,28.3,clear,large_ev,75,190,2400,full_load,587.1,2987.1,4.986,344.9
1493,30.67,highway,21.0,28.6,81.7,0.172,36.2,clear,small_ev,24,140,1400,full_load,298.1,1698.1,15.56,507.4
1494,3.93,city,6.0,5.2,12.0,0.296,28.0,clear,mid_ev,40,160,1900,half_load,217.8,2117.8,1.058,269.4
1495,109.51,highway,11.3,5.1,97.1,0.018,22.0,clear,mid_ev,40,160,1900,unladen,12.7,1912.7,76.187,695.7
1497,36.39,highway,14.2,112.6,99.8,0.214,31.3,clear,large_ev,75,190,2400,full_load,558.5,2958.5,34.449,946.5
1498,261.04,highway,0.4,92.2,71.6,0.339,33.3,clear,large_ev,75,190,2400,unladen,13.0,2413.0,152.487,584.1
1499,10.51,city,3.8,5.9,19.0,0.576,31.2,clear,mid_ev,40,160,1900,unladen,8.3,1908.3,4.69,446.1
1500,5.36,city,3.7,6.0,21.9,0.52,31.3,clear,small_ev,24,140,1400,full_load,257.1,1657.1,1.968,367.1
1501,120.76,highway,21.9,0.5,84.4,0.234,27.8,heavy_rain,small_ev,24,140,1400,half_load,155.4,1555.4,66.474,550.5
1502,154.33,highway,10.6,35.2,75.3,0.01,30.6,clear,large_ev,75,190,2400,full_load,530.4,2930.4,89.594,580.5
1503,5.03,city,17.4,5.0,16.0,0.256,30.2,clear,large_ev,75,190,2400,half_load,317.3,2717.3,1.711,340.1
1506,109.36,highway,3.4,11.3,87.9,0.154,41.5,rain,small_ev,24,140,1400,unladen,26.1,1426.1,68.206,623.7
1508,3.53,city,4.3,14.9,17.7,0.634,38.3,clear,small_ev,24,140,1400,full_load,299.7,1699.7,1.761,498.2
1509,11.89,city,4.7,0.6,25.4,0.755,25.4,clear,small_ev,24,140,1400,half_load,142.2,1542.2,5.459,459.0
1510,1.11,city,5.2,3.4,5.0,0.08,28.8,clear,small_ev,24,140,1400,half_load,131.4,1531.4,0.096,86.5
1511,8.62,city,6.0,9.4,28.0,0.963,42.0,clear,large_ev,75,190,2400,unladen,53.7,2453.7,9.778,1134.1
1512,26.21,arterial,41.2,64.5,50.9,0.54,29.1,rain,large_ev,75,190,2400,unladen,29.5,2429.5,14.081,537.3
1513,3.53,arterial,100.9,5.4,45.0,0.713,29.5,clear,small_ev,24,140,1400,unladen,15.8,1415.8,1.733,490.7
1514,23.33,arterial,24.6,4.7,45.0,0.645,31.4,clear,small_ev,24,140,1400,unladen,4.4,1404.4,7.863,337.0
1515,209.87,highway,48.9,4.8,80.5,0.135,37.4,clear,large_ev,75,190,2400,half_load,329.7,2729.7,140.47,669.3
1516,30.29,arterial,29.0,21.4,57.3,0.356,30.0,rain,mid_ev,40,160,1900,full_load,412.4,2312.4,14.005,462.3
1517,9.18,city,9.3,10.2,23.2,0.54,31.5,clear,large_ev,75,190,2400,full_load,591.9,2991.9,5.951,648.2
1518,57.66,highway,21.4,60.9,79.7,0.075,35.1,clear,small_ev,24,140,1400,unladen,22.2,1422.2,25.988,450.7
1520,43.42,arterial,13.1,9.0,42.2,0.65,30.4,clear,mid_ev,40,160,1900,unladen,18.2,1918.2,17.548,404.2
1521,2.36,arterial,12.6,33.8,46.6,0.358,20.4,clear,small_ev,24,140,1400,full_load,270.3,1670.3,0.681,288.9
1522,27.81,arterial,8.2,9.7,33.9,0.366,29.0,clear,mid_ev,40,160,1900,half_load,235.6,2135.6,7.272,261.5
1524,4.92,arterial,4.8,3.5,50.2,0.382,27.0,clear,large_ev,75,190,2400,half_load,271.4,2671.4,2.332,474.0
1526,2.64,city,0.8,2.5,27.0,0.555,26.8,rain,small_ev,24,140,1400,half_load,178.8,1578.8,0.996,377.9
1527,13.77,arterial,20.2,30.7,35.2,0.332,29.0,clear,large_ev,75,190,2400,half_load,313.8,2713.8,4.79,347.9
1528,19.62,city,6.2,32.9,19.5,0.816,40.3,clear,large_ev,75,190,2400,half_load,319.9,2719.9,20.038,1021.4
1529,3.33,city,1.9,0.2,26.1,0.315,32.7,rain,small_ev,24,140,1400,full_load,273.0,1673.0,0.894,268.4
1530,1.48,city,3.3,11.9,24.0,0.855,38.7,clear,mid_ev,40,160,1900,unladen,40.6,1940.6,1.042,703.4
1531,81.55,highway,13.1,10.1,98.5,0.207,35.5,clear,large_ev,75,190,2400,half_load,286.8,2686.8,76.738,941.0
1533,31.98,highway,15.1,80.4,70.5,0.183,38.0,clear,small_ev,24,140,1400,full_load,256.6,1656.6,14.457,452.1
1534,18.22,highway,3.4,27.9,84.7,0.204,24.2,clear,small_ev,24,140,1400,full_load,292.9,1692.9,9.071,497.9
1535,1.96,city,0.8,74.9,14.1,0.714,34.6,clear,mid_ev,40,160,1900,full_load,447.1,2347.1,1.34,683.9
1536,177.99,highway,39.2,59.7,70.8,0.159,24.0,clear,small_ev,24,140,1400,unladen,0.1,1400.1,59.555,334.6
1537,2.39,city,17.3,2.2,24.4,0.71,31.2,clear,mid_ev,40,160,1900,half_load,203.9,2103.9,1.593,666.7
1539,15.37,city,0.3,6.6,21.5,0.227,24.5,heavy_rain,small_ev,24,140,1400,unladen,14.0,1414.0,2.915,189.6
1540,3.73,city,4.6,11.5,14.8,0.405,28.1,clear,small_ev,24,140,1400,half_load,136.9,1536.9,0.947,254.1
1541,11.05,arterial,23.6,22.4,50.1,0.885,33.6,clear,mid_ev,40,160,1900,unladen,5.8,1905.8,6.161,557.3
1542,90.36,highway,90.6,30.3,73.3,0.41,36.1,clear,mid_ev,40,160,1900,full_load,386.8,2286.8,50.607,560.1
1543,12.17,arterial,3.1,21.2,55.8,0.559,25.9,clear,small_ev,24,140,1400,half_load,156.1,1556.1,4.511,370.6
1546,8.35,city,4.0,12.3,27.8,0.801,34.4,rain,mid_ev,40,160,1900,full_load,410.9,2310.9,6.676,799.6
1547,137.82,highway,19.6,16.6,84.7,0.072,35.2,rain,large_ev,75,190,2400,unladen,53.0,2453.0,101.756,738.3
1548,3.37,city,20.5,0.6,30.9,0.757,25.6,clear,mid_ev,40,160,1900,unladen,7.5,1907.5,2.023,600.2
1549,6.93,city,7.9,9.3,34.4,0.973,35.1,rain,small_ev,24,140,1400,unladen,7.6,1407.6,4.278,617.8
1550,27.74,highway,26.6,24.6,100.5,0.05,32.3,clear,mid_ev,40,160,1900,half_load,212.0,2112.0,21.694,782.0
1551,101.28,highway,22.1,48.0,77.2,0.178,29.8,clear,small_ev,24,140,1400,half_load,155.1,1555.1,41.356,408.3
1552,5.66,city,25.0,15.8,20.3,0.656,30.4,clear,small_ev,24,140,1400,full_load,288.0,1688.0,2.631,464.6
1553,73.97,highway,12.7,9.3,82.0,0.049,38.7,rain,mid_ev,40,160,1900,unladen,30.7,1930.7,46.584,629.8
1554,94.3,highway,24.2,59.3,82.5,0.24,37.3,clear,small_ev,24,140,1400,half_load,155.0,1555.0,49.409,523.9
1556,24.72,arterial,29.6,2.1,48.1,0.364,34.1,clear,mid_ev,40,160,1900,full_load,425.9,2325.9,10.161,411.0
1557,2.82,city,2.0,6.7,17.2,0.569,30.8,clear,small_ev,24,140,1400,unladen,3.5,1403.5,0.913,323.5
1558,7.67,arterial,6.9,6.9,34.1,0.372,25.3,heavy_rain,mid_ev,40,160,1900,full_load,425.2,2325.2,2.392,311.9
1560,3.61,arterial,33.1,68.2,51.7,0.422,30.0,clear,small_ev,24,140,1400,full_load,271.7,1671.7,1.15,318.4
1561,118.4,highway,12.3,3.0,73.1,0.137,29.8,clear,small_ev,24,140,1400,unladen,9.9,1409.9,44.545,376.2
1562,80.0,arterial,53.8,10.5,47.7,0.763,31.5,clear,large_ev,75,190,2400,half_load,337.9,2737.9,52.419,655.2
1563,78.24,highway,29.9,7.6,83.7,0.063,29.9,clear,mid_ev,40,160,1900,full_load,438.5,2338.5,42.685,545.6
1564,8.04,city,17.7,1.0,17.0,0.706,28.4,clear,large_ev,75,190,2400,full_load,532.4,2932.4,6.22,774.0
1565,36.64,highway,5.8,98.2,74.7,0.31,40.3,clear,mid_ev,40,160,1900,full_load,404.6,2304.6,21.065,574.9
1566,11.61,arterial,5.5,37.9,48.7,0.564,33.1,clear,mid_ev,40,160,1900,half_load,181.2,2081.2,5.294,456.1
1567,3.23,city,7.2,48.3,25.6,0.585,27.9,heavy_rain,mid_ev,40,160,1900,half_load,198.5,2098.5,1.796,556.6
1569,78.55,highway,19.9,20.5,87.7,0.134,27.5,clear,large_ev,75,190,2400,unladen,17.8,2417.8,54.856,698.3
1573,32.56,arterial,10.8,42.0,48.3,0.341,22.6,clear,large_ev,75,190,2400,full_load,558.9,2958.9,13.718,421.3
1575,21.62,arterial,26.6,4.1,33.7,0.389,26.9,clear,large_ev,75,190,2400,half_load,241.7,2641.7,7.768,359.2
1576,193.96,highway,0.3,28.3,86.7,0.256,33.9,clear,large_ev,75,190,2400,unladen,34.3,2434.3,146.642,756.0
1577,45.0,highway,17.8,4.0,90.9,0.192,32.3,heavy_rain,large_ev,75,190,2400,full_load,558.6,2958.6,39.754,883.4
1578,23.99,arterial,6.4,24.5,43.8,0.362,27.3,rain,mid_ev,40,160,1900,half_load,201.2,2101.2,8.16,340.2
1579,5.17,arterial,2.1,13.7,42.7,0.133,31.2,clear,mid_ev,40,160,1900,full_load,432.8,2332.8,1.342,259.6
1580,20.84,arterial,27.4,3.8,44.9,0.489,37.8,rain,large_ev,75,190,2400,half_load,240.0,2640.0,11.425,548.2
1581,3.84,city,10.3,12.2,24.5,0.813,31.6,clear,small_ev,24,140,1400,full_load,263.1,1663.1,2.262,588.4
1582,5.36,city,2.8,15.6,30.9,0.293,33.3,clear,large_ev,75,190,2400,full_load,565.3,2965.3,2.428,452.9
1583,5.59,arterial,12.8,21.9,42.6,0.46,29.2,rain,small_ev,24,140,1400,full_load,281.3,1681.3,1.739,310.8
1584,20.95,arterial,5.2,13.4,42.3,0.639,36.7,clear,small_ev,24,140,1400,unladen,29.4,1429.4,7.187,343.1
1585,8.77,arterial,5.1,6.3,52.6,0.282,32.6,clear,large_ev,75,190,2400,full_load,530.9,2930.9,3.955,450.9
1586,5.41,city,40.3,2.3,15.9,0.798,28.6,clear,small_ev,24,140,1400,half_load,126.3,1526.3,2.737,505.6
1587,13.16,city,5.1,2.8,16.7,0.351,28.5,rain,mid_ev,40,160,1900,half_load,204.9,2104.9,4.264,324.1
1588,23.45,arterial,30.3,23.5,45.1,0.422,33.3,clear,small_ev,24,140,1400,full_load,277.1,1677.1,6.947,296.3
1589,1.49,city,0.5,21.5,18.4,0.717,27.8,clear,large_ev,75,190,2400,unladen,8.6,2408.6,1.048,702.4
1590,131.36,highway,18.5,6.9,101.9,0.373,26.2,rain,large_ev,75,190,2400,full_load,539.1,2939.1,127.187,968.2
1591,7.25,city,3.5,1.7,15.0,0.248,32.7,clear,small_ev,24,140,1400,unladen,18.2,1418.2,1.314,181.2
1592,101.3,highway,29.1,1.3,96.7,0.047,30.4,clear,small_ev,24,140,1400,half_load,178.5,1578.5,61.901,611.1
1593,18.98,arterial,29.6,7.0,37.3,0.424,42.0,clear,mid_ev,40,160,1900,unladen,39.4,1939.4,6.863,361.5
1594,15.41,arterial,28.8,14.6,37.0,0.107,24.2,clear,small_ev,24,140,1400,half_load,176.8,1576.8,2.442,158.5
1595,45.17,arterial,18.9,17.7,37.0,0.333,28.9,rain,large_ev,75,190,2400,unladen,41.1,2441.1,15.059,333.4
1596,6.34,arterial,71.5,18.5,45.7,0.256,24.3,rain,small_ev,24,140,1400,unladen,25.4,1425.4,1.669,263.2
1598,11.18,arterial,7.7,0.6,56.1,0.205,20.0,clear,large_ev,75,190,2400,half_load,315.2,2715.2,4.585,410.0
1599,31.79,arterial,13.8,13.1,60.2,0.69,20.2,clear,large_ev,75,190,2400,full_load,554.0,2954.0,22.035,693.1
1600,46.07,highway,12.3,21.2,79.4,0.066,36.5,clear,mid_ev,40,160,1900,unladen,12.5,1912.5,25.626,556.3
1601,69.53,highway,9.1,3.4,91.1,0.356,33.3,clear,mid_ev,40,160,1900,full_load,434.5,2334.5,49.296,709.0
1602,44.93,highway,21.8,6.4,84.0,0.183,29.8,heavy_rain,mid_ev,40,160,1900,unladen,19.4,1919.4,26.884,598.3
1603,1.94,city,23.1,21.2,18.6,0.156,20.0,clear,large_ev,75,190,2400,half_load,347.3,2747.3,0.516,265.8
1604,12.83,arterial,0.4,25.7,54.6,0.06,36.8,clear,mid_ev,40,160,1900,half_load,257.2,2157.2,3.877,302.1
1605,5.12,city,10.1,4.1,26.9,0.386,25.3,clear,small_ev,24,140,1400,half_load,142.7,1542.7,1.459,285.1
1607,60.48,highway,51.0,23.0,106.1,0.451,38.4,clear,small_ev,24,140,1400,half_load,150.8,1550.8,50.627,837.1
1608,36.67,highway,4.2,14.2,77.9,0.298,34.1,clear,large_ev,75,190,2400,unladen,1.1,2401.1,24.7,673.6
1609,108.35,highway,5.0,14.7,73.8,0.156,25.3,clear,small_ev,24,140,1400,unladen,3.6,1403.6,41.598,383.9
1610,6.93,city,37.9,0.5,23.1,0.727,20.8,rain,mid_ev,40,160,1900,full_load,408.1,2308.1,4.806,693.3
1612,61.1,highway,31.0,108.8,103.6,0.075,31.0,clear,small_ev,24,140,1400,full_load,255.3,1655.3,42.089,688.8
1613,119.73,highway,4.1,8.0,69.5,0.126,25.0,clear,large_ev,75,190,2400,unladen,48.5,2448.5,54.962,459.1
1615,13.52,arterial,2.9,52.5,37.2,0.321,27.8,clear,small_ev,24,140,1400,full_load,285.6,1685.6,3.115,230.4
1616,3.36,city,13.8,1.3,38.3,0.73,27.1,clear,mid_ev,40,160,1900,full_load,449.0,2349.0,2.503,744.9
1617,20.3,highway,31.1,35.0,89.5,0.047,35.5,clear,mid_ev,40,160,1900,unladen,10.5,1910.5,13.408,660.5
1618,6.25,arterial,12.8,43.3,36.5,0.472,24.5,clear,small_ev,24,140,1400,full_load,273.4,1673.4,1.562,250.0
1619,10.11,arterial,29.9,0.0,34.4,0.627,31.9,clear,large_ev,75,190,2400,full_load,514.3,2914.3,5.256,520.0
1620,30.09,highway,8.9,1.8,90.2,0.155,33.0,clear,large_ev,75,190,2400,half_load,278.4,2678.4,24.351,809.2
1621,41.89,arterial,54.7,22.1,40.1,0.341,32.8,clear,small_ev,24,140,1400,full_load,276.0,1676.0,10.678,254.9
1622,10.48,city,2.3,0.7,18.0,0.514,24.4,clear,small_ev,24,140,1400,full_load,266.0,1666.0,3.512,335.3
1623,30.55,arterial,19.5,4.6,32.2,0.469,31.4,clear,large_ev,75,190,2400,full_load,543.7,2943.7,13.451,440.3
1624,4.55,city,3.3,6.6,17.8,0.695,21.8,clear,large_ev,75,190,2400,full_load,592.2,2992.2,3.41,749.4
1625,14.02,city,16.1,2.6,18.9,0.774,25.1,clear,small_ev,24,140,1400,unladen,11.3,1411.3,5.819,415.1
1626,7.31,city,8.6,4.4,10.8,0.426,25.9,heavy_rain,large_ev,75,190,2400,half_load,271.0,2671.0,3.72,509.2
1627,7.01,city,0.3,2.9,9.0,0.428,28.3,clear,small_ev,24,140,1400,full_load,262.4,1662.4,2.052,292.8
1628,1.65,city,7.9,0.6,16.4,0.464,25.0,rain,small_ev,24,140,1400,full_load,286.0,1686.0,0.626,378.3
1629,16.57,highway,115.2,41.8,89.9,0.008,21.4,rain,mid_ev,40,160,1900,half_load,253.4,2153.4,10.771,649.9
1630,59.36,highway,7.4,31.0,80.1,0.348,38.7,clear,small_ev,24,140,1400,full_load,281.0,1681.0,31.831,536.3
1631,67.79,highway,59.1,52.4,112.8,0.354,29.4,clear,mid_ev,40,160,1900,full_load,406.9,2306.9,65.877,971.8
1632,22.75,arterial,19.0,9.0,46.1,0.601,20.0,clear,large_ev,75,190,2400,half_load,356.9,2756.9,12.246,538.2
1633,1.39,city,3.0,0.7,20.5,0.626,36.7,clear,small_ev,24,140,1400,full_load,298.6,1698.6,0.765,549.0
1634,13.34,city,14.0,16.1,26.6,0.707,32.7,rain,large_ev,75,190,2400,full_load,531.2,2931.2,11.504,862.5
1637,2.15,city,4.0,23.7,22.0,0.674,29.9,clear,large_ev,75,190,2400,unladen,43.0,2443.0,1.291,600.5
1638,7.91,city,54.3,1.5,28.5,0.274,20.7,clear,small_ev,24,140,1400,full_load,294.4,1694.4,2.235,282.6
1639,35.89,highway,28.2,9.6,82.1,0.103,26.0,clear,large_ev,75,190,2400,half_load,304.1,2704.1,21.995,612.9
1640,77.71,highway,6.1,49.8,89.4,0.014,32.0,clear,large_ev,75,190,2400,full_load,566.6,2966.6,57.93,745.4
1641,13.31,arterial,12.2,11.7,40.8,0.41,32.4,clear,large_ev,75,190,2400,full_load,594.2,2994.2,6.372,478.9
1642,151.95,highway,23.2,9.2,72.3,0.025,28.4,clear,mid_ev,40,160,1900,full_load,420.7,2320.7,61.966,407.8
1643,5.85,arterial,0.1,7.5,40.3,0.238,20.0,rain,mid_ev,40,160,1900,half_load,234.4,2134.4,1.528,261.3
1645,10.88,city,13.2,0.7,26.3,0.665,27.8,heavy_rain,mid_ev,40,160,1900,full_load,431.2,2331.2,7.272,668.6
1647,23.14,city,27.7,0.6,12.4,0.42,34.3,clear,large_ev,75,190,2400,unladen,5.4,2405.4,10.562,456.5
1648,26.49,city,20.1,9.7,23.2,0.541,28.7,clear,large_ev,75,190,2400,half_load,340.3,2740.3,16.361,617.6
1649,30.82,city,15.1,5.7,21.4,0.224,37.3,clear,small_ev,24,140,1400,unladen,9.0,1409.0,6.111,198.3
1650,20.8,arterial,15.9,7.3,31.0,0.427,30.9,clear,large_ev,75,190,2400,unladen,30.3,2430.3,6.769,325.4
1651,144.12,highway,82.4,23.2,90.3,0.281,28.3,clear,large_ev,75,190,2400,full_load,590.5,2990.5,113.309,786.2
1652,15.73,arterial,3.6,20.1,36.2,0.288,25.8,rain,large_ev,75,190,2400,full_load,597.1,2997.1,5.767,366.7
1653,37.11,highway,153.2,24.1,71.9,0.302,36.7,clear,small_ev,24,140,1400,unladen,25.7,1425.7,15.314,412.6
1655,14.07,arterial,3.5,4.2,35.1,0.331,28.7,clear,mid_ev,40,160,1900,half_load,223.3,2123.3,3.864,274.6
1656,43.0,highway,230.6,46.6,83.4,0.247,36.8,clear,large_ev,75,190,2400,full_load,590.0,2990.0,35.418,823.7
1657,8.63,city,4.8,15.7,23.5,0.826,23.3,clear,mid_ev,40,160,1900,full_load,419.8,2319.8,6.07,703.5
1658,6.54,arterial,6.0,35.8,43.8,0.292,40.1,rain,small_ev,24,140,1400,half_load,172.7,1572.7,1.835,280.6
1659,4.99,city,19.4,3.2,16.5,0.352,28.6,clear,small_ev,24,140,1400,full_load,262.1,1662.1,1.365,273.3
1660,7.96,arterial,89.3,5.3,45.1,0.273,32.5,clear,mid_ev,40,160,1900,full_load,423.0,2323.0,3.204,402.7
1661,15.65,arterial,21.3,28.1,38.1,0.115,23.1,clear,mid_ev,40,160,1900,half_load,265.9,2165.9,3.121,199.5
1662,81.48,highway,184.1,95.4,87.9,0.165,32.9,clear,mid_ev,40,160,1900,full_load,400.1,2300.1,52.021,638.4
1663,1.36,city,2.7,5.3,23.3,0.508,22.2,clear,mid_ev,40,160,1900,unladen,37.2,1937.2,0.518,381.4
1664,18.5,city,0.8,0.7,24.8,0.334,33.2,rain,small_ev,24,140,1400,full_load,292.3,1692.3,5.39,291.3
1668,4.19,arterial,12.6,27.7,49.4,0.434,21.8,clear,mid_ev,40,160,1900,half_load,238.5,2138.5,1.508,359.8
1669,39.54,highway,84.5,49.7,85.1,0.117,36.7,clear,large_ev,75,190,2400,half_load,264.1,2664.1,29.738,752.1
1670,12.71,city,0.7,4.9,34.5,0.417,30.2,clear,large_ev,75,190,2400,half_load,312.1,2712.1,6.69,526.4
1671,4.05,city,4.0,7.1,31.1,0.655,25.4,heavy_rain,mid_ev,40,160,1900,full_load,420.3,2320.3,2.784,686.7
1672,10.41,arterial,29.9,10.9,39.6,0.471,31.9,rain,large_ev,75,190,2400,unladen,30.9,2430.9,4.344,417.1
1673,2.07,city,12.2,46.7,32.7,0.7,29.1,clear,small_ev,24,140,1400,unladen,21.0,1421.0,0.852,411.0
1675,5.64,arterial,50.5,4.2,40.1,0.248,22.9,clear,mid_ev,40,160,1900,half_load,256.2,2156.2,1.73,306.9
1677,15.63,city,46.8,4.5,30.9,0.893,30.3,clear,large_ev,75,190,2400,half_load,359.5,2759.5,15.509,992.1
1678,35.29,highway,6.7,0.6,89.9,0.082,27.2,clear,mid_ev,40,160,1900,half_load,211.9,2111.9,20.926,592.9
1679,72.46,highway,5.4,67.5,83.1,0.021,38.3,clear,large_ev,75,190,2400,full_load,588.1,2988.1,50.482,696.7
1681,16.72,arterial,32.9,25.2,36.8,0.201,32.1,heavy_rain,mid_ev,40,160,1900,unladen,23.2,1923.2,4.036,241.5
1685,27.45,arterial,4.0,31.5,44.4,0.501,25.0,clear,mid_ev,40,160,1900,unladen,37.7,1937.7,10.111,368.4
1686,6.34,city,12.2,0.7,24.2,0.436,28.7,clear,small_ev,24,140,1400,half_load,144.9,1544.9,2.07,326.2
1688,4.26,city,10.3,3.2,11.9,0.483,28.8,clear,small_ev,24,140,1400,full_load,277.1,1677.1,1.474,346.4
1689,2.19,arterial,28.7,38.2,56.0,0.437,32.9,rain,mid_ev,40,160,1900,unladen,12.7,1912.7,1.018,466.0
1690,24.25,arterial,7.7,29.4,43.0,0.238,38.4,rain,mid_ev,40,160,1900,unladen,10.5,1910.5,7.293,300.8
1691,8.43,arterial,3.3,5.0,48.7,0.525,31.2,rain,small_ev,24,140,1400,full_load,297.3,1697.3,3.031,359.5
1692,119.88,highway,2.1,2.2,95.2,0.292,28.0,rain,mid_ev,40,160,1900,full_load,409.5,2309.5,92.422,771.0
1694,6.09,city,8.6,13.8,26.0,0.549,34.1,clear,mid_ev,40,160,1900,unladen,28.6,1928.6,3.078,505.6
1696,80.44,highway,6.8,87.2,74.3,0.264,25.4,clear,large_ev,75,190,2400,full_load,568.5,2968.5,46.463,577.6
1700,12.2,city,20.8,5.7,26.2,0.783,31.4,clear,mid_ev,40,160,1900,full_load,418.1,2318.1,8.752,717.5
1701,18.15,arterial,19.6,3.1,64.1,0.307,26.8,clear,small_ev,24,140,1400,unladen,1.9,1401.9,6.159,339.4
1702,57.05,highway,39.0,31.1,83.8,0.191,25.3,clear,large_ev,75,190,2400,half_load,270.0,2670.0,38.525,675.3
1704,11.62,arterial,9.7,16.6,36.9,0.865,40.3,clear,large_ev,75,190,2400,full_load,520.0,2920.0,9.184,790.1
1705,13.76,arterial,8.1,1.8,48.5,0.119,20.0,rain,large_ev,75,190,2400,half_load,246.0,2646.0,4.218,306.5
1706,31.72,arterial,0.2,17.9,26.3,0.04,40.6,clear,small_ev,24,140,1400,half_load,162.6,1562.6,3.774,119.0
1708,25.74,arterial,4.6,7.4,44.6,0.154,29.0,clear,large_ev,75,190,2400,half_load,264.3,2664.3,7.909,307.2
1709,20.49,arterial,31.9,1.1,20.6,0.067,34.9,rain,mid_ev,40,160,1900,half_load,182.1,2082.1,2.692,131.4
1711,35.32,arterial,31.4,4.2,70.0,0.515,26.7,clear,mid_ev,40,160,1900,full_load,410.0,2310.0,20.522,581.1
1712,131.86,highway,17.2,0.1,93.1,0.026,29.5,rain,large_ev,75,190,2400,unladen,29.8,2429.8,99.899,757.6
1713,113.37,highway,63.4,13.0,86.0,0.166,35.8,clear,small_ev,24,140,1400,unladen,24.9,1424.9,64.704,570.7
1714,85.83,highway,92.6,60.7,82.0,0.035,31.9,clear,large_ev,75,190,2400,half_load,314.0,2714.0,55.307,644.4
1715,4.92,arterial,31.0,6.9,47.9,0.274,34.3,rain,large_ev,75,190,2400,unladen,33.1,2433.1,2.221,451.7
1716,13.7,arterial,0.2,39.9,45.8,0.381,20.4,clear,small_ev,24,140,1400,full_load,276.0,1676.0,3.792,276.7
1717,7.08,arterial,26.6,24.8,54.0,0.6,29.2,clear,mid_ev,40,160,1900,half_load,254.8,2154.8,3.621,511.4
1719,16.06,arterial,20.1,47.9,37.6,0.139,37.3,clear,mid_ev,40,160,1900,full_load,447.8,2347.8,3.961,246.6
1720,20.05,highway,5.6,84.8,88.5,0.035,24.8,clear,mid_ev,40,160,1900,full_load,426.6,2326.6,11.182,557.8
1721,7.47,arterial,21.6,4.8,46.7,0.277,30.2,rain,mid_ev,40,160,1900,full_load,444.0,2344.0,2.751,368.1
1722,38.55,arterial,22.2,30.6,44.7,0.179,28.3,heavy_rain,mid_ev,40,160,1900,half_load,193.9,2093.9,9.908,257.0
1723,7.35,city,33.1,0.4,30.3,0.536,36.3,clear,small_ev,24,140,1400,unladen,16.5,1416.5,2.787,379.4
1726,32.02,arterial,22.2,7.1,38.5,0.501,30.5,clear,mid_ev,40,160,1900,full_load,399.6,2299.6,11.682,364.8
1727,58.16,highway,0.9,20.4,83.4,0.067,31.8,rain,small_ev,24,140,1400,half_load,138.5,1538.5,29.343,504.5
1728,77.39,highway,14.2,16.2,76.0,0.141,32.0,clear,small_ev,24,140,1400,full_load,258.4,1658.4,34.243,442.5
1729,10.63,city,16.1,22.3,19.4,0.069,33.3,heavy_rain,small_ev,24,140,1400,full_load,293.5,1693.5,1.306,122.9
1730,13.33,city,0.3,13.0,25.2,0.702,29.2,clear,large_ev,75,190,2400,full_load,540.7,2940.7,11.009,825.6
1731,14.38,city,2.9,4.9,19.6,0.739,32.0,rain,small_ev,24,140,1400,half_load,145.5,1545.5,7.059,491.0
1732,8.93,city,27.0,2.0,27.2,0.7,25.9,rain,mid_ev,40,160,1900,half_load,207.9,2107.9,5.695,637.5
1733,28.79,highway,4.2,17.2,83.1,0.367,28.4,clear,mid_ev,40,160,1900,full_load,413.8,2313.8,16.625,577.5
1734,7.82,city,4.9,0.3,34.3,0.654,33.7,clear,small_ev,24,140,1400,full_load,291.1,1691.1,3.913,500.2
1735,58.8,highway,3.3,21.6,83.7,0.295,26.4,clear,large_ev,75,190,2400,half_load,330.7,2730.7,41.15,699.9
1736,10.51,city,4.9,8.8,23.9,0.601,32.3,clear,small_ev,24,140,1400,half_load,151.0,1551.0,4.46,424.3
1737,48.77,highway,79.9,115.1,84.6,0.503,25.9,clear,mid_ev,40,160,1900,unladen,25.5,1925.5,28.023,574.6
1738,21.77,arterial,21.4,4.8,45.1,0.09,33.2,clear,large_ev,75,190,2400,unladen,29.1,2429.1,5.879,270.0
1740,61.25,highway,42.8,66.7,83.2,0.216,31.1,clear,small_ev,24,140,1400,unladen,21.5,1421.5,30.68,500.9
1741,5.89,arterial,9.5,10.4,55.8,0.261,34.3,clear,small_ev,24,140,1400,unladen,26.5,1426.5,1.889,321.0
1742,171.86,highway,61.7,103.3,78.4,0.124,31.8,rain,small_ev,24,140,1400,half_load,124.1,1524.1,78.176,454.9
1743,66.43,highway,53.8,4.5,88.1,0.228,27.8,heavy_rain,small_ev,24,140,1400,full_load,265.1,1665.1,37.272,561.1
1745,5.67,city,6.1,2.3,26.5,0.849,39.5,clear,large_ev,75,190,2400,half_load,315.5,2715.5,6.327,1114.9
1746,39.23,highway,130.0,7.0,80.4,0.036,29.5,clear,small_ev,24,140,1400,half_load,132.6,1532.6,17.383,443.1
1747,3.27,city,10.1,1.4,20.6,0.289,20.0,heavy_rain,mid_ev,40,160,1900,unladen,36.9,1936.9,1.03,315.5
1748,6.65,city,4.7,10.5,22.0,0.102,34.9,clear,small_ev,24,140,1400,full_load,278.8,1678.8,0.941,141.4
1749,38.5,arterial,13.5,58.6,38.7,0.457,24.8,rain,small_ev,24,140,1400,half_load,175.7,1575.7,10.301,267.6
1750,18.6,arterial,9.3,3.8,63.5,0.678,31.8,clear,large_ev,75,190,2400,unladen,15.8,2415.8,12.117,651.5
1751,5.78,city,12.4,22.3,24.6,0.35,31.7,clear,large_ev,75,190,2400,unladen,37.5,2437.5,2.573,445.4
1754,36.19,arterial,8.7,1.9,39.0,0.774,30.8,clear,small_ev,24,140,1400,full_load,258.9,1658.9,13.329,368.3
1755,12.82,arterial,8.1,1.7,39.1,0.596,35.1,clear,mid_ev,40,160,1900,unladen,12.4,1912.4,5.098,397.5
1756,2.06,city,7.3,12.6,27.1,0.307,29.1,rain,large_ev,75,190,2400,unladen,16.4,2416.4,0.797,386.3
1757,35.7,highway,27.2,28.6,104.6,0.0,33.8,rain,large_ev,75,190,2400,unladen,43.6,2443.6,38.197,1070.0
1758,124.72,highway,9.6,33.1,88.4,0.298,27.7,clear,small_ev,24,140,1400,half_load,124.1,1524.1,64.805,519.6
1759,1.33,city,2.0,4.5,21.0,0.616,35.3,clear,large_ev,75,190,2400,unladen,7.7,2407.7,0.887,667.0
1761,19.34,arterial,11.8,8.0,46.6,0.481,38.5,rain,small_ev,24,140,1400,unladen,6.7,1406.7,6.457,333.8
1764,31.66,arterial,30.3,6.7,55.2,0.643,29.5,rain,small_ev,24,140,1400,half_load,171.4,1571.4,13.281,419.5
1765,14.43,city,10.0,6.9,19.4,0.615,20.5,rain,large_ev,75,190,2400,half_load,315.1,2715.1,9.785,678.0
1766,1.38,city,6.5,9.4,26.9,0.487,31.6,rain,mid_ev,40,160,1900,unladen,42.0,1942.0,0.637,461.0
1767,34.0,arterial,65.3,39.7,41.0,0.488,30.3,rain,mid_ev,40,160,1900,half_load,266.6,2166.6,13.556,398.7
1768,15.35,arterial,6.8,10.2,46.4,0.019,23.7,clear,mid_ev,40,160,1900,half_load,233.4,2133.4,3.236,210.9
1769,9.26,city,3.2,3.7,21.9,0.868,35.3,rain,small_ev,24,140,1400,half_load,139.9,1539.9,5.212,562.9
1770,102.12,highway,0.7,17.2,89.0,0.234,32.1,rain,small_ev,24,140,1400,full_load,264.7,1664.7,58.339,571.3
1771,50.18,highway,56.0,84.3,78.1,0.134,32.6,clear,mid_ev,40,160,1900,full_load,397.8,2297.8,25.555,509.3
1772,15.08,arterial,1.3,5.8,51.6,0.484,25.1,heavy_rain,large_ev,75,190,2400,full_load,542.6,2942.6,8.851,587.0
1773,5.47,city,4.2,3.2,25.7,0.885,38.9,clear,small_ev,24,140,1400,unladen,20.8,1420.8,3.32,606.6
1776,4.99,city,4.1,5.5,27.5,0.338,30.4,clear,mid_ev,40,160,1900,unladen,36.8,1936.8,1.74,348.6
1777,15.42,city,5.8,1.8,28.5,0.69,36.6,clear,mid_ev,40,160,1900,full_load,386.6,2286.6,11.156,723.2
1779,19.88,arterial,58.2,23.4,45.0,0.711,34.3,clear,small_ev,24,140,1400,unladen,21.3,1421.3,7.351,369.8
1780,6.13,arterial,52.7,32.7,53.4,0.213,42.0,clear,large_ev,75,190,2400,half_load,284.9,2684.9,3.48,567.7
1781,18.64,arterial,1.1,4.0,32.2,0.457,32.9,clear,small_ev,24,140,1400,half_load,169.3,1569.3,4.538,243.4
1782,23.22,arterial,30.6,46.8,69.4,0.516,28.1,clear,small_ev,24,140,1400,unladen,27.8,1427.8,10.252,441.5
1783,5.23,arterial,7.9,33.6,37.8,0.438,28.0,clear,mid_ev,40,160,1900,half_load,261.1,2161.1,1.761,336.6
1784,81.5,highway,64.5,12.8,85.6,0.135,38.5,clear,mid_ev,40,160,1900,full_load,448.8,2348.8,54.651,670.6
1785,64.6,highway,61.4,16.0,78.6,0.109,23.7,clear,mid_ev,40,160,1900,full_load,390.2,2290.2,30.812,477.0
1786,1.93,city,4.5,1.5,8.9,0.797,32.0,clear,mid_ev,40,160,1900,half_load,256.2,2156.2,1.324,686.5
1787,21.37,city,22.4,9.2,18.3,0.368,20.8,heavy_rain,small_ev,24,140,1400,full_load,291.7,1691.7,6.317,295.6
1789,23.37,arterial,0.3,2.7,40.4,0.433,27.0,clear,mid_ev,40,160,1900,full_load,383.6,2283.6,8.011,342.7
1790,81.8,highway,0.3,3.8,86.1,0.033,33.1,clear,mid_ev,40,160,1900,unladen,19.3,1919.3,47.461,580.2
1792,36.5,arterial,15.0,18.7,44.9,0.199,27.7,clear,small_ev,24,140,1400,unladen,17.3,1417.3,8.009,219.5
1793,16.98,city,6.1,10.3,17.6,0.383,34.5,rain,mid_ev,40,160,1900,unladen,31.3,1931.3,6.439,379.1
1794,71.09,highway,7.7,9.3,86.0,0.596,23.7,clear,small_ev,24,140,1400,unladen,27.3,1427.3,35.571,500.4
1795,6.36,city,6.5,2.0,21.4,0.511,33.5,clear,mid_ev,40,160,1900,unladen,39.6,1939.6,2.702,424.9
1796,32.93,highway,37.5,50.3,96.6,0.225,40.7,clear,small_ev,24,140,1400,full_load,294.7,1694.7,24.812,753.6
1797,26.61,arterial,10.5,13.5,35.3,0.462,31.8,rain,mid_ev,40,160,1900,unladen,15.8,1915.8,8.549,321.3
1798,32.26,highway,76.4,14.1,89.2,0.033,29.9,heavy_rain,small_ev,24,140,1400,half_load,157.3,1557.3,18.908,586.0
1799,25.71,highway,19.2,16.4,82.1,0.009,30.3,rain,small_ev,24,140,1400,full_load,275.2,1675.2,12.395,482.1
1800,4.88,city,1.2,5.8,15.6,0.131,30.5,clear,mid_ev,40,160,1900,half_load,232.7,2132.7,0.827,169.5
1802,73.49,highway,18.5,97.6,93.9,0.111,30.7,clear,mid_ev,40,160,1900,half_load,197.3,2097.3,48.718,662.9
1805,98.53,highway,32.8,20.2,72.0,0.159,36.8,clear,small_ev,24,140,1400,full_load,281.9,1681.9,39.745,403.4
1806,4.84,arterial,28.6,17.1,51.3,0.25,36.2,clear,small_ev,24,140,1400,half_load,172.2,1572.2,1.487,307.5
1807,17.71,arterial,20.9,9.2,37.5,0.33,33.9,clear,large_ev,75,190,2400,full_load,569.2,2969.2,7.087,400.2
1809,91.45,highway,4.1,16.5,90.2,0.048,30.8,clear,mid_ev,40,160,1900,full_load,415.3,2315.3,57.32,626.8
1810,18.61,arterial,18.2,14.7,44.7,0.846,35.3,heavy_rain,large_ev,75,190,2400,half_load,341.5,2741.5,14.289,767.8
1811,178.28,highway,129.8,39.8,75.8,0.351,27.3,clear,mid_ev,40,160,1900,full_load,411.3,2311.3,90.311,506.6
1812,9.25,city,4.7,11.2,22.8,0.816,41.3,clear,mid_ev,40,160,1900,full_load,396.0,2296.0,8.048,869.7
1813,1.15,city,5.5,11.9,29.5,0.563,33.6,heavy_rain,small_ev,24,140,1400,full_load,272.2,1672.2,0.563,490.0
1814,83.28,highway,58.4,114.9,94.1,0.188,27.4,rain,large_ev,75,190,2400,unladen,50.6,2450.6,67.926,815.6
1815,21.6,city,11.8,14.6,15.8,0.653,35.1,rain,large_ev,75,190,2400,half_load,284.1,2684.1,16.578,767.5
1819,26.7,city,10.0,18.1,24.7,0.357,21.5,clear,small_ev,24,140,1400,full_load,262.2,1662.2,7.442,278.7
1820,7.84,city,1.9,18.7,21.2,0.696,35.4,clear,small_ev,24,140,1400,full_load,262.4,1662.4,3.925,500.6
1821,3.48,city,2.2,5.1,28.1,0.544,33.8,rain,small_ev,24,140,1400,half_load,159.8,1559.8,1.397,402.1
1822,153.17,highway,29.6,18.4,85.0,0.224,27.0,clear,mid_ev,40,160,1900,half_load,180.5,2080.5,87.999,574.5
1823,16.75,highway,19.9,98.7,84.2,0.182,32.3,clear,small_ev,24,140,1400,full_load,292.7,1692.7,8.373,499.9
1824,31.92,arterial,7.8,3.7,38.8,0.396,31.7,clear,mid_ev,40,160,1900,unladen,8.0,1908.0,9.252,289.9
1826,43.1,arterial,4.9,19.5,37.0,0.296,31.1,clear,large_ev,75,190,2400,half_load,343.4,2743.4,13.766,319.4
1827,20.58,arterial,22.7,47.8,28.8,0.339,20.9,clear,mid_ev,40,160,1900,half_load,257.9,2157.9,5.088,247.2
1828,49.46,highway,8.7,1.3,82.7,0.099,22.5,clear,mid_ev,40,160,1900,full_load,386.3,2286.3,25.736,520.4
1829,5.92,city,1.0,24.9,16.1,0.798,33.2,clear,small_ev,24,140,1400,unladen,23.1,1423.1,2.425,409.9
1830,94.02,highway,26.4,8.1,68.4,0.331,35.1,heavy_rain,large_ev,75,190,2400,full_load,529.4,2929.4,58.255,619.6
1831,142.27,highway,15.4,62.3,94.7,0.066,30.2,clear,large_ev,75,190,2400,unladen,9.3,2409.3,109.968,773.0
1832,84.31,highway,4.3,5.3,100.6,0.094,38.2,clear,mid_ev,40,160,1900,half_load,202.1,2102.1,71.08,843.1
1835,2.09,city,2.3,16.9,21.7,0.197,27.6,rain,small_ev,24,140,1400,unladen,18.8,1418.8,0.328,157.3
1836,6.35,arterial,25.6,39.6,39.0,0.491,29.4,clear,large_ev,75,190,2400,unladen,5.7,2405.7,2.572,405.3
1837,5.79,city,12.2,5.7,24.4,0.142,23.6,clear,large_ev,75,190,2400,unladen,14.7,2414.7,1.303,225.0
1838,48.19,highway,30.7,13.9,78.4,0.296,28.2,clear,mid_ev,40,160,1900,unladen,7.2,1907.2,23.545,488.6
1840,114.85,highway,17.7,36.9,79.2,0.161,28.0,clear,large_ev,75,190,2400,full_load,584.8,2984.8,70.258,611.7
1841,4.27,city,9.0,20.7,26.8,0.45,33.9,rain,mid_ev,40,160,1900,half_load,186.8,2086.8,2.061,482.9
1842,146.38,highway,49.6,7.4,83.9,0.264,28.1,clear,large_ev,75,190,2400,unladen,12.2,2412.2,95.674,653.6
1843,3.32,city,1.4,5.0,19.7,0.776,23.2,clear,large_ev,75,190,2400,unladen,37.0,2437.0,2.481,747.7
1845,36.35,arterial,33.4,1.8,34.3,0.313,31.3,clear,small_ev,24,140,1400,unladen,23.0,1423.0,7.48,205.8
1847,7.12,arterial,3.9,23.1,35.5,0.809,25.0,heavy_rain,large_ev,75,190,2400,half_load,240.9,2640.9,4.183,587.2
1848,59.36,arterial,16.1,32.9,32.0,0.47,37.6,clear,large_ev,75,190,2400,full_load,585.1,2985.1,27.518,463.6
1849,28.07,arterial,6.6,36.4,36.2,0.056,28.2,clear,mid_ev,40,160,1900,full_load,384.6,2284.6,4.593,163.6
1850,17.0,arterial,16.9,9.4,46.6,0.264,36.0,clear,mid_ev,40,160,1900,unladen,20.7,1920.7,5.384,316.7
1851,23.02,arterial,15.5,26.5,58.8,0.641,33.7,clear,large_ev,75,190,2400,unladen,17.6,2417.6,14.825,643.9
1852,4.67,arterial,19.9,18.7,66.3,0.587,33.3,clear,mid_ev,40,160,1900,unladen,30.9,1930.9,2.702,578.7
1853,67.35,highway,15.5,22.0,91.4,0.308,36.0,clear,mid_ev,40,160,1900,unladen,9.7,1909.7,48.606,721.7
1854,12.94,city,3.6,1.4,18.9,0.158,28.9,clear,small_ev,24,140,1400,full_load,261.8,1661.8,2.073,160.2
1855,109.48,highway,45.9,48.8,73.8,0.165,37.0,clear,mid_ev,40,160,1900,half_load,195.1,2095.1,54.766,500.2
1857,146.08,highway,2.2,3.6,71.8,0.116,31.7,heavy_rain,mid_ev,40,160,1900,half_load,256.7,2156.7,69.852,478.2
1859,30.76,highway,143.6,8.4,79.6,0.58,26.0,clear,small_ev,24,140,1400,unladen,6.3,1406.3,14.085,457.9
1860,55.3,highway,7.9,39.6,86.5,0.11,36.6,clear,mid_ev,40,160,1900,unladen,6.6,1906.6,34.903,631.2
1861,6.46,city,1.2,2.5,14.4,0.589,26.0,clear,large_ev,75,190,2400,half_load,268.8,2668.8,3.933,609.1
1862,52.94,highway,4.0,23.7,72.8,0.069,35.3,rain,large_ev,75,190,2400,half_load,271.0,2671.0,28.885,545.6
1863,34.7,highway,64.5,3.8,53.5,0.069,28.3,clear,large_ev,75,190,2400,unladen,52.7,2452.7,10.39,299.4
1865,20.5,city,2.4,0.5,27.2,0.314,25.9,clear,small_ev,24,140,1400,full_load,280.9,1680.9,5.372,262.1
1866,68.5,highway,17.7,231.6,88.9,0.264,29.8,clear,small_ev,24,140,1400,full_load,279.5,1679.5,37.882,553.0
1867,5.17,arterial,22.3,11.5,48.5,0.399,32.7,clear,large_ev,75,190,2400,full_load,541.7,2941.7,2.8,541.3
1869,3.78,city,2.9,5.5,15.9,0.521,32.4,clear,large_ev,75,190,2400,full_load,584.5,2984.5,2.352,622.7
1870,74.7,highway,3.1,13.9,99.3,0.223,29.8,clear,small_ev,24,140,1400,full_load,262.2,1662.2,47.352,633.9
1871,133.25,highway,2.2,9.1,87.6,0.131,31.5,rain,small_ev,24,140,1400,unladen,28.4,1428.4,71.665,537.8
1872,180.41,highway,44.6,15.3,85.5,0.122,31.5,rain,mid_ev,40,160,1900,unladen,2.0,1902.0,111.581,618.5
1873,11.59,city,1.1,0.1,17.6,0.808,26.1,clear,large_ev,75,190,2400,half_load,319.9,2719.9,9.61,829.1
1874,2.83,city,13.6,7.7,30.2,0.722,37.8,clear,large_ev,75,190,2400,unladen,28.7,2428.7,2.333,825.4
1875,39.91,highway,13.2,4.5,101.4,0.236,28.3,clear,small_ev,24,140,1400,full_load,295.6,1695.6,26.608,666.7
1876,58.03,highway,25.5,82.6,72.3,0.217,36.9,clear,small_ev,24,140,1400,full_load,260.1,1660.1,25.592,441.0
1877,94.23,highway,1.8,127.7,75.7,0.159,33.6,clear,mid_ev,40,160,1900,full_load,391.1,2291.1,49.713,527.6
1878,9.49,arterial,5.6,36.5,53.0,0.856,29.9,clear,large_ev,75,190,2400,full_load,526.4,2926.4,6.802,716.5
1879,17.98,arterial,31.2,9.4,42.2,0.474,24.7,clear,small_ev,24,140,1400,full_load,297.7,1697.7,5.343,297.1
1882,13.06,city,11.5,10.4,23.0,0.435,26.4,clear,mid_ev,40,160,1900,half_load,221.5,2121.5,5.186,397.0
1883,3.4,city,4.8,3.1,20.8,0.926,24.3,rain,large_ev,75,190,2400,full_load,559.1,2959.1,3.564,1046.9
1884,3.85,city,11.4,14.0,27.5,0.198,37.8,rain,small_ev,24,140,1400,full_load,273.4,1673.4,0.951,247.3
1885,68.15,highway,11.8,5.7,84.4,0.082,26.2,clear,mid_ev,40,160,1900,half_load,211.2,2111.2,35.375,519.1
1886,15.65,arterial,2.6,11.0,51.7,0.497,33.3,clear,mid_ev,40,160,1900,half_load,247.9,2147.9,7.146,456.7
1889,11.48,arterial,8.6,0.9,45.6,0.403,28.6,clear,mid_ev,40,160,1900,full_load,433.8,2333.8,4.448,387.6
1890,6.4,arterial,26.8,4.9,53.5,0.532,31.6,clear,large_ev,75,190,2400,full_load,576.8,2976.8,3.973,621.1
1891,128.66,highway,20.4,18.0,95.9,0.044,37.9,rain,small_ev,24,140,1400,half_load,171.0,1571.0,82.31,639.8
1892,127.92,highway,165.6,132.1,81.4,0.017,22.2,clear,mid_ev,40,160,1900,full_load,396.7,2296.7,62.99,492.4
1893,29.47,arterial,13.3,1.8,55.2,0.785,26.8,rain,large_ev,75,190,2400,full_load,524.8,2924.8,23.265,789.5
1894,2.84,city,7.5,14.5,19.4,0.747,30.4,rain,small_ev,24,140,1400,unladen,20.5,1420.5,1.246,439.2
1895,81.07,highway,218.8,10.7,83.8,0.681,25.2,rain,large_ev,75,190,2400,half_load,262.4,2662.4,68.269,842.1
1896,26.44,arterial,7.6,6.7,48.4,0.413,31.8,clear,mid_ev,40,160,1900,unladen,42.1,1942.1,9.83,371.9
1897,60.93,highway,8.7,83.5,74.3,0.084,25.3,clear,small_ev,24,140,1400,half_load,122.1,1522.1,21.999,361.0
1899,2.54,arterial,45.4,19.1,50.3,0.228,31.4,clear,large_ev,75,190,2400,unladen,29.3,2429.3,1.136,447.8
1900,138.23,highway,72.2,21.4,99.4,0.061,21.7,clear,small_ev,24,140,1400,unladen,11.5,1411.5,84.106,608.5
1901,60.27,highway,22.2,0.1,87.1,0.134,32.6,clear,small_ev,24,140,1400,full_load,295.0,1695.0,31.943,530.0
1902,78.5,highway,5.6,74.7,87.8,0.115,31.7,clear,small_ev,24,140,1400,half_load,165.6,1565.6,42.159,537.0
1904,2.43,city,0.8,2.6,22.5,0.426,35.3,heavy_rain,mid_ev,40,160,1900,unladen,29.9,1929.9,1.067,439.9
1905,32.5,arterial,49.0,19.9,46.4,0.41,29.4,rain,small_ev,24,140,1400,half_load,163.2,1563.2,9.856,303.3
1906,10.09,city,4.4,26.0,20.0,0.92,32.3,clear,small_ev,24,140,1400,full_load,291.9,1691.9,6.124,607.3
1908,5.35,arterial,2.7,6.5,59.4,0.099,36.4,clear,mid_ev,40,160,1900,full_load,427.7,2327.7,1.93,360.8
1909,3.98,city,7.4,0.6,23.5,0.736,26.6,clear,large_ev,75,190,2400,full_load,566.1,2966.1,3.475,874.1
1910,12.25,city,5.0,10.8,28.0,0.051,34.1,rain,large_ev,75,190,2400,half_load,341.3,2741.3,2.435,198.8
1912,11.89,arterial,64.4,23.8,42.9,0.412,34.0,clear,mid_ev,40,160,1900,full_load,422.2,2322.2,4.735,398.3
1913,11.87,arterial,1.2,3.5,56.5,0.427,32.6,clear,large_ev,75,190,2400,half_load,300.3,2700.3,6.595,555.7
1914,13.52,city,5.9,0.5,22.9,0.337,30.8,clear,mid_ev,40,160,1900,full_load,435.9,2335.9,5.32,393.4
1915,47.74,highway,6.0,30.5,96.5,0.3,21.1,clear,large_ev,75,190,2400,half_load,253.6,2653.6,37.677,789.2
1917,184.52,highway,24.8,16.9,78.0,0.031,25.4,clear,large_ev,75,190,2400,unladen,43.7,2443.7,98.098,531.6
1919,25.67,city,29.3,10.1,23.8,0.137,31.6,rain,mid_ev,40,160,1900,unladen,35.9,1935.9,5.121,199.5
1921,8.32,city,5.4,2.3,18.7,0.326,27.0,clear,mid_ev,40,160,1900,half_load,262.8,2162.8,2.695,323.8
1924,9.91,city,9.0,2.4,20.2,0.787,32.2,clear,mid_ev,40,160,1900,full_load,429.7,2329.7,7.279,734.7
1926,47.12,highway,0.6,32.5,80.1,0.019,30.8,clear,small_ev,24,140,1400,unladen,8.8,1408.8,20.19,428.5
1927,54.3,highway,6.3,41.6,83.2,0.176,26.5,clear,small_ev,24,140,1400,half_load,170.8,1570.8,25.097,462.2
1928,21.43,arterial,20.0,14.6,55.6,0.112,24.6,clear,large_ev,75,190,2400,half_load,333.6,2733.6,7.3,340.6
1929,9.11,city,0.4,7.4,34.2,0.243,20.0,clear,large_ev,75,190,2400,unladen,27.0,2427.0,3.212,352.5
1930,21.69,arterial,2.6,9.7,42.4,0.235,32.3,clear,mid_ev,40,160,1900,unladen,39.2,1939.2,5.812,268.0
1932,18.34,city,0.7,6.4,21.3,0.697,30.0,rain,large_ev,75,190,2400,unladen,53.9,2453.9,12.524,682.9
1933,1.98,city,0.1,7.0,26.7,0.414,24.4,clear,mid_ev,40,160,1900,half_load,239.0,2139.0,0.762,385.6
1934,7.5,city,14.1,1.7,16.8,0.398,31.0,heavy_rain,large_ev,75,190,2400,unladen,19.8,2419.8,3.474,462.9
1935,10.35,arterial,9.9,33.1,47.7,0.383,36.7,clear,small_ev,24,140,1400,unladen,22.4,1422.4,2.973,287.3
1937,9.9,arterial,23.7,0.4,49.5,0.59,24.3,clear,mid_ev,40,160,1900,full_load,438.2,2338.2,4.91,496.2
1938,30.14,arterial,4.4,16.6,47.6,0.482,34.5,clear,small_ev,24,140,1400,full_load,262.0,1662.0,10.881,361.0
1939,19.86,arterial,12.7,82.0,45.3,0.395,31.8,clear,large_ev,75,190,2400,unladen,5.1,2405.1,8.436,424.7
1941,17.62,city,0.7,14.6,17.2,0.771,30.1,clear,mid_ev,40,160,1900,full_load,393.2,2293.2,11.915,676.2
1942,9.93,city,1.9,26.8,22.5,0.568,30.8,clear,large_ev,75,190,2400,unladen,31.3,2431.3,5.732,577.2
1943,11.51,arterial,0.6,2.1,42.8,0.643,36.6,clear,large_ev,75,190,2400,unladen,10.1,2410.1,6.048,525.4
1944,25.62,highway,10.5,31.5,82.1,0.336,25.4,clear,mid_ev,40,160,1900,half_load,268.3,2168.3,14.972,584.4
1946,119.0,highway,5.7,15.4,87.8,0.304,37.3,rain,small_ev,24,140,1400,full_load,295.1,1695.1,79.141,665.0
1948,105.23,highway,19.3,12.6,97.6,0.357,31.2,clear,mid_ev,40,160,1900,half_load,228.7,2128.7,83.566,794.1
1949,152.6,highway,2.7,15.5,77.6,0.126,31.4,clear,mid_ev,40,160,1900,half_load,224.2,2124.2,75.626,495.6
1950,11.11,city,7.3,12.4,18.9,0.813,23.1,clear,small_ev,24,140,1400,half_load,151.6,1551.6,5.151,463.7
1951,34.38,arterial,9.2,10.7,52.0,0.616,22.1,clear,large_ev,75,190,2400,half_load,333.5,2733.5,17.913,521.1
1952,95.07,highway,14.6,45.6,106.8,0.444,24.2,clear,mid_ev,40,160,1900,half_load,266.6,2166.6,80.258,844.2
1953,22.85,city,7.6,8.6,22.9,0.973,35.4,clear,large_ev,75,190,2400,full_load,524.6,2924.6,27.527,1204.7
1955,3.65,city,4.7,1.4,19.8,0.444,28.4,clear,small_ev,24,140,1400,unladen,1.2,1401.2,1.077,295.3
1956,10.95,arterial,30.6,1.7,40.0,0.493,34.3,clear,mid_ev,40,160,1900,half_load,237.1,2137.1,4.49,410.2
1957,5.65,city,4.3,8.0,27.2,0.179,27.7,clear,large_ev,75,190,2400,half_load,351.9,2751.9,1.687,298.7
1958,69.95,highway,35.4,45.7,74.8,0.092,26.0,clear,small_ev,24,140,1400,half_load,122.8,1522.8,25.517,364.8
1959,98.09,highway,62.5,3.7,73.2,0.195,31.6,clear,mid_ev,40,160,1900,full_load,410.4,2310.4,47.14,480.6
1962,17.53,highway,34.2,37.1,90.1,0.093,26.8,clear,mid_ev,40,160,1900,half_load,239.2,2139.2,10.553,601.9
1963,24.05,arterial,5.0,15.3,57.8,0.281,30.0,clear,small_ev,24,140,1400,half_load,132.0,1532.0,7.762,322.7
1964,4.13,city,0.4,7.8,18.4,0.295,40.2,rain,small_ev,24,140,1400,half_load,121.5,1521.5,1.046,253.3
1965,3.61,city,7.1,4.0,23.4,0.779,36.1,clear,small_ev,24,140,1400,unladen,18.3,1418.3,1.875,519.6
1966,4.66,city,0.7,19.6,33.2,0.768,32.7,clear,small_ev,24,140,1400,half_load,131.6,1531.6,2.457,527.7
1967,18.81,city,7.6,19.2,14.1,0.569,24.4,clear,small_ev,24,140,1400,half_load,162.2,1562.2,6.494,345.3
1968,4.1,city,4.9,8.5,27.1,0.493,38.8,clear,small_ev,24,140,1400,half_load,129.9,1529.9,1.589,387.3
1969,96.38,highway,37.1,15.7,73.2,0.28,40.5,clear,large_ev,75,190,2400,unladen,5.8,2405.8,64.472,669.0
1970,12.73,arterial,12.0,15.8,38.8,0.428,20.2,heavy_rain,small_ev,24,140,1400,full_load,297.4,1697.4,3.665,287.8
1971,6.13,city,2.8,7.9,17.7,0.671,31.3,clear,small_ev,24,140,1400,half_load,156.1,1556.1,2.596,423.8
1972,11.99,city,2.1,8.8,20.5,0.146,31.3,heavy_rain,large_ev,75,190,2400,unladen,50.4,2450.4,2.889,241.0
1973,47.65,highway,38.0,38.5,102.2,0.15,32.6,rain,mid_ev,40,160,1900,full_load,410.9,2310.9,39.027,819.0
1974,107.13,highway,49.7,41.3,84.2,0.078,30.1,heavy_rain,small_ev,24,140,1400,full_load,256.9,1656.9,54.684,510.4
1975,22.63,arterial,3.5,44.3,44.1,0.222,36.1,clear,large_ev,75,190,2400,half_load,274.4,2674.4,7.909,349.4
1976,96.15,highway,9.9,17.3,79.7,0.111,30.5,rain,small_ev,24,140,1400,unladen,4.7,1404.7,41.913,435.9
1977,1.25,city,16.3,11.4,23.3,0.252,33.2,clear,mid_ev,40,160,1900,half_load,187.6,2087.6,0.41,327.1
1978,31.93,arterial,39.3,79.4,36.8,0.378,34.6,clear,large_ev,75,190,2400,half_load,250.4,2650.4,12.385,387.8
1979,8.53,city,13.5,1.3,17.6,0.728,30.1,clear,mid_ev,40,160,1900,full_load,397.1,2297.1,5.796,679.5
1980,20.01,highway,78.1,4.2,93.7,0.144,27.9,clear,small_ev,24,140,1400,half_load,160.1,1560.1,11.329,566.0
1981,30.32,highway,92.9,132.6,102.0,0.017,34.2,clear,small_ev,24,140,1400,full_load,255.8,1655.8,21.931,723.3
1982,32.45,arterial,12.7,22.3,33.0,0.438,22.6,clear,small_ev,24,140,1400,full_load,290.1,1690.1,7.391,227.8
1984,41.9,arterial,30.4,4.2,51.6,0.467,22.5,clear,mid_ev,40,160,1900,half_load,229.9,2129.9,17.991,429.4
1985,14.95,arterial,8.7,15.4,34.1,0.274,32.5,rain,large_ev,75,190,2400,full_load,580.1,2980.1,5.572,372.8
1986,7.54,city,20.6,18.3,23.4,0.219,40.2,clear,mid_ev,40,160,1900,half_load,190.1,2090.1,2.354,312.2
1987,8.97,city,2.7,2.9,8.0,0.313,29.5,clear,large_ev,75,190,2400,unladen,48.3,2448.3,3.165,352.9
1988,5.29,city,8.5,3.1,28.2,0.731,31.1,clear,large_ev,75,190,2400,full_load,573.6,2973.6,4.971,939.1
1990,40.23,arterial,2.6,10.4,39.5,0.431,35.0,clear,small_ev,24,140,1400,full_load,263.1,1663.1,11.593,288.2
1992,30.39,arterial,2.8,6.1,48.3,0.226,38.1,clear,large_ev,75,190,2400,unladen,57.8,2457.8,12.471,410.3
1994,13.01,city,1.3,2.0,16.5,0.248,35.7,clear,mid_ev,40,160,1900,full_load,406.4,2306.4,3.753,288.4
1995,80.5,highway,1.4,14.5,81.6,0.174,37.6,clear,large_ev,75,190,2400,half_load,283.8,2683.8,56.661,703.8
1996,44.33,arterial,31.3,12.3,43.1,0.251,31.5,rain,mid_ev,40,160,1900,unladen,25.7,1925.7,12.531,282.7
1997,11.74,arterial,15.3,7.6,51.8,0.18,27.7,clear,large_ev,75,190,2400,full_load,573.6,2973.6,4.704,400.7
1998,37.02,arterial,13.7,31.5,43.2,0.24,33.1,clear,large_ev,75,190,2400,full_load,558.0,2958.0,13.536,365.7
1999,26.74,city,1.9,23.9,22.9,0.54,34.1,clear,mid_ev,40,160,1900,half_load,258.8,2158.8,14.022,524.4
2000,3.07,city,8.3,21.3,26.5,0.147,32.4,heavy_rain,large_ev,75,190,2400,full_load,555.4,2955.4,1.017,331.3
2001,12.77,city,5.8,3.8,18.0,0.89,28.6,clear,large_ev,75,190,2400,full_load,523.6,2923.6,12.163,952.8
2002,15.91,city,0.4,4.4,29.9,0.74,34.0,clear,small_ev,24,140,1400,full_load,255.4,1655.4,8.727,548.7
2004,9.04,city,7.7,12.8,12.7,0.79,31.6,clear,small_ev,24,140,1400,half_load,133.4,1533.4,4.067,449.8
2005,182.72,highway,37.6,3.0,75.4,0.371,35.1,clear,mid_ev,40,160,1900,unladen,36.0,1936.0,96.081,525.8
2006,13.9,city,7.5,3.0,22.4,0.367,28.2,clear,large_ev,75,190,2400,unladen,18.1,2418.1,5.718,411.4
2007,138.92,highway,11.6,6.0,74.1,0.482,24.5,clear,large_ev,75,190,2400,half_load,292.1,2692.1,85.092,612.5
2008,14.06,arterial,11.6,2.1,36.5,0.476,27.5,rain,mid_ev,40,160,1900,full_load,383.8,2283.8,5.264,374.5
2009,120.03,highway,13.8,16.9,74.5,0.264,21.7,clear,mid_ev,40,160,1900,unladen,40.3,1940.3,52.808,439.9
2011,2.16,city,1.8,1.5,22.8,0.631,39.5,clear,mid_ev,40,160,1900,full_load,420.8,2320.8,1.585,732.5
2012,42.52,highway,50.5,46.1,95.7,0.352,28.4,clear,large_ev,75,190,2400,half_load,321.8,2721.8,34.165,803.5
2013,6.44,city,3.2,1.5,13.1,0.714,23.2,clear,large_ev,75,190,2400,unladen,50.4,2450.4,4.176,648.8
2014,22.11,arterial,12.5,7.3,52.4,0.35,30.8,clear,large_ev,75,190,2400,half_load,241.8,2641.8,10.392,470.1
2015,201.84,highway,18.1,10.2,89.7,0.197,36.0,clear,mid_ev,40,160,1900,unladen,31.1,1931.1,146.08,723.7
2016,54.64,highway,11.5,25.9,83.5,0.865,28.2,rain,mid_ev,40,160,1900,full_load,438.6,2338.6,38.767,709.5
2017,7.93,arterial,20.0,17.6,42.8,0.124,25.9,clear,large_ev,75,190,2400,full_load,562.7,2962.7,2.415,304.4
2018,7.61,arterial,55.5,11.8,54.4,0.188,41.3,rain,mid_ev,40,160,1900,full_load,382.8,2282.8,3.54,465.5
2019,37.09,highway,36.8,30.3,80.5,0.473,24.6,clear,mid_ev,40,160,1900,half_load,236.4,2136.4,20.786,560.4
2021,88.95,highway,14.5,75.5,120.0,0.111,28.2,heavy_rain,large_ev,75,190,2400,full_load,511.4,2911.4,121.812,1369.5
2022,7.8,city,3.0,20.2,33.4,0.207,20.0,clear,large_ev,75,190,2400,full_load,575.7,2975.7,2.849,365.4
2023,10.17,arterial,27.5,30.5,62.3,0.621,34.8,clear,small_ev,24,140,1400,full_load,261.7,1661.7,5.143,505.5
2024,18.46,arterial,6.1,1.4,45.3,0.641,25.4,rain,small_ev,24,140,1400,unladen,3.6,1403.6,6.142,332.8
2025,2.93,city,12.8,8.7,18.1,0.923,27.5,clear,mid_ev,40,160,1900,half_load,242.9,2142.9,2.165,737.8
2026,8.54,city,0.9,1.1,18.7,0.887,30.2,rain,small_ev,24,140,1400,unladen,12.3,1412.3,4.083,478.1
2027,67.4,highway,11.1,55.9,93.8,0.063,20.3,heavy_rain,small_ev,24,140,1400,full_load,255.6,1655.6,40.274,597.6
2029,23.9,arterial,27.1,4.7,39.8,0.162,20.2,rain,small_ev,24,140,1400,unladen,3.4,1403.4,4.292,179.6
2030,2.44,city,7.3,4.8,16.2,0.382,30.9,clear,mid_ev,40,160,1900,unladen,41.4,1941.4,0.8,327.7
2031,10.06,city,17.5,0.6,25.6,0.567,38.9,heavy_rain,small_ev,24,140,1400,unladen,21.5,1421.5,4.311,428.6
2033,50.3,highway,58.5,83.8,93.9,0.23,36.0,clear,mid_ev,40,160,1900,half_load,251.1,2151.1,38.054,756.5
2035,16.96,highway,13.1,6.2,95.2,0.084,29.1,rain,small_ev,24,140,1400,unladen,28.9,1428.9,10.503,619.2
2036,117.99,highway,59.6,36.6,76.0,0.371,36.8,clear,mid_ev,40,160,1900,half_load,257.0,2157.0,66.297,561.9
2037,30.97,city,6.1,4.9,16.1,0.882,26.6,clear,small_ev,24,140,1400,unladen,2.0,1402.0,14.555,470.0
2038,75.9,highway,11.4,17.0,77.6,0.151,25.8,clear,mid_ev,40,160,1900,unladen,35.1,1935.1,35.95,473.7
2039,5.68,arterial,24.6,0.1,41.2,0.863,39.7,clear,large_ev,75,190,2400,half_load,285.1,2685.1,4.333,763.4
2040,93.47,highway,19.9,12.2,69.8,0.266,27.1,clear,small_ev,24,140,1400,half_load,159.1,1559.1,33.66,360.1
2041,21.2,arterial,38.3,17.2,36.4,0.099,40.7,clear,mid_ev,40,160,1900,unladen,24.6,1924.6,4.728,223.0
2042,16.17,arterial,3.3,13.5,32.3,0.521,37.7,clear,mid_ev,40,160,1900,unladen,17.5,1917.5,5.374,332.3
2043,8.89,city,5.5,36.9,21.7,0.707,22.0,heavy_rain,small_ev,24,140,1400,unladen,2.7,1402.7,3.779,424.9
2044,11.91,arterial,81.2,57.9,47.0,0.329,32.7,rain,mid_ev,40,160,1900,half_load,205.8,2105.8,4.602,386.3
2045,14.7,arterial,32.4,17.9,37.5,0.244,34.6,clear,mid_ev,40,160,1900,half_load,214.1,2114.1,4.143,281.8
2047,45.18,arterial,0.8,41.5,53.2,0.301,33.4,rain,large_ev,75,190,2400,unladen,36.9,2436.9,21.517,476.2
2048,7.94,arterial,0.9,8.8,49.9,0.618,29.7,clear,large_ev,75,190,2400,unladen,15.6,2415.6,4.263,536.7
2049,13.79,arterial,23.0,27.4,38.0,0.601,32.9,clear,mid_ev,40,160,1900,unladen,41.3,1941.3,5.086,368.9
2050,1.4,city,2.3,8.2,21.4,0.637,30.0,clear,small_ev,24,140,1400,full_load,267.7,1667.7,0.586,417.2
2051,24.98,arterial,24.5,22.8,48.4,0.619,26.9,clear,mid_ev,40,160,1900,full_load,395.8,2295.8,11.838,473.9
2052,22.9,arterial,7.9,28.3,50.0,0.134,35.7,clear,mid_ev,40,160,1900,full_load,419.8,2319.8,7.081,309.2
2053,6.46,city,0.1,10.0,27.9,0.227,38.9,heavy_rain,mid_ev,40,160,1900,half_load,255.0,2155.0,2.311,357.7
2054,16.86,city,21.0,5.1,18.1,0.587,30.8,rain,small_ev,24,140,1400,half_load,145.9,1545.9,6.955,412.4
2055,7.16,city,9.6,10.7,34.6,0.314,27.7,clear,large_ev,75,190,2400,full_load,565.3,2965.3,3.547,495.2
2056,63.83,highway,150.2,26.2,89.9,0.17,34.4,clear,mid_ev,40,160,1900,half_load,217.7,2117.7,45.212,708.4
2057,6.31,city,14.2,4.7,19.6,0.761,42.0,rain,mid_ev,40,160,1900,unladen,22.4,1922.4,4.44,703.7
2058,85.02,highway,29.2,0.2,82.0,0.341,27.3,clear,large_ev,75,190,2400,full_load,512.8,2912.8,59.514,700.0
2059,13.71,arterial,15.3,1.6,52.3,0.41,37.8,clear,small_ev,24,140,1400,full_load,259.5,1659.5,5.228,381.3
2060,16.24,arterial,36.8,11.9,47.0,0.381,29.7,clear,large_ev,75,190,2400,half_load,268.6,2668.6,7.421,456.9
2061,41.63,highway,116.9,102.6,82.8,0.011,32.5,rain,large_ev,75,190,2400,full_load,591.3,2991.3,28.644,688.0
2064,22.96,arterial,3.3,111.7,44.4,0.382,28.0,clear,large_ev,75,190,2400,unladen,42.2,2442.2,9.303,405.1
2065,61.57,highway,50.7,18.1,70.0,0.181,31.4,rain,mid_ev,40,160,1900,full_load,431.6,2331.6,29.038,471.6
2067,61.94,highway,100.2,16.0,98.8,0.387,38.6,clear,small_ev,24,140,1400,half_load,151.2,1551.2,46.264,747.0
2068,13.34,arterial,1.1,33.5,40.8,0.66,20.1,rain,small_ev,24,140,1400,unladen,26.4,1426.4,4.122,309.0
2069,48.24,arterial,36.4,3.9,53.6,0.285,23.3,clear,large_ev,75,190,2400,unladen,32.7,2432.7,20.096,416.6
2072,20.56,arterial,5.0,9.8,49.0,0.292,33.9,clear,small_ev,24,140,1400,unladen,2.8,1402.8,5.501,267.6
2073,22.14,highway,33.8,4.8,66.5,0.172,29.4,clear,small_ev,24,140,1400,full_load,273.5,1673.5,6.968,314.7
2074,8.43,arterial,1.6,7.1,46.0,0.229,32.0,clear,large_ev,75,190,2400,half_load,292.8,2692.8,2.991,354.6
2075,23.18,city,7.5,1.1,23.0,0.514,33.6,heavy_rain,mid_ev,40,160,1900,half_load,187.6,2087.6,12.272,529.4
2076,10.95,arterial,24.3,29.0,40.3,0.166,25.6,clear,small_ev,24,140,1400,half_load,146.8,1546.8,2.002,182.7
2079,14.17,city,45.2,12.2,29.6,0.936,31.3,clear,large_ev,75,190,2400,unladen,7.4,2407.4,12.388,874.3
2080,12.86,city,16.9,11.2,29.4,0.733,31.5,clear,large_ev,75,190,2400,half_load,317.8,2717.8,10.576,822.1
2081,6.15,city,1.4,4.9,28.6,0.509,33.2,clear,mid_ev,40,160,1900,half_load,249.0,2149.0,3.136,509.9
2082,2.98,city,31.4,14.4,10.2,0.821,28.2,heavy_rain,large_ev,75,190,2400,half_load,309.0,2709.0,3.029,1018.0
2083,84.93,highway,50.1,34.5,85.6,0.314,30.6,clear,small_ev,24,140,1400,unladen,2.9,1402.9,46.426,546.6
2085,16.6,arterial,2.4,29.0,37.8,0.802,33.1,clear,mid_ev,40,160,1900,unladen,18.2,1918.2,7.676,462.4
2088,1.0,city,9.4,1.7,24.6,0.67,31.0,clear,large_ev,75,190,2400,unladen,32.0,2432.0,0.725,725.2
2089,142.97,highway,58.8,7.9,99.7,0.589,41.1,clear,small_ev,24,140,1400,full_load,283.3,1683.3,122.576,857.4
2091,205.57,highway,131.0,21.5,91.9,0.04,34.7,clear,large_ev,75,190,2400,half_load,279.2,2679.2,160.076,778.7
2092,75.52,highway,11.3,37.0,87.3,0.142,29.4,heavy_rain,large_ev,75,190,2400,unladen,12.9,2412.9,58.578,775.7
2093,2.23,city,7.2,21.3,19.0,0.585,21.9,heavy_rain,large_ev,75,190,2400,full_load,587.7,2987.7,1.613,724.3
2094,9.65,city,1.1,1.3,31.5,0.26,28.9,clear,small_ev,24,140,1400,unladen,24.0,1424.0,2.146,222.4
2095,11.13,arterial,15.2,2.5,40.1,0.403,35.9,clear,large_ev,75,190,2400,unladen,19.2,2419.2,4.713,423.4
2097,57.48,highway,17.0,0.1,97.6,0.238,34.6,rain,small_ev,24,140,1400,unladen,9.2,1409.2,40.232,699.9
2098,15.94,arterial,13.7,6.7,47.2,0.288,35.1,heavy_rain,mid_ev,40,160,1900,full_load,404.8,2304.8,6.516,408.7
2099,51.97,highway,129.8,8.5,88.9,0.224,34.5,clear,mid_ev,40,160,1900,half_load,263.4,2163.4,35.958,691.9
2100,7.93,arterial,26.6,17.8,42.8,0.473,34.4,clear,small_ev,24,140,1400,half_load,134.1,1534.1,2.509,316.3
2101,33.12,arterial,0.5,45.6,35.4,0.164,26.7,clear,small_ev,24,140,1400,full_load,258.7,1658.7,5.28,159.4
2102,12.19,arterial,64.2,16.9,44.6,0.765,35.3,clear,mid_ev,40,160,1900,half_load,231.7,2131.7,6.663,546.5
2104,2.37,city,5.7,13.1,12.5,0.425,37.5,clear,large_ev,75,190,2400,half_load,325.1,2725.1,1.316,555.0
2106,4.35,city,14.1,6.3,20.0,0.916,32.1,clear,large_ev,75,190,2400,full_load,588.7,2988.7,4.519,1038.2
2107,8.22,city,1.5,1.8,21.8,0.674,35.0,clear,small_ev,24,140,1400,half_load,144.7,1544.7,3.697,449.9
2108,13.51,highway,5.4,36.6,78.2,0.296,24.6,clear,small_ev,24,140,1400,unladen,27.0,1427.0,5.276,390.4
2109,6.76,arterial,2.4,7.1,49.8,0.192,28.0,clear,large_ev,75,190,2400,half_load,268.2,2668.2,2.543,376.2
2110,5.42,arterial,26.1,3.5,54.9,0.122,34.1,rain,large_ev,75,190,2400,unladen,57.1,2457.1,2.494,460.2
2111,76.14,highway,59.1,25.3,78.2,0.187,36.4,rain,mid_ev,40,160,1900,full_load,441.3,2341.3,43.805,575.3
2112,10.28,arterial,47.9,0.0,47.4,0.174,24.5,clear,large_ev,75,190,2400,unladen,52.7,2452.7,3.758,365.7
2113,13.41,arterial,24.0,9.0,48.8,0.2,34.2,clear,large_ev,75,190,2400,full_load,545.7,2945.7,5.281,393.7
2114,50.74,arterial,109.9,18.2,39.3,0.66,32.1,clear,small_ev,24,140,1400,half_load,157.6,1557.6,16.697,329.1
2115,9.4,arterial,9.5,20.0,50.5,0.185,35.1,rain,small_ev,24,140,1400,unladen,11.4,1411.4,2.363,251.3
2116,5.4,arterial,9.8,21.7,60.6,0.633,25.1,clear,mid_ev,40,160,1900,half_load,192.3,2092.3,2.972,550.6
2117,59.99,highway,48.7,14.8,77.8,0.1,30.4,clear,large_ev,75,190,2400,unladen,21.6,2421.6,34.435,574.0
2118,64.78,highway,6.2,29.5,70.4,0.287,31.0,clear,large_ev,75,190,2400,full_load,598.3,2998.3,35.84,553.2
2120,3.05,city,0.4,22.2,26.7,0.438,35.0,rain,small_ev,24,140,1400,unladen,28.1,1428.1,0.933,306.2
2121,181.5,highway,224.8,39.7,89.7,0.155,36.8,clear,small_ev,24,140,1400,half_load,160.8,1560.8,111.262,613.0
2122,4.46,city,20.1,31.8,29.9,0.701,29.3,clear,mid_ev,40,160,1900,half_load,238.6,2138.6,2.963,663.8
2123,7.99,city,15.0,13.4,23.5,0.667,26.1,clear,small_ev,24,140,1400,full_load,296.3,1696.3,3.339,417.8
2124,101.21,highway,72.8,151.3,74.0,0.306,27.4,clear,small_ev,24,140,1400,half_load,132.8,1532.8,39.968,394.9
2125,47.89,highway,20.8,1.9,99.1,0.128,28.6,rain,mid_ev,40,160,1900,half_load,266.9,2166.9,35.787,747.3
2128,40.0,arterial,15.1,25.6,34.1,0.217,28.8,rain,mid_ev,40,160,1900,half_load,192.7,2092.7,9.215,230.4
2129,15.48,highway,126.0,9.4,70.0,0.188,20.7,rain,mid_ev,40,160,1900,half_load,264.6,2164.6,7.242,467.8
2130,20.9,city,4.0,25.0,17.9,0.474,30.4,clear,small_ev,24,140,1400,half_load,157.3,1557.3,6.7,320.6
2131,17.9,arterial,11.2,51.6,46.1,0.275,33.2,clear,small_ev,24,140,1400,full_load,295.2,1695.2,4.978,278.2
2133,20.22,arterial,1.7,37.1,49.3,0.361,24.0,clear,large_ev,75,190,2400,unladen,36.2,2436.2,8.063,398.7
2134,8.29,arterial,0.1,82.3,45.2,0.452,22.6,rain,small_ev,24,140,1400,full_load,279.5,1679.5,2.576,311.0
2135,21.63,arterial,5.6,17.6,54.1,0.333,34.2,rain,mid_ev,40,160,1900,unladen,11.8,1911.8,8.569,396.2
2136,11.89,city,20.3,1.1,23.8,0.406,24.9,clear,mid_ev,40,160,1900,full_load,409.8,2309.8,5.097,428.6
2137,130.3,highway,13.6,28.9,85.7,0.286,39.4,clear,mid_ev,40,160,1900,half_load,260.6,2160.6,92.735,711.7
2138,20.3,highway,80.4,10.3,82.4,0.077,25.1,clear,large_ev,75,190,2400,full_load,543.1,2943.1,13.304,655.5
2139,52.88,highway,7.8,64.5,98.3,0.505,22.5,clear,mid_ev,40,160,1900,unladen,12.3,1912.3,39.497,747.0
2140,7.46,city,9.3,8.3,15.8,0.556,26.1,clear,large_ev,75,190,2400,half_load,346.2,2746.2,4.376,586.4
2141,4.32,city,5.6,3.1,21.7,0.433,32.2,clear,large_ev,75,190,2400,full_load,569.0,2969.0,2.433,563.1
2142,3.19,city,5.5,0.9,23.2,0.319,29.5,clear,mid_ev,40,160,1900,half_load,187.4,2087.4,1.035,324.6
2143,10.69,arterial,28.6,18.1,36.0,0.379,29.4,clear,large_ev,75,190,2400,half_load,292.6,2692.6,4.086,382.2
2144,6.74,city,8.4,25.0,20.7,0.616,28.1,clear,small_ev,24,140,1400,half_load,141.6,1541.6,2.734,405.5
2145,1.5,city,10.2,24.0,25.6,0.47,25.6,clear,small_ev,24,140,1400,half_load,141.0,1541.0,0.468,311.8
2146,14.68,city,9.6,6.1,23.0,0.371,30.0,heavy_rain,mid_ev,40,160,1900,half_load,260.9,2160.9,5.876,400.2
2149,2.0,arterial,14.9,25.6,53.3,0.565,37.2,clear,small_ev,24,140,1400,unladen,25.7,1425.7,0.773,386.3
2150,55.04,highway,9.9,3.0,97.6,0.116,27.8,clear,mid_ev,40,160,1900,unladen,44.8,1944.8,39.055,709.6
2151,45.56,arterial,14.3,37.6,42.3,0.303,31.9,clear,small_ev,24,140,1400,unladen,2.1,1402.1,10.131,222.4
2152,4.25,arterial,8.5,35.2,44.9,0.273,25.3,clear,small_ev,24,140,1400,half_load,158.3,1558.3,0.983,231.1
2154,31.33,arterial,12.0,37.3,57.1,0.452,25.6,rain,large_ev,75,190,2400,unladen,38.9,2438.9,16.28,519.7
2155,269.64,highway,31.6,64.4,92.9,0.32,31.4,clear,large_ev,75,190,2400,full_load,546.4,2946.4,222.469,825.0
2156,91.54,highway,248.8,28.8,96.4,0.038,28.8,rain,small_ev,24,140,1400,unladen,3.3,1403.3,56.123,613.1
2157,6.63,arterial,19.6,6.7,54.3,0.459,34.8,clear,mid_ev,40,160,1900,full_load,401.8,2301.8,3.611,544.4
2158,3.82,arterial,5.9,23.3,39.0,0.366,36.4,heavy_rain,large_ev,75,190,2400,full_load,553.6,2953.6,1.895,495.7
2160,10.53,arterial,17.6,2.9,70.0,0.661,30.5,clear,mid_ev,40,160,1900,half_load,186.4,2086.4,7.021,666.8
2161,2.1,city,4.9,9.4,32.2,0.388,32.1,rain,mid_ev,40,160,1900,half_load,268.1,2168.1,0.914,435.9
2162,117.0,highway,2.8,63.9,91.4,0.206,31.8,clear,mid_ev,40,160,1900,half_load,198.5,2098.5,77.606,663.3
2163,26.6,arterial,0.9,13.6,41.3,0.586,29.9,clear,small_ev,24,140,1400,full_load,279.8,1679.8,8.395,315.6
2165,144.36,highway,1.0,7.3,89.0,0.173,37.1,rain,mid_ev,40,160,1900,full_load,431.6,2331.6,104.171,721.6
2166,3.15,arterial,9.6,9.1,36.3,0.144,32.5,clear,mid_ev,40,160,1900,half_load,182.3,2082.3,0.663,210.5
2168,22.95,arterial,8.3,13.6,44.9,0.254,31.4,clear,large_ev,75,190,2400,full_load,559.9,2959.9,8.581,374.0
2169,67.67,highway,2.3,14.9,79.4,0.109,31.1,clear,mid_ev,40,160,1900,full_load,395.8,2295.8,36.654,541.6
2170,7.39,city,1.1,7.6,20.1,0.51,34.6,clear,mid_ev,40,160,1900,unladen,1.7,1901.7,3.087,417.9
2171,10.89,city,5.0,9.7,26.4,0.439,26.8,clear,mid_ev,40,160,1900,full_load,421.6,2321.6,4.883,448.5
2172,1.81,city,1.4,2.6,10.0,0.389,25.8,clear,large_ev,75,190,2400,half_load,336.0,2736.0,0.772,427.4
2173,9.97,arterial,24.1,6.5,49.3,0.446,20.7,rain,mid_ev,40,160,1900,half_load,239.6,2139.6,4.157,416.8
2174,39.56,highway,17.7,40.3,89.5,0.039,37.2,rain,small_ev,24,140,1400,half_load,172.8,1572.8,24.01,607.0
2176,65.71,highway,0.9,50.6,87.5,0.006,37.2,rain,large_ev,75,190,2400,unladen,13.9,2413.9,50.397,767.0
2177,3.52,city,5.8,4.3,27.7,0.587,32.6,clear,large_ev,75,190,2400,unladen,56.7,2456.7,2.281,647.7
2178,3.61,city,9.0,0.4,17.5,0.287,21.7,clear,small_ev,24,140,1400,full_load,272.9,1672.9,0.793,219.4
2180,1.0,city,16.7,2.8,22.7,0.858,33.0,rain,small_ev,24,140,1400,full_load,295.9,1695.9,0.723,722.7
2181,40.18,arterial,3.1,35.1,48.4,0.502,29.5,clear,mid_ev,40,160,1900,unladen,13.2,1913.2,15.494,385.6
2182,58.27,arterial,19.6,15.3,58.2,0.562,29.9,rain,large_ev,75,190,2400,half_load,267.9,2667.9,38.95,668.5
2183,152.8,highway,38.5,7.9,79.2,0.016,26.3,rain,small_ev,24,140,1400,unladen,14.2,1414.2,64.974,425.2
2184,5.71,city,8.6,17.4,19.3,0.605,42.0,clear,large_ev,75,190,2400,half_load,342.4,2742.4,4.828,844.9
2185,1.16,city,0.6,9.1,26.9,0.443,26.0,clear,large_ev,75,190,2400,full_load,564.2,2964.2,0.639,552.3
2186,17.39,highway,86.5,14.4,87.4,0.3,31.4,clear,small_ev,24,140,1400,unladen,18.8,1418.8,9.545,549.0
2187,11.85,city,7.9,13.3,19.6,0.526,35.1,clear,large_ev,75,190,2400,full_load,576.4,2976.4,8.099,683.5
2188,16.26,city,9.2,1.9,26.0,0.662,28.8,clear,large_ev,75,190,2400,unladen,57.4,2457.4,11.601,713.6
2189,7.85,city,9.6,2.3,22.0,0.415,30.4,clear,mid_ev,40,160,1900,half_load,269.5,2169.5,3.203,408.2
2190,9.28,arterial,33.9,6.1,46.7,0.22,29.8,clear,small_ev,24,140,1400,half_load,165.2,1565.2,2.302,248.1
2191,1.47,city,0.6,3.5,28.3,0.774,34.8,clear,small_ev,24,140,1400,half_load,175.6,1575.6,0.781,532.1
2192,17.66,arterial,4.6,0.6,37.0,0.141,32.8,rain,small_ev,24,140,1400,full_load,296.8,1696.8,3.167,179.3
2193,13.62,arterial,18.7,14.4,36.0,0.065,33.0,rain,large_ev,75,190,2400,full_load,531.2,2931.2,3.267,240.0
2194,4.06,city,6.4,21.1,12.9,0.645,26.1,clear,mid_ev,40,160,1900,half_load,227.1,2127.1,2.088,514.1
2195,26.48,highway,27.5,5.4,78.1,0.172,27.5,clear,mid_ev,40,160,1900,full_load,418.6,2318.6,13.695,517.1
2196,1.53,city,2.8,15.0,26.2,0.897,36.2,rain,mid_ev,40,160,1900,full_load,403.4,2303.4,1.434,938.0
2197,10.13,arterial,15.0,3.1,39.3,0.553,32.8,clear,small_ev,24,140,1400,half_load,145.3,1545.3,3.153,311.2
2198,52.67,arterial,9.4,14.6,49.6,0.129,32.1,clear,small_ev,24,140,1400,half_load,144.6,1544.6,11.961,227.1
2199,130.27,highway,12.0,139.8,96.9,0.24,40.4,clear,large_ev,75,190,2400,full_load,550.1,2950.1,137.859,1058.3
2200,72.65,highway,32.1,39.8,107.6,0.443,29.5,clear,large_ev,75,190,2400,full_load,534.6,2934.6,79.434,1093.5
2201,2.65,city,16.1,3.0,21.5,0.364,33.6,clear,mid_ev,40,160,1900,full_load,414.6,2314.6,1.223,461.2
2202,21.73,arterial,11.7,25.4,32.4,0.63,32.2,clear,large_ev,75,190,2400,half_load,259.7,2659.7,10.359,476.7
2203,58.1,arterial,31.0,4.6,47.2,0.691,38.8,heavy_rain,small_ev,24,140,1400,half_load,178.0,1578.0,27.761,477.8
2204,6.14,city,5.1,13.2,19.9,0.797,25.5,rain,large_ev,75,190,2400,half_load,357.8,2757.8,5.306,863.7
2206,11.32,city,20.0,7.9,13.7,0.231,20.2,clear,small_ev,24,140,1400,unladen,12.9,1412.9,1.837,162.2
2207,59.89,highway,77.9,3.5,77.2,0.56,29.4,clear,large_ev,75,190,2400,unladen,45.2,2445.2,39.258,655.5
2208,17.35,city,22.5,1.4,22.7,0.87,30.5,clear,large_ev,75,190,2400,unladen,54.2,2454.2,15.134,872.2
2209,11.26,arterial,1.3,6.8,33.5,0.157,34.9,clear,small_ev,24,140,1400,full_load,275.6,1675.6,1.929,171.3
2211,14.46,city,3.6,3.3,7.9,0.574,30.4,heavy_rain,mid_ev,40,160,1900,unladen,9.9,1909.9,6.615,457.5
2212,89.63,highway,5.5,16.9,79.4,0.049,42.0,clear,mid_ev,40,160,1900,unladen,0.4,1900.4,51.851,578.5
2214,1.0,city,1.3,0.7,24.3,0.179,27.0,clear,large_ev,75,190,2400,half_load,313.6,2713.6,0.281,281.0
2215,69.06,highway,87.2,43.4,88.7,0.136,28.9,heavy_rain,mid_ev,40,160,1900,unladen,37.8,1937.8,45.804,663.3
2216,28.2,highway,15.4,24.7,90.9,0.091,28.6,rain,small_ev,24,140,1400,half_load,122.5,1522.5,15.509,550.0
2217,3.97,city,7.6,0.6,22.5,0.337,30.9,rain,large_ev,75,190,2400,unladen,17.3,2417.3,1.679,422.8
2219,8.2,arterial,0.4,7.9,49.6,0.593,29.2,rain,large_ev,75,190,2400,full_load,570.6,2970.6,5.365,654.6
2220,45.05,highway,6.0,19.3,85.4,0.412,36.1,clear,small_ev,24,140,1400,full_load,263.3,1663.3,25.34,562.5
2221,16.67,arterial,17.6,15.9,52.9,0.332,32.4,clear,large_ev,75,190,2400,full_load,514.6,2914.6,8.621,517.2
2222,140.12,highway,52.6,43.1,88.7,0.105,32.6,clear,small_ev,24,140,1400,full_load,255.3,1655.3,75.984,542.3
2223,57.74,highway,68.5,89.3,86.0,0.053,25.7,clear,large_ev,75,190,2400,half_load,273.1,2673.1,36.752,636.5
2226,43.9,highway,60.9,19.9,97.2,0.305,27.5,clear,small_ev,24,140,1400,unladen,26.0,1426.0,26.854,611.7
2227,15.71,arterial,20.6,24.5,52.8,0.571,20.0,clear,mid_ev,40,160,1900,full_load,387.7,2287.7,7.36,468.6
2228,3.33,city,6.7,2.0,17.6,0.465,28.2,clear,large_ev,75,190,2400,half_load,282.8,2682.8,1.772,532.8
2230,11.64,arterial,13.0,61.0,44.3,0.255,27.0,clear,mid_ev,40,160,1900,full_load,405.4,2305.4,3.535,303.8
2233,93.35,highway,2.5,29.5,99.8,0.319,39.9,rain,small_ev,24,140,1400,unladen,22.3,1422.3,76.388,818.3
2234,7.75,city,0.2,14.6,17.0,0.726,31.0,clear,small_ev,24,140,1400,half_load,128.9,1528.9,3.445,444.5
2236,133.08,highway,20.1,15.3,87.7,0.021,29.2,heavy_rain,small_ev,24,140,1400,full_load,282.6,1682.6,70.676,531.1
2237,15.62,arterial,0.5,6.7,58.6,0.166,29.7,clear,large_ev,75,190,2400,full_load,566.8,2966.8,7.127,456.1
2238,2.41,city,17.2,11.5,19.7,0.416,34.4,clear,mid_ev,40,160,1900,unladen,28.6,1928.6,0.944,391.7
2240,25.51,arterial,21.8,20.3,49.7,0.587,31.9,clear,mid_ev,40,160,1900,full_load,431.4,2331.4,13.07,512.3
2241,6.09,arterial,0.4,0.1,46.1,0.617,42.0,clear,small_ev,24,140,1400,unladen,19.8,1419.8,2.339,384.1
2242,3.04,city,5.0,6.9,22.3,0.718,29.7,clear,small_ev,24,140,1400,half_load,159.0,1559.0,1.398,460.6
2243,95.4,highway,19.9,119.1,93.8,0.019,32.8,rain,small_ev,24,140,1400,unladen,21.1,1421.1,57.546,603.2
2244,4.77,city,1.9,11.8,24.0,0.28,33.5,clear,mid_ev,40,160,1900,full_load,406.4,2306.4,1.52,318.4
2245,136.98,highway,25.5,16.3,79.5,0.036,36.1,rain,small_ev,24,140,1400,unladen,22.3,1422.3,61.074,445.8
2246,60.73,highway,11.7,54.8,100.1,0.131,37.0,clear,small_ev,24,140,1400,half_load,150.1,1550.1,42.325,697.0
2247,102.33,highway,8.0,5.1,86.6,0.058,33.5,rain,large_ev,75,190,2400,half_load,267.9,2667.9,73.396,717.2
2248,6.26,city,27.9,1.8,33.0,0.629,31.2,clear,mid_ev,40,160,1900,full_load,440.5,2340.5,4.134,660.7
2249,2.0,arterial,0.2,6.5,40.5,0.162,26.6,rain,large_ev,75,190,2400,half_load,292.3,2692.3,0.597,298.6
2250,26.58,highway,4.0,10.7,88.7,0.302,42.0,clear,mid_ev,40,160,1900,unladen,29.6,1929.6,19.359,728.5
2251,40.29,highway,75.3,15.9,88.1,0.275,24.8,clear,small_ev,24,140,1400,half_load,136.4,1536.4,20.359,505.3
2252,11.32,arterial,11.1,33.5,48.9,0.574,36.3,clear,small_ev,24,140,1400,full_load,276.5,1676.5,4.667,412.2
2254,105.64,highway,127.0,32.7,88.6,0.059,24.3,rain,large_ev,75,190,2400,half_load,314.8,2714.8,78.417,742.3
2255,15.63,highway,14.7,23.2,87.3,0.005,32.2,clear,large_ev,75,190,2400,full_load,555.9,2955.9,11.504,736.2
2256,24.03,arterial,5.3,11.3,41.3,0.557,32.2,clear,small_ev,24,140,1400,unladen,3.5,1403.5,7.136,297.0
2257,38.98,highway,46.7,13.5,77.3,0.146,37.5,rain,small_ev,24,140,1400,half_load,144.9,1544.9,17.291,443.6
2258,3.9,city,1.8,7.4,18.6,0.451,26.4,clear,large_ev,75,190,2400,half_load,261.7,2661.7,1.862,477.2
2262,150.06,highway,53.3,48.2,79.8,0.137,32.7,clear,mid_ev,40,160,1900,half_load,239.6,2139.6,79.938,532.7
2263,21.35,city,3.1,8.9,27.3,0.205,29.6,clear,large_ev,75,190,2400,unladen,14.8,2414.8,6.369,298.4
2265,43.24,highway,10.4,32.9,98.9,0.139,35.8,clear,mid_ev,40,160,1900,half_load,195.1,2095.1,34.888,806.8
2266,71.18,highway,31.0,11.7,95.0,0.048,25.8,clear,small_ev,24,140,1400,full_load,265.8,1665.8,41.441,582.2
2267,202.38,highway,35.6,80.9,79.6,0.063,28.1,clear,small_ev,24,140,1400,full_load,280.4,1680.4,84.75,418.8
2269,6.59,arterial,30.7,52.3,43.2,0.378,32.4,rain,small_ev,24,140,1400,unladen,25.1,1425.1,1.84,279.2
2274,16.33,city,0.0,1.7,25.3,0.675,28.7,clear,large_ev,75,190,2400,unladen,57.8,2457.8,10.825,662.9
2275,13.48,city,6.0,8.9,23.4,0.251,25.4,clear,mid_ev,40,160,1900,unladen,42.1,1942.1,3.282,243.5
2276,56.42,highway,4.9,37.2,89.5,0.062,27.6,clear,mid_ev,40,160,1900,full_load,394.6,2294.6,33.898,600.8
2277,17.68,arterial,52.7,9.5,39.3,0.261,27.6,clear,large_ev,75,190,2400,half_load,296.6,2696.6,6.156,348.1
2278,137.8,highway,42.5,37.5,97.8,0.108,25.0,clear,small_ev,24,140,1400,unladen,29.7,1429.7,79.824,579.3
2279,30.45,highway,67.1,53.9,99.0,0.116,21.7,rain,large_ev,75,190,2400,full_load,589.7,2989.7,27.001,886.8
2280,13.26,city,4.7,0.0,21.9,0.896,31.1,clear,small_ev,24,140,1400,full_load,270.7,1670.7,7.759,585.3
2281,25.83,highway,28.3,19.8,101.3,0.168,33.2,clear,large_ev,75,190,2400,full_load,577.3,2977.3,25.922,1003.5
2282,1.56,city,0.7,0.3,20.5,0.838,25.8,clear,small_ev,24,140,1400,half_load,170.7,1570.7,0.747,478.7
2283,57.95,highway,51.4,0.2,99.9,0.162,29.8,clear,small_ev,24,140,1400,unladen,24.8,1424.8,37.643,649.6
2284,5.82,city,0.6,1.6,24.4,0.152,24.3,clear,large_ev,75,190,2400,full_load,535.2,2935.2,1.561,267.9
2286,15.26,arterial,47.4,62.7,53.9,0.059,28.1,clear,small_ev,24,140,1400,full_load,270.1,1670.1,3.727,244.2
2290,3.7,city,14.9,4.0,18.8,0.466,33.0,clear,large_ev,75,190,2400,full_load,579.5,2979.5,2.418,652.9
2291,21.73,highway,48.0,6.0,68.8,0.255,32.2,clear,small_ev,24,140,1400,unladen,21.4,1421.4,8.234,378.9
2292,13.36,arterial,2.7,7.2,42.0,0.366,26.5,rain,large_ev,75,190,2400,half_load,314.8,2714.8,5.581,417.6
2293,21.62,arterial,6.1,6.2,37.7,0.039,28.2,clear,small_ev,24,140,1400,unladen,21.4,1421.4,2.867,132.6
2294,7.89,arterial,2.6,3.0,66.6,0.445,36.0,rain,mid_ev,40,160,1900,half_load,202.8,2102.8,4.766,604.1
2295,13.53,arterial,37.8,3.6,50.6,0.474,23.2,clear,small_ev,24,140,1400,unladen,13.5,1413.5,4.209,311.1
2296,9.29,arterial,6.1,50.8,45.6,0.352,39.6,clear,large_ev,75,190,2400,unladen,26.5,2426.5,4.338,466.9
2297,9.46,arterial,2.1,1.5,47.0,0.422,24.4,clear,mid_ev,40,160,1900,full_load,432.4,2332.4,3.551,375.5
2298,28.02,arterial,2.0,6.8,51.6,0.672,28.8,clear,small_ev,24,140,1400,full_load,271.5,1671.5,11.181,399.0
2299,9.51,arterial,4.2,30.5,52.8,0.449,38.9,clear,small_ev,24,140,1400,full_load,273.6,1673.6,3.72,391.3
2301,1.66,city,0.9,4.6,12.9,0.448,33.5,clear,mid_ev,40,160,1900,full_load,418.7,2318.7,0.763,460.2
2302,12.42,arterial,53.7,14.8,26.2,0.047,37.3,clear,mid_ev,40,160,1900,unladen,36.3,1936.3,1.889,152.1
2303,5.07,city,0.0,14.3,22.6,0.675,38.4,clear,mid_ev,40,160,1900,unladen,3.9,1903.9,2.988,589.3
2305,86.5,highway,1.5,21.1,78.2,0.147,28.0,heavy_rain,large_ev,75,190,2400,full_load,591.4,2991.4,53.421,617.6
2306,126.24,highway,48.8,22.5,76.2,0.074,33.5,clear,mid_ev,40,160,1900,unladen,29.8,1929.8,58.333,462.1
2307,7.98,city,4.4,0.0,20.2,0.29,42.0,rain,large_ev,75,190,2400,half_load,305.7,2705.7,3.673,460.1
2309,1.0,city,2.5,3.0,20.2,0.488,35.3,clear,small_ev,24,140,1400,unladen,5.3,1405.3,0.352,351.5
2311,57.5,highway,61.7,16.4,73.9,0.034,24.4,clear,mid_ev,40,160,1900,full_load,421.3,2321.3,23.527,409.1
2312,70.19,highway,20.5,106.5,79.4,0.351,37.3,heavy_rain,large_ev,75,190,2400,full_load,586.5,2986.5,57.117,813.7
2313,26.31,arterial,29.7,20.5,45.2,0.275,25.9,clear,small_ev,24,140,1400,half_load,138.9,1538.9,6.286,238.9
2314,58.37,highway,53.1,10.6,81.1,0.108,30.7,rain,small_ev,24,140,1400,full_load,269.7,1669.7,27.662,473.9
2315,118.14,highway,89.2,50.6,101.9,0.446,34.1,clear,large_ev,75,190,2400,unladen,39.3,2439.3,122.194,1034.3
2316,29.85,highway,16.3,8.1,86.3,0.104,36.5,rain,small_ev,24,140,1400,full_load,267.4,1667.4,17.108,573.2
2317,15.76,arterial,3.6,36.4,43.8,0.548,31.3,clear,small_ev,24,140,1400,unladen,9.1,1409.1,4.761,302.1
2318,4.66,city,25.7,7.1,10.7,0.889,26.3,clear,small_ev,24,140,1400,unladen,28.1,1428.1,2.244,481.3
2319,5.45,city,4.6,1.1,16.9,0.55,26.3,clear,small_ev,24,140,1400,full_load,285.2,1685.2,1.94,356.2
2322,57.01,highway,28.2,50.4,94.9,0.037,36.9,clear,small_ev,24,140,1400,full_load,266.3,1666.3,35.495,622.6
2323,25.32,arterial,70.5,24.7,54.9,0.316,42.0,clear,mid_ev,40,160,1900,full_load,415.7,2315.7,12.492,493.4
2324,54.99,highway,4.8,4.6,91.2,0.133,35.8,rain,large_ev,75,190,2400,unladen,47.5,2447.5,46.759,850.3
2325,63.67,highway,36.6,34.7,70.0,0.549,34.1,clear,large_ev,75,190,2400,full_load,518.1,2918.1,39.521,620.7
2327,7.68,arterial,2.1,10.1,42.2,0.433,27.4,clear,small_ev,24,140,1400,unladen,23.3,1423.3,1.877,244.5
2328,26.7,highway,27.6,11.8,90.0,0.088,30.6,clear,mid_ev,40,160,1900,full_load,447.8,2347.8,15.804,591.9
2329,27.42,highway,60.5,6.4,83.7,0.06,32.2,rain,small_ev,24,140,1400,unladen,3.7,1403.7,13.148,479.6
2330,15.92,arterial,17.0,26.8,48.0,0.608,34.8,rain,large_ev,75,190,2400,full_load,564.7,2964.7,11.242,706.1
2331,18.75,arterial,67.7,19.9,43.5,0.413,37.1,clear,large_ev,75,190,2400,full_load,599.1,2999.1,10.287,548.8
2332,9.8,city,0.1,3.6,21.7,0.464,27.7,clear,large_ev,75,190,2400,half_load,301.0,2701.0,5.236,534.3
2334,78.91,highway,22.7,13.5,104.8,0.244,20.0,clear,large_ev,75,190,2400,full_load,580.8,2980.8,74.88,949.0
2335,9.26,city,1.4,3.4,21.8,0.571,39.2,clear,large_ev,75,190,2400,half_load,304.7,2704.7,7.18,775.4
2336,26.79,arterial,37.6,11.3,50.8,0.298,33.0,clear,mid_ev,40,160,1900,half_load,195.1,2095.1,10.468,390.8
2338,38.11,highway,40.0,25.5,75.1,0.352,24.7,clear,mid_ev,40,160,1900,unladen,38.0,1938.0,17.693,464.3
2341,68.33,arterial,3.4,15.1,45.4,0.902,34.2,clear,mid_ev,40,160,1900,half_load,186.3,2086.3,37.259,545.3
2342,17.53,arterial,1.6,3.3,57.9,0.391,28.7,clear,small_ev,24,140,1400,unladen,29.7,1429.7,5.73,326.9
2344,14.88,highway,63.9,25.1,70.8,0.246,32.8,rain,mid_ev,40,160,1900,unladen,34.2,1934.2,6.947,466.8
2345,43.24,highway,165.9,37.6,74.0,0.325,36.7,clear,small_ev,24,140,1400,half_load,161.6,1561.6,20.632,477.2
2346,6.28,city,14.2,8.0,33.5,0.468,28.1,clear,large_ev,75,190,2400,half_load,252.8,2652.8,3.768,599.7
2350,10.76,arterial,6.2,29.9,46.0,0.278,37.6,clear,mid_ev,40,160,1900,half_load,221.4,2121.4,3.883,360.8
2351,32.21,arterial,8.3,13.8,57.3,0.108,20.7,heavy_rain,mid_ev,40,160,1900,full_load,390.6,2290.6,11.198,347.7
2354,14.04,arterial,2.8,4.6,35.4,0.478,29.3,rain,mid_ev,40,160,1900,full_load,439.2,2339.2,5.111,364.1
2355,29.11,arterial,4.4,3.5,40.8,0.617,34.2,heavy_rain,small_ev,24,140,1400,full_load,299.3,1699.3,11.167,383.6
2356,20.0,arterial,48.3,13.3,49.7,0.129,32.7,clear,large_ev,75,190,2400,full_load,570.7,2970.7,7.168,358.4
2358,3.96,city,0.8,4.4,20.0,0.292,34.8,clear,large_ev,75,190,2400,full_load,526.2,2926.2,1.615,407.4
2361,25.89,arterial,0.7,7.7,56.6,0.452,32.6,clear,large_ev,75,190,2400,half_load,254.8,2654.8,15.52,599.5
2363,14.83,city,11.4,18.5,28.8,0.022,32.0,clear,mid_ev,40,160,1900,half_load,200.0,2100.0,2.034,137.2
2364,99.41,highway,40.0,86.1,80.1,0.051,25.1,clear,large_ev,75,190,2400,unladen,19.5,2419.5,60.054,604.1
2365,52.68,highway,4.0,61.3,80.3,0.194,28.5,clear,mid_ev,40,160,1900,half_load,208.9,2108.9,28.633,543.5
2366,60.58,highway,61.0,39.5,83.9,0.355,22.1,clear,large_ev,75,190,2400,full_load,586.4,2986.4,43.733,721.9
2367,10.0,highway,20.9,29.9,87.7,0.181,27.6,rain,large_ev,75,190,2400,full_load,598.6,2998.6,7.123,712.3
2368,105.11,highway,6.6,35.7,81.5,0.435,28.4,clear,mid_ev,40,160,1900,unladen,17.5,1917.5,61.12,581.5
2369,8.07,city,16.0,2.4,21.1,0.852,30.0,clear,mid_ev,40,160,1900,full_load,446.9,2346.9,6.414,794.5
2370,58.41,highway,15.1,22.1,73.4,0.197,23.5,rain,mid_ev,40,160,1900,full_load,390.2,2290.2,27.095,463.9
2371,14.92,city,6.9,5.1,16.5,0.479,33.8,rain,large_ev,75,190,2400,unladen,26.3,2426.3,7.451,499.5
2372,3.03,city,3.1,11.6,26.1,0.537,34.7,clear,small_ev,24,140,1400,half_load,120.3,1520.3,1.139,375.6
2373,14.05,arterial,44.2,4.2,51.8,0.533,30.1,clear,mid_ev,40,160,1900,unladen,30.6,1930.6,6.067,431.7
2374,58.28,arterial,17.7,19.9,44.3,0.36,34.3,rain,small_ev,24,140,1400,unladen,24.6,1424.6,15.92,273.2
2375,23.43,highway,18.3,7.6,72.7,0.233,37.7,clear,large_ev,75,190,2400,unladen,49.2,2449.2,13.782,588.1
2376,43.12,highway,77.4,6.4,76.6,0.246,35.7,clear,large_ev,75,190,2400,full_load,592.5,2992.5,28.927,670.9
2378,49.95,highway,18.3,9.1,95.2,0.181,27.0,clear,large_ev,75,190,2400,unladen,38.5,2438.5,44.326,887.5
2379,10.94,city,5.5,6.8,22.5,0.832,25.9,clear,large_ev,75,190,2400,unladen,9.1,2409.1,8.537,780.5
2380,22.24,city,5.5,1.4,22.7,0.838,27.3,clear,mid_ev,40,160,1900,unladen,21.7,1921.7,13.709,616.3
2382,6.27,arterial,40.4,52.3,36.2,0.561,28.3,heavy_rain,large_ev,75,190,2400,full_load,547.1,2947.1,3.257,519.3
2383,9.16,city,0.7,5.6,18.1,0.494,27.1,clear,mid_ev,40,160,1900,unladen,8.8,1908.8,3.598,393.0
2384,78.04,highway,126.6,42.8,74.2,0.331,22.0,clear,large_ev,75,190,2400,unladen,41.1,2441.1,43.459,556.9
2385,2.28,city,10.8,19.1,24.1,0.188,34.8,clear,large_ev,75,190,2400,half_load,242.1,2642.1,0.737,322.8
2386,8.58,city,4.0,4.8,13.7,0.298,28.8,clear,small_ev,24,140,1400,half_load,124.4,1524.4,1.794,209.1
2387,9.66,arterial,12.4,9.6,53.5,0.278,30.5,clear,large_ev,75,190,2400,full_load,584.9,2984.9,4.335,448.8
2388,13.37,arterial,26.7,71.8,39.8,0.42,29.6,clear,large_ev,75,190,2400,half_load,317.5,2717.5,5.907,441.7
2389,10.0,highway,24.5,18.5,73.0,0.272,33.5,clear,small_ev,24,140,1400,half_load,159.3,1559.3,3.943,394.3
2390,8.67,city,0.6,2.6,30.6,0.677,36.0,clear,mid_ev,40,160,1900,full_load,425.8,2325.8,6.231,718.7
2391,11.2,city,3.8,10.3,16.4,0.788,36.8,clear,large_ev,75,190,2400,half_load,355.4,2755.4,10.329,921.9
2392,13.39,arterial,35.7,11.1,42.2,0.663,26.1,heavy_rain,large_ev,75,190,2400,half_load,328.7,2728.7,8.089,604.1
2393,34.44,highway,1.3,62.2,82.2,0.085,20.0,rain,small_ev,24,140,1400,half_load,151.2,1551.2,14.74,428.0
2394,116.62,highway,46.1,23.7,87.9,0.04,36.8,clear,large_ev,75,190,2400,half_load,312.5,2712.5,91.088,781.1
2395,49.63,highway,48.8,17.0,79.7,0.082,36.9,clear,small_ev,24,140,1400,half_load,169.8,1569.8,22.118,445.7
2396,169.45,highway,12.0,7.2,78.1,0.101,37.5,rain,large_ev,75,190,2400,full_load,526.0,2926.0,109.679,647.3
2397,2.87,city,13.5,36.5,30.1,0.349,38.1,clear,large_ev,75,190,2400,full_load,588.3,2988.3,1.598,557.4
2398,23.38,arterial,6.8,23.4,52.5,0.475,35.7,rain,mid_ev,40,160,1900,unladen,20.5,1920.5,10.245,438.2
2399,16.86,city,0.4,2.8,27.7,0.799,38.9,rain,small_ev,24,140,1400,half_load,162.3,1562.3,11.082,657.1
2400,9.83,arterial,13.5,17.2,53.9,0.68,22.2,clear,large_ev,75,190,2400,full_load,521.7,2921.7,6.553,666.7
2401,82.34,highway,1.8,20.0,77.9,0.097,28.4,rain,large_ev,75,190,2400,unladen,24.8,2424.8,46.462,564.3
2402,22.93,arterial,8.5,2.8,45.0,0.147,33.8,clear,large_ev,75,190,2400,full_load,571.9,2971.9,7.313,318.9
2403,15.07,city,27.7,13.9,15.3,0.769,29.7,clear,large_ev,75,190,2400,full_load,599.2,2999.2,13.57,900.5
2404,16.68,highway,47.5,18.5,81.4,0.266,31.0,clear,mid_ev,40,160,1900,half_load,235.5,2135.5,9.4,563.6
2405,93.27,highway,78.7,11.0,87.7,0.345,36.3,clear,large_ev,75,190,2400,unladen,58.0,2458.0,76.334,818.4
2406,1.14,city,3.9,17.7,18.3,0.568,30.1,clear,small_ev,24,140,1400,half_load,156.6,1556.6,0.431,377.9
2407,2.0,arterial,43.2,28.5,50.0,0.197,24.5,clear,large_ev,75,190,2400,full_load,555.1,2955.1,0.98,490.1
2408,19.26,highway,24.6,14.9,108.7,0.084,22.5,clear,large_ev,75,190,2400,full_load,587.2,2987.2,19.473,1011.3
2409,49.05,highway,4.2,15.4,94.7,0.013,31.2,clear,large_ev,75,190,2400,half_load,292.7,2692.7,37.913,772.9
2411,2.92,city,1.1,1.6,11.5,0.714,21.7,clear,mid_ev,40,160,1900,full_load,447.2,2347.2,1.743,597.5
2414,17.76,arterial,19.2,2.5,26.7,0.088,32.9,clear,large_ev,75,190,2400,full_load,580.2,2980.2,3.575,201.3
2415,95.95,highway,5.4,4.5,93.8,0.007,39.2,clear,large_ev,75,190,2400,half_load,319.5,2719.5,87.699,914.0
2416,2.53,arterial,6.7,10.4,30.3,0.619,29.5,heavy_rain,mid_ev,40,160,1900,half_load,229.0,2129.0,1.056,417.5
2417,23.64,arterial,4.5,10.6,38.8,0.617,27.5,rain,mid_ev,40,160,1900,full_load,404.3,2304.3,10.389,439.4
2418,14.32,arterial,41.6,9.6,57.6,0.147,42.0,clear,small_ev,24,140,1400,unladen,7.6,1407.6,4.667,325.9
2419,39.03,highway,61.6,23.2,69.9,0.103,31.2,clear,small_ev,24,140,1400,half_load,151.1,1551.1,13.954,357.5
2420,48.32,highway,44.7,67.6,88.6,0.34,33.3,heavy_rain,mid_ev,40,160,1900,unladen,33.1,1933.1,33.76,698.8
2421,68.66,highway,73.1,95.5,87.6,0.158,29.9,rain,small_ev,24,140,1400,unladen,16.4,1416.4,35.397,515.5
2422,13.93,arterial,11.6,28.0,46.5,0.433,23.5,clear,mid_ev,40,160,1900,unladen,10.4,1910.4,4.607,330.6
2423,7.62,arterial,4.8,44.8,36.6,0.401,38.6,clear,mid_ev,40,160,1900,full_load,397.8,2297.8,2.789,365.9
2425,70.09,highway,12.5,17.5,62.8,0.037,21.1,clear,small_ev,24,140,1400,half_load,157.2,1557.2,18.582,265.1
2426,13.96,arterial,13.0,28.0,45.4,0.206,27.9,clear,mid_ev,40,160,1900,half_load,206.3,2106.3,3.884,278.3
2427,27.62,city,6.8,1.2,20.7,0.558,23.7,rain,mid_ev,40,160,1900,full_load,385.7,2285.7,15.042,544.6
2428,23.18,arterial,30.7,24.9,54.8,0.478,34.2,clear,small_ev,24,140,1400,full_load,272.2,1672.2,9.196,396.7
2429,7.3,city,2.3,7.8,15.9,0.834,40.4,clear,small_ev,24,140,1400,full_load,283.4,1683.4,4.636,635.1
2430,30.03,highway,63.7,99.3,95.1,0.256,32.3,clear,small_ev,24,140,1400,full_load,291.0,1691.0,20.026,666.9
2431,7.01,arterial,54.3,3.9,33.1,0.207,39.5,clear,large_ev,75,190,2400,unladen,6.8,2406.8,2.302,328.3
2432,70.09,highway,28.9,91.2,88.8,0.234,30.9,clear,small_ev,24,140,1400,half_load,176.4,1576.4,36.481,520.5
2433,19.21,arterial,22.7,31.2,43.0,0.365,30.1,clear,mid_ev,40,160,1900,half_load,234.2,2134.2,5.926,308.4
2434,6.95,city,6.2,0.9,24.1,0.625,33.5,clear,large_ev,75,190,2400,half_load,257.1,2657.1,4.995,718.5
2436,8.41,city,3.1,15.7,16.5,0.65,23.0,clear,mid_ev,40,160,1900,full_load,449.5,2349.5,4.987,593.2
2437,14.19,arterial,5.9,2.6,34.0,0.235,27.4,clear,large_ev,75,190,2400,unladen,57.1,2457.1,3.991,281.2
2439,59.86,highway,2.0,45.1,100.7,0.236,35.2,clear,small_ev,24,140,1400,full_load,299.9,1699.9,44.494,743.3
2441,79.34,highway,21.1,24.4,83.2,0.141,40.2,clear,large_ev,75,190,2400,full_load,549.4,2949.4,65.787,829.1
2442,174.21,highway,7.7,34.9,82.7,0.47,27.3,rain,small_ev,24,140,1400,unladen,7.2,1407.2,85.326,489.8
2446,15.7,city,2.4,2.2,18.4,0.649,38.0,heavy_rain,large_ev,75,190,2400,half_load,295.9,2695.9,13.615,867.3
2447,20.73,highway,38.8,24.3,91.5,0.123,20.0,rain,large_ev,75,190,2400,half_load,311.5,2711.5,16.073,775.2
2448,15.92,arterial,32.9,14.6,36.2,0.527,29.6,clear,small_ev,24,140,1400,full_load,298.5,1698.5,4.927,309.5
2449,20.28,arterial,4.4,7.0,34.4,0.12,24.7,rain,small_ev,24,140,1400,full_load,292.7,1692.7,3.075,151.6
2450,32.47,arterial,28.4,8.7,41.3,0.906,31.6,clear,mid_ev,40,160,1900,half_load,229.4,2129.4,18.291,563.3
2452,10.02,arterial,45.7,4.3,45.6,0.578,20.6,clear,small_ev,24,140,1400,full_load,286.9,1686.9,3.44,343.4
2453,32.5,highway,21.5,8.4,83.8,0.357,31.7,heavy_rain,small_ev,24,140,1400,full_load,288.2,1688.2,18.047,555.4
2454,13.12,arterial,2.7,6.0,62.3,0.18,30.0,clear,mid_ev,40,160,1900,unladen,18.9,1918.9,4.852,369.8
2457,98.08,highway,34.8,10.2,90.0,0.031,27.8,clear,mid_ev,40,160,1900,full_load,440.4,2340.4,58.653,598.0
2458,60.8,highway,19.1,30.4,88.8,0.104,22.2,clear,small_ev,24,140,1400,half_load,134.6,1534.6,29.563,486.2
2459,87.14,highway,39.1,2.7,82.7,0.336,27.8,clear,mid_ev,40,160,1900,unladen,1.6,1901.6,48.014,551.0
2460,1.89,city,2.4,0.6,28.8,0.632,32.3,clear,large_ev,75,190,2400,unladen,48.3,2448.3,1.276,673.7
2461,4.69,arterial,17.0,29.5,38.0,0.309,30.7,clear,small_ev,24,140,1400,half_load,131.7,1531.7,1.045,222.7
2462,110.22,highway,15.9,13.1,87.6,0.055,34.1,clear,small_ev,24,140,1400,full_load,278.0,1678.0,59.359,538.5
2463,65.9,highway,21.5,27.6,88.9,0.032,27.3,clear,mid_ev,40,160,1900,unladen,6.2,1906.2,37.785,573.3
2465,4.55,city,11.2,3.7,10.6,0.515,29.1,rain,mid_ev,40,160,1900,half_load,218.7,2118.7,2.064,454.0
2466,4.33,city,3.6,0.1,21.9,0.324,27.8,clear,large_ev,75,190,2400,full_load,585.1,2985.1,1.998,461.5
2467,176.63,highway,4.0,37.5,96.9,0.581,37.3,clear,small_ev,24,140,1400,full_load,278.8,1678.8,131.891,746.7
2468,12.38,arterial,28.4,15.1,38.7,0.23,31.1,clear,large_ev,75,190,2400,unladen,43.9,2443.9,3.707,299.5
2469,154.85,highway,52.5,7.8,74.8,0.185,29.6,clear,mid_ev,40,160,1900,unladen,18.1,1918.1,72.902,470.8
2470,5.19,city,5.4,10.1,13.3,0.424,30.5,clear,small_ev,24,140,1400,unladen,4.1,1404.1,1.282,247.0
2471,9.8,arterial,0.8,5.9,48.8,0.692,40.0,clear,mid_ev,40,160,1900,full_load,392.3,2292.3,5.763,587.9
2472,11.46,arterial,0.8,31.8,36.8,0.355,26.5,clear,large_ev,75,190,2400,full_load,576.8,2976.8,4.452,388.5
2474,6.82,arterial,1.5,3.9,49.2,0.339,27.7,clear,small_ev,24,140,1400,unladen,22.1,1422.1,1.832,268.6
2476,43.95,arterial,41.5,94.8,48.4,0.439,24.4,rain,mid_ev,40,160,1900,full_load,440.2,2340.2,17.724,403.2
2478,50.81,arterial,6.3,19.9,42.3,0.191,23.9,rain,mid_ev,40,160,1900,half_load,216.6,2116.6,12.431,244.6
2479,2.0,arterial,11.3,29.8,41.6,0.231,35.0,rain,mid_ev,40,160,1900,unladen,3.5,1903.5,0.568,284.2
2481,65.44,highway,107.1,57.5,86.2,0.168,30.6,clear,mid_ev,40,160,1900,full_load,406.1,2306.1,39.437,602.6
2482,60.66,arterial,14.0,21.2,46.1,0.45,31.8,clear,large_ev,75,190,2400,unladen,4.8,2404.8,27.196,448.4
2483,104.37,highway,22.9,84.5,84.5,0.325,20.0,rain,mid_ev,40,160,1900,half_load,268.8,2168.8,62.981,603.5
2485,92.86,highway,4.0,71.8,78.6,0.08,34.2,clear,large_ev,75,190,2400,full_load,524.3,2924.3,56.203,605.2
2486,142.22,highway,37.7,1.2,85.5,0.109,23.2,clear,large_ev,75,190,2400,full_load,555.2,2955.2,95.035,668.2
2487,5.6,arterial,5.0,5.3,44.4,0.266,35.1,clear,large_ev,75,190,2400,full_load,530.7,2930.7,2.34,417.9
2488,14.49,highway,117.3,13.5,69.2,0.173,33.6,clear,large_ev,75,190,2400,half_load,249.7,2649.7,8.524,588.1
2489,100.76,highway,193.3,10.7,90.7,0.357,33.2,clear,small_ev,24,140,1400,half_load,156.5,1556.5,59.999,595.5
2490,7.24,city,7.7,1.7,16.1,0.51,31.1,clear,small_ev,24,140,1400,half_load,169.5,1569.5,2.39,330.1
2491,31.06,arterial,1.6,6.2,38.6,0.368,29.0,clear,small_ev,24,140,1400,half_load,154.6,1554.6,7.445,239.7
2492,11.26,arterial,17.5,15.4,52.9,0.185,27.4,clear,small_ev,24,140,1400,full_load,266.9,1666.9,2.961,263.1
2493,2.93,city,8.6,3.9,23.7,0.575,33.8,clear,small_ev,24,140,1400,unladen,13.1,1413.1,1.209,413.0
2494,248.6,highway,24.1,11.3,97.7,0.227,29.3,clear,large_ev,75,190,2400,full_load,576.0,2976.0,224.285,902.2
2495,9.0,arterial,26.2,41.8,48.4,0.037,34.2,clear,large_ev,75,190,2400,half_load,324.3,2724.3,2.556,283.8
2496,21.08,highway,126.3,39.6,84.0,0.078,28.7,clear,large_ev,75,190,2400,unladen,4.6,2404.6,14.186,672.8
2497,10.15,city,8.7,1.8,30.4,0.136,31.6,clear,mid_ev,40,160,1900,half_load,239.8,2139.8,2.465,242.8
2498,24.52,arterial,5.3,46.4,60.4,0.707,31.7,rain,mid_ev,40,160,1900,unladen,1.0,1901.0,13.955,569.1
2499,3.26,city,8.9,1.4,28.3,0.241,28.2,rain,mid_ev,40,160,1900,unladen,5.5,1905.5,0.982,301.3
2501,116.4,highway,34.4,94.9,85.9,0.082,34.1,rain,small_ev,24,140,1400,half_load,154.8,1554.8,64.327,552.6
2502,10.0,highway,82.8,0.6,83.2,0.054,28.7,clear,mid_ev,40,160,1900,half_load,250.8,2150.8,5.79,579.0
2503,221.28,highway,37.8,29.6,79.5,0.276,33.3,clear,mid_ev,40,160,1900,half_load,207.0,2107.0,126.559,571.9
2504,6.38,arterial,44.0,23.4,42.8,0.157,20.0,clear,mid_ev,40,160,1900,full_load,438.8,2338.8,1.677,263.1
2506,31.26,arterial,14.6,45.9,44.8,0.603,33.8,heavy_rain,mid_ev,40,160,1900,full_load,442.0,2342.0,16.012,512.3
2507,23.15,arterial,3.0,26.4,38.6,0.255,24.1,clear,small_ev,24,140,1400,unladen,12.4,1412.4,4.096,176.9
2509,116.41,highway,9.2,37.5,75.5,0.508,23.3,clear,mid_ev,40,160,1900,unladen,42.2,1942.2,58.965,506.5
2510,231.51,highway,51.8,33.5,74.7,0.196,38.6,rain,large_ev,75,190,2400,half_load,265.2,2665.2,155.222,670.5
2511,25.92,highway,148.2,32.1,60.4,0.004,34.4,clear,mid_ev,40,160,1900,half_load,201.0,2101.0,8.799,339.5
2512,209.91,highway,32.3,146.5,89.7,0.162,26.4,clear,mid_ev,40,160,1900,half_load,190.1,2090.1,125.066,595.8
2513,25.64,arterial,1.9,18.4,36.9,0.254,33.7,rain,mid_ev,40,160,1900,half_load,238.5,2138.5,6.951,271.1
2514,52.91,highway,19.2,1.4,76.8,0.089,27.5,clear,large_ev,75,190,2400,full_load,534.8,2934.8,30.113,569.1
2516,56.66,highway,29.3,8.8,77.1,0.165,27.5,clear,mid_ev,40,160,1900,half_load,256.0,2156.0,26.56,468.7
2517,2.49,city,11.8,2.8,19.8,0.546,33.5,clear,small_ev,24,140,1400,full_load,282.5,1682.5,1.046,419.5
2518,67.74,highway,13.1,55.2,80.1,0.323,34.4,clear,large_ev,75,190,2400,full_load,523.5,2923.5,45.895,677.5
2520,10.66,arterial,32.9,27.1,47.8,0.301,31.4,clear,large_ev,75,190,2400,full_load,527.3,2927.3,4.739,444.6
2521,66.85,highway,6.5,75.4,81.9,0.128,37.2,clear,mid_ev,40,160,1900,unladen,23.6,1923.6,37.562,561.9
2523,7.9,arterial,34.5,4.7,57.2,0.188,20.0,clear,small_ev,24,140,1400,unladen,13.8,1413.8,2.264,286.6
2524,13.03,arterial,46.0,7.3,33.5,0.445,22.1,clear,mid_ev,40,160,1900,half_load,259.5,2159.5,4.075,312.8
2526,95.67,highway,54.1,31.5,78.5,0.083,27.0,clear,large_ev,75,190,2400,full_load,591.5,2991.5,55.162,576.6
2527,30.31,arterial,24.8,24.1,68.7,0.623,23.9,clear,large_ev,75,190,2400,full_load,542.6,2942.6,24.57,810.7
2528,18.64,city,12.7,1.6,22.7,0.323,25.7,clear,small_ev,24,140,1400,full_load,282.0,1682.0,4.903,263.0
2529,23.61,city,4.0,13.9,27.9,0.702,38.0,heavy_rain,small_ev,24,140,1400,half_load,176.6,1576.6,13.445,569.5
2530,14.84,city,33.6,18.3,18.2,0.475,31.8,rain,mid_ev,40,160,1900,full_load,415.4,2315.4,7.572,510.2
2531,41.59,arterial,43.4,49.7,53.5,0.143,30.8,clear,large_ev,75,190,2400,half_load,262.0,2662.0,15.568,374.3
2532,16.09,arterial,1.4,3.5,52.1,0.655,34.0,clear,large_ev,75,190,2400,unladen,36.0,2436.0,9.833,610.9
2533,9.11,city,6.7,3.9,29.7,0.109,34.0,rain,mid_ev,40,160,1900,unladen,3.8,1903.8,1.892,207.8
2534,12.76,city,3.8,0.0,10.2,0.472,30.0,clear,large_ev,75,190,2400,full_load,541.7,2941.7,7.509,588.7
2536,2.18,city,4.2,9.8,29.9,0.537,27.2,clear,large_ev,75,190,2400,full_load,557.8,2957.8,1.443,660.9
2538,25.96,arterial,10.3,41.3,49.3,0.028,34.0,clear,large_ev,75,190,2400,unladen,35.0,2435.0,7.797,300.3
2539,86.22,highway,50.2,40.5,70.3,0.207,36.8,clear,small_ev,24,140,1400,unladen,0.6,1400.6,31.864,369.6
2540,96.65,highway,11.0,14.5,90.2,0.178,26.6,heavy_rain,large_ev,75,190,2400,full_load,523.6,2923.6,80.99,838.0
2541,8.68,arterial,3.7,18.5,47.3,0.332,26.9,clear,mid_ev,40,160,1900,unladen,6.8,1906.8,2.802,322.7
2543,19.61,arterial,7.8,17.9,41.8,0.227,36.0,clear,large_ev,75,190,2400,full_load,585.4,2985.4,7.41,377.8
2544,36.95,arterial,57.2,14.5,51.2,0.258,30.7,clear,mid_ev,40,160,1900,half_load,187.4,2087.4,12.711,344.0
2546,11.62,city,8.8,3.5,22.1,0.714,31.2,clear,small_ev,24,140,1400,unladen,0.9,1400.9,4.979,428.4
2547,47.0,arterial,41.4,0.8,43.0,0.343,32.9,clear,small_ev,24,140,1400,full_load,260.5,1660.5,12.695,270.1
2548,4.81,city,25.5,8.2,21.5,0.186,24.5,rain,large_ev,75,190,2400,half_load,340.6,2740.6,1.522,316.2
2551,5.82,city,5.7,0.6,21.3,0.799,36.1,rain,small_ev,24,140,1400,half_load,172.9,1572.9,3.514,603.6
2553,38.45,arterial,38.1,4.1,46.4,0.162,28.5,rain,large_ev,75,190,2400,half_load,263.8,2663.8,13.788,358.6
2554,41.66,highway,15.3,0.4,92.5,0.169,24.4,clear,small_ev,24,140,1400,full_load,258.6,1658.6,22.656,543.8
2555,21.41,city,8.0,3.7,15.2,0.603,33.3,clear,large_ev,75,190,2400,half_load,333.7,2733.7,14.594,681.6
2556,7.85,city,5.6,16.5,18.8,0.745,30.9,clear,mid_ev,40,160,1900,half_load,197.0,2097.0,4.857,618.7
2557,6.87,city,0.1,3.8,17.7,0.624,32.5,clear,large_ev,75,190,2400,half_load,308.3,2708.3,4.808,699.5
2558,21.35,highway,197.9,86.5,79.2,0.014,27.7,rain,small_ev,24,140,1400,unladen,24.3,1424.3,9.324,436.6
2559,30.11,arterial,27.6,3.5,52.4,0.368,35.5,clear,small_ev,24,140,1400,half_load,157.9,1557.9,10.356,343.9
2560,97.7,highway,13.7,39.6,98.5,0.09,28.3,clear,small_ev,24,140,1400,half_load,123.8,1523.8,57.368,587.2
2561,40.24,highway,19.5,65.9,70.9,0.069,30.4,clear,mid_ev,40,160,1900,half_load,205.6,2105.6,16.815,417.9
2562,28.39,highway,37.7,28.8,96.1,0.368,23.1,clear,large_ev,75,190,2400,full_load,536.4,2936.4,24.481,862.3
2564,128.57,highway,16.9,49.4,84.1,0.192,33.9,clear,mid_ev,40,160,1900,unladen,39.1,1939.1,73.553,572.1
2565,24.59,city,16.6,6.6,31.2,0.457,29.3,clear,small_ev,24,140,1400,half_load,165.3,1565.3,8.407,341.9
2566,7.21,arterial,9.1,64.2,37.2,0.462,31.4,clear,small_ev,24,140,1400,unladen,14.3,1414.3,1.715,238.0
2567,28.91,arterial,17.0,4.2,28.9,0.621,25.2,clear,mid_ev,40,160,1900,half_load,199.0,2099.0,10.004,346.0
2568,3.45,city,3.6,4.8,17.8,0.388,42.0,clear,small_ev,24,140,1400,unladen,8.1,1408.1,1.034,299.3
2570,17.65,arterial,33.4,11.7,35.3,0.519,20.3,rain,small_ev,24,140,1400,unladen,1.5,1401.5,4.535,256.9
2573,130.15,highway,45.9,29.9,84.6,0.109,33.1,clear,mid_ev,40,160,1900,half_load,201.6,2101.6,80.671,619.8
2574,125.37,highway,13.2,12.6,89.6,0.066,30.9,rain,large_ev,75,190,2400,full_load,580.3,2980.3,99.218,791.4
2577,9.03,city,6.1,0.4,11.2,0.767,35.0,heavy_rain,large_ev,75,190,2400,half_load,272.7,2672.7,8.405,930.9
2578,36.33,arterial,0.5,6.5,49.7,0.181,34.1,clear,mid_ev,40,160,1900,full_load,413.7,2313.7,12.474,343.4
2579,23.47,city,4.8,1.7,27.8,0.817,33.7,clear,mid_ev,40,160,1900,half_load,201.9,2101.9,17.07,727.4
2580,3.66,city,1.9,2.7,18.2,0.418,26.9,clear,large_ev,75,190,2400,full_load,540.9,2940.9,1.878,512.6
2581,31.69,arterial,1.2,9.1,40.8,0.297,29.4,clear,large_ev,75,190,2400,full_load,584.2,2984.2,11.965,377.6
2582,13.84,highway,67.1,52.9,85.3,0.139,34.5,clear,small_ev,24,140,1400,unladen,29.5,1429.5,7.275,525.8
2583,6.89,arterial,0.3,11.9,41.6,0.186,35.4,clear,large_ev,75,190,2400,unladen,56.1,2456.1,2.233,324.0
2584,53.85,arterial,3.1,20.7,55.1,0.57,31.6,clear,large_ev,75,190,2400,unladen,29.8,2429.8,31.327,581.8
2585,87.68,highway,21.7,39.8,78.5,0.044,32.0,clear,small_ev,24,140,1400,unladen,29.1,1429.1,37.285,425.2
2586,2.77,city,11.3,5.0,33.7,0.699,29.2,heavy_rain,small_ev,24,140,1400,full_load,279.5,1679.5,1.51,545.2
2587,27.09,arterial,51.5,76.8,56.3,0.289,33.4,clear,mid_ev,40,160,1900,full_load,427.2,2327.2,11.683,431.3
2589,51.88,highway,20.8,18.6,67.0,0.348,28.9,rain,large_ev,75,190,2400,half_load,298.1,2698.1,27.573,531.4
2590,41.5,arterial,57.0,4.2,47.7,0.396,26.4,rain,small_ev,24,140,1400,half_load,144.1,1544.1,12.266,295.5
2591,115.93,highway,93.6,71.6,80.8,0.213,42.0,clear,mid_ev,40,160,1900,half_load,254.9,2154.9,75.547,651.7
2592,40.09,highway,66.7,13.7,89.0,0.191,31.1,clear,small_ev,24,140,1400,unladen,16.1,1416.1,21.322,531.9
2593,16.58,arterial,16.8,4.0,44.5,0.449,22.9,rain,small_ev,24,140,1400,unladen,12.1,1412.1,4.817,290.4
2594,18.02,arterial,81.5,6.9,43.2,0.584,20.2,clear,mid_ev,40,160,1900,full_load,393.7,2293.7,7.856,436.0
2595,9.18,city,6.5,17.1,25.0,0.442,26.8,rain,mid_ev,40,160,1900,unladen,8.3,1908.3,3.612,393.5
2596,48.99,arterial,43.2,14.6,50.4,0.184,37.8,clear,mid_ev,40,160,1900,half_load,192.0,2092.0,16.431,335.4
2597,10.72,city,6.4,5.3,28.8,0.578,30.0,clear,mid_ev,40,160,1900,half_load,198.5,2098.5,5.858,546.4
2599,3.73,arterial,4.0,24.8,61.2,0.167,38.7,clear,large_ev,75,190,2400,unladen,17.8,2417.8,1.796,481.8
2600,22.1,arterial,67.6,6.5,59.7,0.615,28.7,rain,small_ev,24,140,1400,unladen,19.2,1419.2,9.287,420.3
2601,11.53,city,5.9,20.4,23.5,0.743,30.8,clear,mid_ev,40,160,1900,full_load,401.1,2301.1,8.127,705.1
2602,38.13,highway,7.1,16.0,86.8,0.457,20.1,rain,large_ev,75,190,2400,unladen,51.4,2451.4,29.672,778.3
2603,20.53,arterial,27.4,0.7,41.0,0.305,33.3,rain,large_ev,75,190,2400,full_load,582.2,2982.2,8.521,415.1
2604,11.4,city,5.7,1.0,15.5,0.197,33.2,clear,mid_ev,40,160,1900,half_load,184.9,2084.9,2.51,220.2
2605,29.98,highway,137.2,77.8,87.3,0.081,38.2,clear,small_ev,24,140,1400,unladen,28.5,1428.5,16.62,554.4
2606,30.89,highway,113.7,39.7,88.3,0.112,31.2,clear,large_ev,75,190,2400,half_load,275.8,2675.8,23.866,772.7
2607,104.36,highway,21.2,62.2,76.1,0.427,31.7,clear,mid_ev,40,160,1900,unladen,31.5,1931.5,55.018,527.2
2608,10.29,city,21.4,12.9,19.4,0.191,33.1,clear,mid_ev,40,160,1900,full_load,447.6,2347.6,2.789,271.2
2609,23.69,city,9.9,9.1,21.3,0.585,20.0,clear,small_ev,24,140,1400,unladen,5.3,1405.3,7.813,329.8
2610,15.44,city,2.4,5.6,23.0,0.808,22.2,clear,large_ev,75,190,2400,unladen,52.6,2452.6,11.305,732.0
2612,50.41,highway,6.2,3.4,74.0,0.024,29.4,clear,mid_ev,40,160,1900,unladen,28.2,1928.2,21.89,434.2
2613,60.25,arterial,21.8,18.9,42.7,0.368,20.0,heavy_rain,small_ev,24,140,1400,full_load,270.7,1670.7,17.591,292.0
2614,112.86,highway,114.0,4.6,77.1,0.155,36.8,rain,small_ev,24,140,1400,full_load,298.2,1698.2,54.762,485.2
2615,1.0,city,9.7,1.5,17.4,0.373,31.6,clear,large_ev,75,190,2400,full_load,576.7,2976.7,0.569,569.4
2617,1.0,city,14.5,2.6,26.2,0.801,27.4,clear,mid_ev,40,160,1900,full_load,404.1,2304.1,0.816,815.8
2619,8.73,city,14.1,6.8,28.8,0.232,25.8,clear,mid_ev,40,160,1900,half_load,217.3,2117.3,2.469,282.6
2620,90.6,highway,62.8,3.2,84.4,0.231,36.4,clear,large_ev,75,190,2400,full_load,533.5,2933.5,68.401,755.0
2621,11.06,city,7.4,3.5,14.3,0.897,28.4,rain,mid_ev,40,160,1900,unladen,8.7,1908.7,7.444,672.9
2622,36.34,arterial,4.9,6.2,44.2,0.364,33.1,rain,small_ev,24,140,1400,half_load,170.6,1570.6,10.368,285.3
2623,72.29,highway,16.1,27.2,112.3,0.098,23.8,clear,mid_ev,40,160,1900,full_load,445.0,2345.0,66.591,921.1
2624,36.25,highway,79.0,5.0,88.7,0.139,36.1,rain,large_ev,75,190,2400,half_load,314.1,2714.1,31.296,863.3
2625,121.13,highway,46.3,56.4,100.6,0.242,25.0,clear,mid_ev,40,160,1900,unladen,28.3,1928.3,87.373,721.3
2626,10.18,city,1.2,3.8,20.0,0.622,31.0,clear,small_ev,24,140,1400,full_load,263.6,1663.6,4.501,442.1
2627,9.59,city,9.1,1.4,20.6,0.39,29.6,rain,large_ev,75,190,2400,full_load,597.4,2997.4,5.057,527.6
2628,51.18,highway,65.1,5.3,89.6,0.133,30.7,rain,mid_ev,40,160,1900,half_load,218.8,2118.8,34.245,669.1
2629,31.76,arterial,17.8,45.4,48.8,0.52,31.0,clear,small_ev,24,140,1400,full_load,288.8,1688.8,11.217,353.1
2630,6.12,city,10.0,8.9,19.9,0.858,33.3,clear,small_ev,24,140,1400,half_load,169.0,1569.0,3.273,534.7
2632,1.7,city,5.7,10.2,15.6,0.881,20.0,clear,mid_ev,40,160,1900,full_load,390.1,2290.1,1.256,737.8
2633,1.56,city,1.0,2.6,12.0,0.398,30.4,clear,large_ev,75,190,2400,full_load,581.6,2981.6,0.786,502.1
2635,85.31,highway,40.5,12.9,83.4,0.36,38.6,clear,mid_ev,40,160,1900,full_load,436.8,2336.8,57.696,676.3
2636,4.24,city,2.3,1.0,31.5,0.373,32.6,clear,mid_ev,40,160,1900,full_load,414.5,2314.5,1.917,451.9
2638,3.94,city,1.6,21.9,34.1,0.288,31.7,heavy_rain,mid_ev,40,160,1900,full_load,445.6,2345.6,1.605,407.1
2639,88.56,highway,14.5,2.5,85.5,0.035,26.8,clear,mid_ev,40,160,1900,half_load,251.1,2151.1,47.682,538.4
2640,7.1,city,8.8,4.5,21.1,0.74,26.5,clear,large_ev,75,190,2400,full_load,560.7,2960.7,6.339,892.1
2641,10.0,highway,3.1,0.8,76.0,0.208,20.0,clear,large_ev,75,190,2400,full_load,596.2,2996.2,5.613,561.3
2643,35.98,highway,3.7,20.7,80.0,0.412,37.4,clear,large_ev,75,190,2400,full_load,551.5,2951.5,26.703,742.2
2644,40.55,highway,20.8,22.8,77.1,0.041,26.6,clear,large_ev,75,190,2400,full_load,521.9,2921.9,23.004,567.3
2645,4.07,city,8.2,2.3,24.3,0.306,29.1,clear,large_ev,75,190,2400,unladen,14.2,2414.2,1.53,375.8
2646,25.62,arterial,7.3,9.6,38.5,0.301,33.4,heavy_rain,large_ev,75,190,2400,full_load,561.2,2961.2,10.087,393.8
2647,4.7,city,4.4,13.5,15.0,0.762,33.7,clear,mid_ev,40,160,1900,half_load,247.0,2147.0,3.209,683.4
2648,9.02,city,6.1,15.4,19.5,0.227,26.8,clear,mid_ev,40,160,1900,full_load,389.1,2289.1,2.311,256.4
2650,13.45,city,4.2,3.6,26.4,0.575,31.3,clear,mid_ev,40,160,1900,unladen,19.7,1919.7,6.222,462.7
2651,5.95,city,9.2,0.4,12.8,0.539,28.1,clear,mid_ev,40,160,1900,unladen,24.2,1924.2,2.427,407.6
2652,27.2,arterial,3.4,1.8,49.7,0.891,22.5,clear,small_ev,24,140,1400,full_load,256.2,1656.2,11.951,439.4
2653,38.06,highway,47.2,81.0,83.9,0.239,27.1,clear,mid_ev,40,160,1900,half_load,192.1,2092.1,20.617,541.7
2654,107.56,highway,0.6,70.1,65.8,0.23,33.7,clear,small_ev,24,140,1400,unladen,14.1,1414.1,37.183,345.7
2655,3.97,city,2.1,11.2,27.2,0.715,31.1,clear,large_ev,75,190,2400,unladen,12.9,2412.9,2.741,690.6
2657,15.78,arterial,34.0,14.1,47.9,0.547,29.5,clear,mid_ev,40,160,1900,half_load,263.2,2163.2,7.345,465.4
2658,4.97,city,3.9,13.0,27.0,0.846,30.5,heavy_rain,large_ev,75,190,2400,half_load,289.7,2689.7,4.754,956.7
2659,32.81,arterial,21.3,25.2,64.7,0.495,32.3,rain,small_ev,24,140,1400,half_load,145.7,1545.7,14.927,455.0
2660,15.62,city,14.1,5.4,15.0,0.362,30.1,clear,large_ev,75,190,2400,full_load,561.8,2961.8,7.921,507.1
2661,93.55,highway,10.2,47.2,68.1,0.183,21.6,heavy_rain,small_ev,24,140,1400,full_load,291.0,1691.0,35.704,381.7
2662,75.14,highway,38.0,72.0,82.8,0.359,28.9,clear,large_ev,75,190,2400,unladen,23.1,2423.1,48.321,643.1
2664,7.64,arterial,13.2,27.4,47.3,0.173,33.6,rain,small_ev,24,140,1400,half_load,149.5,1549.5,1.895,248.0
2665,24.22,arterial,18.3,9.9,42.8,0.254,34.0,clear,mid_ev,40,160,1900,full_load,448.2,2348.2,7.765,320.6
2666,71.58,highway,6.7,2.2,82.7,0.041,28.0,clear,small_ev,24,140,1400,half_load,174.0,1574.0,31.707,442.9
2667,2.0,arterial,37.9,6.2,36.9,0.165,29.7,clear,small_ev,24,140,1400,unladen,12.1,1412.1,0.471,235.5
2668,13.9,city,15.1,26.2,20.8,0.564,22.4,clear,mid_ev,40,160,1900,unladen,38.8,1938.8,6.304,453.5
2669,30.29,arterial,18.5,4.2,49.2,0.316,32.9,rain,small_ev,24,140,1400,half_load,136.5,1536.5,8.805,290.7
2670,4.36,city,6.8,3.2,26.6,0.833,23.8,rain,small_ev,24,140,1400,unladen,17.5,1417.5,2.053,470.7
2671,6.38,city,1.6,2.9,35.6,0.575,27.4,clear,large_ev,75,190,2400,full_load,576.4,2976.4,4.819,755.1
2672,21.45,highway,10.1,56.8,92.6,0.014,28.6,rain,mid_ev,40,160,1900,half_load,183.6,2083.6,14.737,687.0
2673,46.43,highway,12.0,44.5,67.8,0.135,30.2,rain,large_ev,75,190,2400,unladen,59.3,2459.3,22.932,493.9
2674,22.59,city,5.3,22.8,25.5,0.469,28.5,clear,small_ev,24,140,1400,full_load,296.4,1696.4,8.158,361.1
2676,54.48,arterial,17.6,31.2,51.7,0.648,23.9,clear,large_ev,75,190,2400,full_load,530.2,2930.2,34.23,628.3
2677,13.26,city,0.5,5.5,24.3,0.639,21.7,clear,large_ev,75,190,2400,half_load,278.0,2678.0,8.699,656.3
2678,1.81,city,5.5,5.8,20.9,0.324,36.7,clear,large_ev,75,190,2400,full_load,562.5,2962.5,0.971,535.8
2679,82.81,highway,2.6,30.4,76.4,0.181,35.1,rain,small_ev,24,140,1400,half_load,157.0,1557.0,37.492,452.8
2680,43.03,highway,9.7,36.2,91.3,0.366,33.3,clear,mid_ev,40,160,1900,full_load,421.9,2321.9,30.689,713.2
2681,24.48,arterial,25.3,17.3,46.0,0.535,35.9,clear,mid_ev,40,160,1900,unladen,42.9,1942.9,10.237,418.1
2682,13.88,city,3.5,1.5,20.5,0.608,27.6,clear,large_ev,75,190,2400,full_load,512.7,2912.7,9.839,709.0
2684,5.58,arterial,2.6,17.0,44.0,0.642,32.0,rain,large_ev,75,190,2400,half_load,305.3,2705.3,3.384,606.9
2685,28.53,highway,9.6,35.2,82.9,0.512,35.6,clear,mid_ev,40,160,1900,full_load,399.1,2299.1,19.084,669.0
2686,92.87,highway,46.5,110.9,93.8,0.306,29.1,clear,large_ev,75,190,2400,full_load,541.6,2941.6,75.468,812.6
2690,48.9,highway,31.6,21.9,88.0,0.056,33.3,clear,large_ev,75,190,2400,half_load,252.1,2652.1,37.186,760.5
2692,193.88,highway,27.6,57.9,85.5,0.158,25.0,clear,mid_ev,40,160,1900,half_load,225.7,2125.7,102.578,529.1
2693,7.09,city,15.6,9.5,27.3,0.198,38.9,clear,mid_ev,40,160,1900,unladen,35.4,1935.4,1.915,270.2
2694,31.14,highway,98.6,66.7,64.4,0.287,22.0,clear,large_ev,75,190,2400,half_load,284.5,2684.5,14.493,465.5
2695,13.01,city,0.6,6.0,22.0,0.432,28.8,clear,mid_ev,40,160,1900,unladen,3.2,1903.2,4.761,365.9
2696,5.92,city,3.5,4.1,17.0,0.277,31.6,clear,large_ev,75,190,2400,half_load,253.0,2653.0,2.041,344.7
2697,5.05,city,1.6,1.6,26.0,0.394,32.1,clear,large_ev,75,190,2400,full_load,567.7,2967.7,2.814,557.1
2698,26.73,arterial,45.8,38.3,49.1,0.461,23.7,rain,small_ev,24,140,1400,unladen,14.9,1414.9,7.834,293.1
2700,38.89,highway,45.2,40.9,87.7,0.06,40.9,clear,small_ev,24,140,1400,full_load,298.1,1698.1,23.295,599.0
2701,20.31,arterial,115.4,13.9,49.4,0.199,34.1,heavy_rain,large_ev,75,190,2400,full_load,542.8,2942.8,9.973,490.9
2702,90.01,highway,88.8,6.3,94.9,0.161,28.7,rain,small_ev,24,140,1400,half_load,147.2,1547.2,56.476,627.5
2703,34.03,arterial,30.6,18.0,47.4,0.507,27.6,clear,large_ev,75,190,2400,full_load,537.5,2937.5,17.381,510.8
2704,18.23,highway,6.4,55.3,72.6,0.03,42.0,clear,small_ev,24,140,1400,unladen,2.3,1402.3,7.778,426.8
2708,25.34,arterial,19.2,6.8,42.2,0.643,33.5,clear,large_ev,75,190,2400,half_load,354.2,2754.2,14.102,556.5
2709,81.6,highway,93.7,4.4,77.8,0.159,34.0,clear,mid_ev,40,160,1900,full_load,423.5,2323.5,43.111,528.3
2710,2.15,city,16.4,1.7,19.5,0.399,36.0,clear,mid_ev,40,160,1900,half_load,210.5,2110.5,0.923,429.2
2712,10.0,highway,11.0,70.9,104.5,0.321,34.0,clear,small_ev,24,140,1400,full_load,298.4,1698.4,7.786,778.6
2713,4.33,arterial,0.7,36.6,41.5,0.173,32.5,clear,small_ev,24,140,1400,half_load,146.9,1546.9,0.937,216.5
2715,168.36,highway,20.8,14.6,87.4,0.096,32.0,heavy_rain,large_ev,75,190,2400,unladen,2.0,2402.0,130.95,777.8
2717,40.94,highway,19.1,14.6,70.3,0.356,31.1,clear,large_ev,75,190,2400,unladen,37.3,2437.3,19.756,482.6
2719,16.72,arterial,2.5,4.2,49.2,0.138,35.4,clear,large_ev,75,190,2400,full_load,596.3,2996.3,6.607,395.3
2720,25.83,arterial,19.5,8.7,43.7,0.706,31.9,clear,large_ev,75,190,2400,unladen,28.6,2428.6,14.094,545.6
2722,27.98,arterial,25.9,0.1,51.6,0.224,23.6,clear,small_ev,24,140,1400,unladen,14.0,1414.0,6.805,243.2
2723,20.88,arterial,15.1,19.0,47.2,0.416,22.3,clear,small_ev,24,140,1400,half_load,158.5,1558.5,5.693,272.7
2724,13.72,arterial,19.8,18.7,39.2,0.56,36.6,clear,mid_ev,40,160,1900,full_load,410.6,2310.6,6.051,441.2
2726,7.63,arterial,25.8,3.6,50.6,0.408,35.6,rain,small_ev,24,140,1400,unladen,2.7,1402.7,2.664,349.4
2727,1.17,city,0.7,26.3,24.0,0.576,42.0,clear,large_ev,75,190,2400,unladen,5.3,2405.3,0.873,747.8
2728,22.47,arterial,6.6,4.0,36.4,0.443,21.2,clear,small_ev,24,140,1400,half_load,176.2,1576.2,5.404,240.5
2729,29.97,city,22.9,5.0,14.3,0.617,34.7,clear,small_ev,24,140,1400,half_load,154.2,1554.2,11.521,384.4
2730,64.77,highway,16.0,38.9,57.0,0.02,24.7,clear,large_ev,75,190,2400,full_load,564.4,2964.4,22.37,345.4
2732,33.15,highway,73.7,0.1,84.8,0.003,26.3,rain,small_ev,24,140,1400,full_load,281.5,1681.5,16.053,484.2
2733,128.88,highway,12.8,12.7,71.8,0.152,37.1,heavy_rain,mid_ev,40,160,1900,unladen,22.2,1922.2,65.987,512.0
2734,14.98,arterial,37.4,43.9,33.0,0.343,29.9,rain,small_ev,24,140,1400,full_load,258.6,1658.6,3.469,231.5
2735,69.84,highway,84.4,20.7,62.7,0.282,33.6,clear,large_ev,75,190,2400,half_load,285.5,2685.5,34.186,489.5
2736,14.52,city,11.9,0.2,21.8,0.582,35.5,clear,mid_ev,40,160,1900,half_load,225.2,2125.2,7.933,546.5
2739,2.53,city,31.8,4.5,22.4,0.825,35.4,clear,small_ev,24,140,1400,half_load,155.9,1555.9,1.469,580.4
2740,151.35,highway,13.0,23.7,85.8,0.052,20.0,clear,small_ev,24,140,1400,full_load,299.9,1699.9,69.57,459.7
2741,91.53,highway,2.6,27.5,82.6,0.073,41.5,clear,mid_ev,40,160,1900,half_load,190.1,2090.1,56.843,621.0
2742,14.46,arterial,31.3,4.7,56.5,0.372,40.0,clear,small_ev,24,140,1400,full_load,263.5,1663.5,5.89,407.5
2744,7.98,arterial,11.4,3.7,38.4,0.61,31.7,clear,large_ev,75,190,2400,half_load,340.1,2740.1,4.281,536.5
2745,37.08,arterial,16.8,10.9,47.1,0.376,31.6,clear,large_ev,75,190,2400,unladen,58.7,2458.7,15.619,421.2
2746,109.99,highway,22.3,25.2,94.6,0.272,30.4,rain,small_ev,24,140,1400,full_load,261.8,1661.8,74.348,676.0
2747,5.76,city,1.8,4.4,16.2,0.272,25.6,clear,large_ev,75,190,2400,unladen,45.1,2445.1,1.859,322.4
2748,4.49,city,8.1,2.6,26.4,0.555,20.0,rain,large_ev,75,190,2400,unladen,15.2,2415.2,2.583,575.9
2749,12.0,city,6.2,17.2,34.1,0.807,27.1,clear,mid_ev,40,160,1900,unladen,35.9,1935.9,8.157,679.9
2751,6.65,city,1.1,5.8,24.3,0.536,27.2,clear,small_ev,24,140,1400,unladen,13.3,1413.3,2.204,331.6
2752,2.48,city,5.7,26.0,18.8,0.933,37.0,rain,mid_ev,40,160,1900,full_load,408.8,2308.8,2.31,930.2
2753,15.61,arterial,1.1,6.8,36.0,0.565,20.9,clear,large_ev,75,190,2400,unladen,55.3,2455.3,6.486,415.5
2754,14.03,city,13.0,10.5,32.1,0.596,29.6,clear,small_ev,24,140,1400,half_load,171.7,1571.7,6.262,446.2
2756,4.77,city,2.0,4.2,17.9,0.299,26.0,rain,mid_ev,40,160,1900,full_load,386.1,2286.1,1.571,329.6
2757,68.7,highway,54.0,21.8,84.7,0.041,33.5,clear,large_ev,75,190,2400,unladen,0.6,2400.6,48.201,701.6
2758,7.66,city,5.7,2.1,10.3,0.663,34.9,rain,large_ev,75,190,2400,full_load,565.2,2965.2,6.633,866.3
2759,19.33,highway,16.6,21.3,92.7,0.232,35.2,clear,mid_ev,40,160,1900,half_load,196.8,2096.8,13.933,720.8
2760,49.11,arterial,27.6,2.5,40.9,0.385,23.3,clear,small_ev,24,140,1400,half_load,132.6,1532.6,11.981,244.0
2761,19.12,arterial,6.3,20.0,48.3,0.354,30.6,clear,large_ev,75,190,2400,full_load,568.8,2968.8,8.886,464.7
2763,14.31,city,3.7,9.8,24.2,0.136,25.7,clear,mid_ev,40,160,1900,half_load,209.2,2109.2,2.717,189.9
2764,28.87,highway,76.6,20.9,79.8,0.314,37.1,clear,small_ev,24,140,1400,full_load,267.0,1667.0,15.211,526.9
2765,61.34,arterial,0.5,0.5,46.4,0.015,24.0,clear,small_ev,24,140,1400,half_load,128.3,1528.3,10.156,165.6
2767,1.4,city,16.5,8.0,17.7,0.808,29.7,clear,large_ev,75,190,2400,unladen,57.6,2457.6,1.076,767.8
2768,99.03,highway,58.9,53.7,91.2,0.376,35.7,heavy_rain,large_ev,75,190,2400,unladen,2.4,2402.4,94.446,953.7
2771,7.31,arterial,8.0,3.2,52.6,0.139,24.4,clear,mid_ev,40,160,1900,half_load,229.5,2129.5,2.081,284.8
2772,28.16,arterial,10.0,6.9,37.0,0.688,32.6,clear,large_ev,75,190,2400,unladen,51.6,2451.6,14.653,520.3
2775,84.44,highway,105.6,21.8,82.7,0.059,29.9,clear,small_ev,24,140,1400,full_load,294.4,1694.4,38.814,459.7
2776,39.65,highway,16.9,31.6,89.8,0.04,37.4,clear,mid_ev,40,160,1900,half_load,223.0,2123.0,28.588,721.0
2777,10.03,city,4.7,12.1,30.9,0.45,27.3,clear,large_ev,75,190,2400,unladen,38.8,2438.8,5.037,502.0
2778,38.11,arterial,49.7,45.7,37.3,0.453,33.2,clear,large_ev,75,190,2400,full_load,586.8,2986.8,17.441,457.6
2780,87.69,highway,7.8,27.0,83.5,0.434,39.4,clear,large_ev,75,190,2400,half_load,347.3,2747.3,71.097,810.8
2781,9.35,city,7.3,3.3,28.5,0.656,34.1,clear,small_ev,24,140,1400,full_load,274.0,1674.0,4.669,499.3
2782,20.3,arterial,29.6,0.3,50.0,0.625,28.3,rain,small_ev,24,140,1400,half_load,131.3,1531.3,8.201,403.9
2783,44.28,arterial,0.7,6.6,41.2,0.341,24.3,clear,large_ev,75,190,2400,half_load,335.8,2735.8,16.579,374.4
2784,66.42,highway,24.2,13.8,89.4,0.049,34.2,clear,mid_ev,40,160,1900,unladen,12.9,1912.9,40.617,611.6
2785,33.53,arterial,11.2,2.3,51.4,0.033,26.9,heavy_rain,small_ev,24,140,1400,half_load,134.6,1534.6,7.406,220.8
2786,123.65,highway,9.9,34.0,81.7,0.346,21.3,clear,small_ev,24,140,1400,full_load,262.4,1662.4,56.611,457.8
2788,9.27,city,6.1,21.4,17.8,0.668,22.8,clear,small_ev,24,140,1400,half_load,122.1,1522.1,3.724,401.7
2789,240.26,highway,46.5,3.0,89.5,0.144,28.0,clear,small_ev,24,140,1400,half_load,177.6,1577.6,122.006,507.8
2790,7.09,city,3.0,3.6,22.1,0.416,34.9,clear,mid_ev,40,160,1900,full_load,389.0,2289.0,3.247,458.1
2791,4.2,arterial,62.7,19.6,39.0,0.107,28.5,clear,small_ev,24,140,1400,half_load,162.7,1562.7,0.93,221.2
2792,35.39,arterial,3.2,12.6,38.3,0.127,26.0,clear,mid_ev,40,160,1900,unladen,7.2,1907.2,6.845,193.4
2793,13.0,arterial,2.3,3.4,36.1,0.122,26.6,heavy_rain,large_ev,75,190,2400,unladen,31.2,2431.2,3.287,252.9
2794,40.6,highway,32.7,6.0,71.2,0.15,29.9,clear,small_ev,24,140,1400,half_load,146.2,1546.2,15.284,376.5
2796,4.84,city,11.0,7.1,26.2,0.802,35.0,heavy_rain,small_ev,24,140,1400,unladen,25.6,1425.6,2.779,574.5
2797,21.64,highway,106.4,61.4,91.3,0.153,27.4,clear,mid_ev,40,160,1900,half_load,189.3,2089.3,13.994,646.7
2800,62.33,highway,8.0,56.6,88.3,0.342,34.7,clear,mid_ev,40,160,1900,half_load,195.2,2095.2,43.129,691.9
2801,10.2,city,17.4,10.4,5.0,0.247,22.2,rain,small_ev,24,140,1400,half_load,140.7,1540.7,1.867,183.1
2802,12.68,highway,39.6,2.2,70.3,0.427,30.0,clear,large_ev,75,190,2400,unladen,59.4,2459.4,7.206,568.3
2804,4.62,city,1.2,12.7,28.9,0.599,36.8,rain,small_ev,24,140,1400,half_load,131.1,1531.1,2.142,463.9
2805,107.75,highway,16.9,25.3,82.4,0.356,30.8,clear,large_ev,75,190,2400,half_load,285.2,2685.2,76.988,714.5
2806,14.19,arterial,66.2,27.8,61.2,0.066,31.0,clear,mid_ev,40,160,1900,unladen,21.3,1921.3,5.189,365.8
2808,1.97,city,2.7,4.3,26.8,0.595,32.5,clear,large_ev,75,190,2400,full_load,561.4,2961.4,1.463,743.3
2809,15.71,city,7.1,1.4,24.0,0.82,32.9,heavy_rain,small_ev,24,140,1400,full_load,283.3,1683.3,9.86,627.8
2810,24.0,highway,17.7,14.3,86.0,0.551,31.4,heavy_rain,small_ev,24,140,1400,half_load,176.8,1576.8,14.901,620.9
2811,18.3,arterial,89.3,22.1,41.7,0.282,26.1,heavy_rain,large_ev,75,190,2400,full_load,522.1,2922.1,8.234,450.0
2812,39.43,arterial,16.3,15.4,39.1,0.427,25.4,clear,small_ev,24,140,1400,half_load,175.5,1575.5,9.977,253.1
2813,5.26,city,0.7,16.9,18.4,0.5,34.2,clear,small_ev,24,140,1400,half_load,156.0,1556.0,1.868,355.3
2814,8.62,arterial,3.6,2.4,38.7,0.189,27.1,rain,mid_ev,40,160,1900,full_load,400.4,2300.4,2.172,252.0
2815,69.63,highway,13.6,94.9,100.9,0.181,26.2,clear,large_ev,75,190,2400,full_load,526.4,2926.4,60.02,862.0
2816,2.37,city,0.3,8.9,19.6,0.467,29.0,clear,small_ev,24,140,1400,full_load,275.1,1675.1,0.871,367.0
2818,39.22,highway,46.0,34.2,82.2,0.006,21.5,clear,small_ev,24,140,1400,unladen,26.0,1426.0,16.819,428.8
2819,23.67,highway,177.5,39.7,80.5,0.229,22.5,clear,small_ev,24,140,1400,full_load,271.4,1671.4,11.147,470.9
2820,9.29,arterial,38.2,1.9,42.7,0.741,37.5,clear,mid_ev,40,160,1900,unladen,38.1,1938.1,4.799,516.8
2822,37.5,highway,18.5,11.6,85.4,0.348,23.8,clear,small_ev,24,140,1400,unladen,10.4,1410.4,17.598,469.2
2823,28.09,arterial,5.9,8.0,49.8,0.203,33.6,clear,mid_ev,40,160,1900,half_load,256.0,2156.0,8.957,318.9
2824,101.43,highway,107.5,47.0,88.2,0.365,25.9,rain,large_ev,75,190,2400,full_load,596.3,2996.3,84.695,835.0
2825,13.14,arterial,60.0,8.3,39.2,0.555,32.9,rain,large_ev,75,190,2400,half_load,299.9,2699.9,7.002,533.0
2826,17.23,arterial,39.9,27.5,40.7,0.363,34.3,clear,small_ev,24,140,1400,half_load,144.2,1544.2,4.83,280.4
2827,6.06,city,22.6,3.0,33.2,0.251,31.2,clear,mid_ev,40,160,1900,unladen,36.1,1936.1,1.903,313.8
2828,5.04,city,12.8,2.7,28.5,0.523,26.7,rain,large_ev,75,190,2400,unladen,30.6,2430.6,3.145,623.9
2829,26.21,arterial,20.7,3.1,42.7,0.099,20.0,clear,mid_ev,40,160,1900,half_load,247.9,2147.9,5.695,217.3
2830,10.81,arterial,26.3,18.4,36.6,0.113,42.0,clear,large_ev,75,190,2400,unladen,5.7,2405.7,3.103,287.0
2831,11.53,city,9.4,9.9,20.7,0.653,26.7,clear,mid_ev,40,160,1900,half_load,267.4,2167.4,6.429,557.7
2832,13.13,city,8.8,3.2,23.8,0.401,28.9,rain,large_ev,75,190,2400,half_load,277.2,2677.2,6.96,530.1
2833,38.83,highway,3.7,11.5,65.0,0.201,34.6,clear,small_ev,24,140,1400,full_load,294.9,1694.9,14.148,364.4
2834,33.59,highway,57.8,0.4,100.3,0.17,37.6,clear,mid_ev,40,160,1900,unladen,32.1,1932.1,27.416,816.1
2836,100.14,highway,30.3,11.4,92.0,0.024,34.0,clear,small_ev,24,140,1400,unladen,20.9,1420.9,56.568,564.9
2837,50.81,arterial,30.8,0.2,30.6,0.484,35.8,clear,large_ev,75,190,2400,full_load,562.4,2962.4,22.711,447.0
2838,4.77,arterial,18.7,7.4,42.7,0.43,37.6,clear,large_ev,75,190,2400,full_load,547.7,2947.7,2.589,542.2
2839,12.44,arterial,14.5,5.5,43.4,0.349,32.3,clear,mid_ev,40,160,1900,half_load,196.6,2096.6,3.996,321.3
2840,64.27,highway,29.8,63.5,79.6,0.243,23.7,clear,mid_ev,40,160,1900,full_load,409.8,2309.8,33.108,515.1
2842,16.12,arterial,20.6,41.0,54.6,0.073,28.2,clear,small_ev,24,140,1400,full_load,283.0,1683.0,3.97,246.3
2844,7.45,arterial,7.2,5.2,37.2,0.563,33.0,clear,small_ev,24,140,1400,full_load,278.6,1678.6,2.286,306.9
2846,9.51,arterial,14.9,3.9,38.4,0.454,38.6,clear,large_ev,75,190,2400,unladen,59.3,2459.3,4.413,464.0
2847,45.75,highway,12.8,10.8,96.2,0.025,31.5,clear,mid_ev,40,160,1900,full_load,415.7,2315.7,31.941,698.1
2848,107.24,highway,23.2,8.0,78.5,0.295,26.0,heavy_rain,mid_ev,40,160,1900,full_load,447.4,2347.4,63.518,592.3
2849,117.91,highway,69.5,32.2,98.1,0.045,27.0,clear,mid_ev,40,160,1900,half_load,256.5,2156.5,85.942,728.9
2850,17.69,arterial,21.3,21.5,40.5,0.253,37.3,clear,small_ev,24,140,1400,half_load,157.2,1557.2,4.28,242.0
2851,101.72,highway,48.3,4.8,82.2,0.085,27.3,heavy_rain,mid_ev,40,160,1900,unladen,18.3,1918.3,59.052,580.5
2853,28.68,arterial,13.1,28.8,42.9,0.456,30.1,clear,large_ev,75,190,2400,full_load,552.3,2952.3,14.132,492.7
2854,5.4,city,8.0,1.6,19.4,0.577,25.6,heavy_rain,large_ev,75,190,2400,full_load,577.6,2977.6,3.84,710.6
2855,35.06,highway,1.6,196.4,100.0,0.067,25.7,rain,large_ev,75,190,2400,half_load,335.6,2735.6,29.965,854.6
2856,5.8,city,1.1,5.6,27.9,0.042,42.0,clear,large_ev,75,190,2400,half_load,287.2,2687.2,1.239,213.7
2857,33.64,arterial,8.4,5.1,54.4,0.412,29.5,clear,small_ev,24,140,1400,unladen,8.3,1408.3,10.601,315.1
2858,9.08,city,0.3,8.6,12.4,0.719,35.6,rain,small_ev,24,140,1400,full_load,269.2,1669.2,4.747,522.7
2859,5.2,city,1.1,26.1,24.0,0.601,30.9,clear,large_ev,75,190,2400,full_load,585.2,2985.2,3.821,734.9
2860,4.21,arterial,0.8,58.1,42.4,0.324,25.8,clear,small_ev,24,140,1400,unladen,15.7,1415.7,0.884,210.1
2861,11.82,city,11.1,0.8,27.5,0.758,37.6,clear,large_ev,75,190,2400,half_load,243.6,2643.6,10.985,929.4
2862,24.23,arterial,29.2,17.6,54.4,0.184,37.6,clear,mid_ev,40,160,1900,unladen,18.2,1918.2,8.69,358.7
2864,34.94,arterial,20.3,2.7,32.2,0.213,34.0,clear,small_ev,24,140,1400,full_load,266.1,1666.1,6.527,186.8
2865,16.87,city,19.6,0.2,20.2,0.535,29.1,clear,mid_ev,40,160,1900,unladen,32.2,1932.2,7.5,444.5
2868,17.6,city,18.6,4.1,23.0,0.692,33.2,heavy_rain,small_ev,24,140,1400,full_load,269.6,1669.6,9.401,534.1
2869,3.11,city,3.1,1.0,22.1,0.314,37.1,clear,small_ev,24,140,1400,full_load,269.5,1669.5,0.9,289.1
2870,103.39,highway,97.2,30.1,90.2,0.087,25.9,clear,mid_ev,40,160,1900,half_load,265.8,2165.8,65.376,632.3
2871,84.12,highway,46.5,6.5,79.9,0.129,31.3,clear,small_ev,24,140,1400,full_load,284.0,1684.0,39.633,471.1
2872,11.18,city,5.5,14.6,24.1,0.557,28.8,heavy_rain,mid_ev,40,160,1900,unladen,12.2,1912.2,5.568,498.1
2873,97.65,highway,16.1,11.7,79.5,0.109,36.7,rain,small_ev,24,140,1400,unladen,17.8,1417.8,45.158,462.5
2875,31.17,arterial,1.9,2.5,42.6,0.348,36.4,clear,mid_ev,40,160,1900,full_load,413.3,2313.3,11.839,379.8
2877,16.03,city,1.7,0.2,20.5,0.284,28.8,clear,small_ev,24,140,1400,half_load,129.8,1529.8,3.456,215.5
2878,13.35,arterial,18.3,1.7,46.6,0.23,35.2,heavy_rain,small_ev,24,140,1400,full_load,257.3,1657.3,4.063,304.4
2879,44.88,highway,62.2,9.1,91.4,0.053,28.4,clear,small_ev,24,140,1400,half_load,139.0,1539.0,22.403,499.2
2880,8.43,city,4.2,15.2,31.5,0.475,32.5,clear,mid_ev,40,160,1900,half_load,239.3,2139.3,4.162,493.6
2881,11.85,arterial,12.8,8.7,32.8,0.333,29.4,rain,large_ev,75,190,2400,half_load,275.2,2675.2,4.013,338.7
2882,9.36,city,5.4,3.1,22.6,0.625,28.7,rain,mid_ev,40,160,1900,full_load,406.9,2306.9,5.545,592.4
2884,16.28,arterial,16.5,2.3,61.8,0.446,35.9,rain,mid_ev,40,160,1900,unladen,2.6,1902.6,8.39,515.4
2885,2.61,city,10.7,10.7,30.8,0.437,37.0,clear,large_ev,75,190,2400,half_load,349.5,2749.5,1.632,624.4
2887,8.14,arterial,19.2,9.4,56.2,0.113,35.5,clear,small_ev,24,140,1400,full_load,262.5,1662.5,2.408,296.0
2888,86.8,highway,17.3,13.7,84.8,0.278,38.4,rain,mid_ev,40,160,1900,full_load,428.0,2328.0,61.749,711.4
2890,3.84,arterial,2.2,17.5,50.0,0.869,29.8,clear,small_ev,24,140,1400,full_load,256.2,1656.2,1.718,447.2
2891,18.41,arterial,13.6,10.5,32.0,0.248,20.0,rain,small_ev,24,140,1400,unladen,22.9,1422.9,2.945,160.0
2892,16.46,arterial,23.7,24.4,41.4,0.122,20.0,rain,small_ev,24,140,1400,full_load,268.7,1668.7,2.992,181.8
2893,14.35,arterial,20.1,16.9,41.9,0.219,25.0,rain,small_ev,24,140,1400,half_load,143.2,1543.2,3.321,231.4
2894,7.84,city,2.3,10.1,18.8,0.57,30.3,rain,small_ev,24,140,1400,unladen,24.2,1424.2,2.758,351.6
2895,7.91,city,6.8,15.4,25.2,0.704,32.9,clear,mid_ev,40,160,1900,unladen,41.7,1941.7,4.632,585.9
2896,31.01,highway,16.2,44.9,73.2,0.338,26.0,clear,large_ev,75,190,2400,full_load,536.9,2936.9,16.878,544.3
2897,41.22,highway,64.1,49.5,82.8,0.045,36.9,clear,mid_ev,40,160,1900,full_load,402.4,2302.4,25.053,607.8
2898,47.49,highway,83.8,92.6,102.3,0.336,30.0,clear,large_ev,75,190,2400,unladen,32.2,2432.2,49.423,1040.8
2900,4.18,city,38.8,30.5,8.7,0.642,32.2,clear,large_ev,75,190,2400,half_load,280.3,2680.3,3.063,732.1
2901,31.82,arterial,3.8,2.6,48.4,0.063,25.0,rain,small_ev,24,140,1400,full_load,291.7,1691.7,5.995,188.4
2902,16.96,city,6.3,2.1,20.4,0.254,28.6,rain,large_ev,75,190,2400,full_load,550.4,2950.4,6.685,394.2
2903,15.88,arterial,8.7,8.0,35.9,0.236,28.5,clear,mid_ev,40,160,1900,full_load,424.9,2324.9,4.171,262.7
2905,3.91,city,2.5,5.4,20.3,0.612,26.9,clear,large_ev,75,190,2400,unladen,44.5,2444.5,2.358,602.4
2907,23.68,arterial,3.9,11.9,55.2,0.237,33.7,clear,small_ev,24,140,1400,full_load,272.3,1672.3,7.6,320.9
2908,26.54,arterial,37.3,0.4,43.2,0.32,35.3,rain,small_ev,24,140,1400,half_load,170.9,1570.9,7.371,277.7
2909,15.83,arterial,21.1,25.4,52.5,0.067,25.1,clear,small_ev,24,140,1400,half_load,150.7,1550.7,3.378,213.4
2910,48.59,highway,13.2,19.2,106.5,0.084,32.2,clear,large_ev,75,190,2400,unladen,48.1,2448.1,48.979,1007.9
2911,6.23,city,15.3,0.7,23.3,0.663,33.8,clear,large_ev,75,190,2400,half_load,242.0,2642.0,4.84,776.4
2913,10.0,highway,44.6,27.2,83.2,0.096,30.1,clear,mid_ev,40,160,1900,half_load,219.4,2119.4,5.633,563.3
2914,80.74,highway,31.3,75.4,81.7,0.037,27.9,clear,mid_ev,40,160,1900,half_load,255.9,2155.9,38.884,481.6
2916,10.0,highway,63.0,80.4,83.6,0.276,36.4,clear,large_ev,75,190,2400,unladen,41.5,2441.5,7.306,730.6
2917,1.48,city,1.0,19.2,28.4,0.884,20.4,rain,large_ev,75,190,2400,full_load,557.3,2957.3,1.545,1040.8
2918,5.91,city,17.9,16.2,17.9,0.51,24.3,clear,mid_ev,40,160,1900,full_load,438.8,2338.8,2.918,493.4
2920,8.45,city,4.7,3.9,12.9,0.333,30.2,clear,large_ev,75,190,2400,unladen,15.6,2415.6,3.08,364.6
2921,12.65,arterial,11.2,16.8,30.1,0.286,26.3,clear,large_ev,75,190,2400,full_load,565.6,2965.6,3.872,306.2
2923,15.65,city,10.9,14.9,27.6,0.61,32.7,clear,large_ev,75,190,2400,full_load,515.2,2915.2,12.01,767.3
2924,66.52,highway,8.8,48.4,95.2,0.297,38.2,clear,small_ev,24,140,1400,unladen,26.6,1426.6,44.224,664.8
2925,107.68,highway,112.5,21.8,94.6,0.268,42.0,rain,large_ev,75,190,2400,unladen,46.8,2446.8,114.909,1067.1
2926,12.35,city,4.1,8.1,24.1,0.579,23.8,clear,small_ev,24,140,1400,half_load,144.3,1544.3,4.399,356.3
2927,2.48,city,14.0,8.1,27.4,0.608,27.9,clear,mid_ev,40,160,1900,half_load,214.2,2114.2,1.388,558.8
2928,34.05,highway,44.5,11.8,87.1,0.079,35.9,rain,mid_ev,40,160,1900,full_load,390.4,2290.4,22.906,672.8
2929,16.71,arterial,42.1,17.3,44.4,0.472,26.8,rain,mid_ev,40,160,1900,half_load,204.7,2104.7,6.625,396.4
2930,19.4,arterial,18.7,45.8,37.2,0.175,32.2,rain,large_ev,75,190,2400,half_load,267.1,2667.1,5.584,287.9
2931,77.04,highway,32.3,102.8,87.2,0.31,33.1,clear,small_ev,24,140,1400,half_load,128.6,1528.6,41.836,543.1
2932,18.29,arterial,5.6,0.2,45.3,0.295,35.5,heavy_rain,large_ev,75,190,2400,full_load,554.8,2954.8,8.895,486.4
2933,54.43,highway,17.4,5.5,85.1,0.157,25.5,clear,large_ev,75,190,2400,unladen,21.7,2421.7,34.378,631.6
2934,101.75,highway,44.0,48.2,86.0,0.363,20.8,clear,small_ev,24,140,1400,full_load,298.2,1698.2,53.585,526.6
2935,11.28,city,4.8,7.7,26.2,0.155,36.8,clear,mid_ev,40,160,1900,half_load,191.3,2091.3,2.693,238.7
2936,8.32,arterial,5.4,6.8,55.5,0.537,26.6,clear,large_ev,75,190,2400,full_load,543.1,2943.1,4.846,582.2
2937,44.59,arterial,38.6,15.8,36.7,0.569,34.2,clear,small_ev,24,140,1400,unladen,5.4,1405.4,12.7,284.8
2938,12.54,arterial,21.3,20.6,51.8,0.657,32.4,clear,small_ev,24,140,1400,half_load,179.2,1579.2,4.975,396.6
2939,34.83,arterial,13.5,7.5,35.3,0.204,28.9,clear,large_ev,75,190,2400,full_load,562.8,2962.8,10.727,308.0
2940,2.19,city,10.0,14.5,28.5,0.125,20.0,clear,small_ev,24,140,1400,full_load,270.8,1670.8,0.38,173.4
2941,52.16,arterial,29.0,33.4,62.1,0.31,35.0,rain,small_ev,24,140,1400,unladen,1.2,1401.2,20.05,384.4
2942,100.0,highway,15.3,55.2,93.7,0.32,28.1,rain,mid_ev,40,160,1900,full_load,405.7,2305.7,76.03,760.3
2943,101.14,highway,3.7,12.5,82.4,0.12,39.0,clear,small_ev,24,140,1400,half_load,143.3,1543.3,52.904,523.1
2944,21.21,arterial,22.5,34.0,47.7,0.412,32.6,clear,small_ev,24,140,1400,full_load,286.1,1686.1,7.052,332.5
2945,17.92,arterial,62.1,9.1,38.5,0.494,28.0,clear,small_ev,24,140,1400,unladen,7.7,1407.7,4.676,261.0
2946,67.95,highway,122.7,3.5,87.5,0.059,33.7,clear,mid_ev,40,160,1900,unladen,12.5,1912.5,39.993,588.6
2948,26.65,arterial,24.2,15.0,48.2,0.243,28.2,rain,large_ev,75,190,2400,full_load,589.9,2989.9,10.657,399.9
2949,5.78,arterial,32.1,28.3,34.1,0.273,30.1,clear,large_ev,75,190,2400,half_load,333.0,2733.0,1.937,335.2
2950,41.76,highway,1.1,10.6,89.5,0.395,30.2,clear,small_ev,24,140,1400,full_load,298.6,1698.6,24.177,578.9
2951,10.0,highway,1.9,58.0,99.9,0.392,25.8,clear,small_ev,24,140,1400,half_load,134.7,1534.7,6.712,671.2
2952,3.52,city,2.0,7.2,16.7,0.681,33.9,clear,mid_ev,40,160,1900,full_load,427.8,2327.8,2.176,618.3
2953,60.47,highway,16.4,21.1,93.7,0.177,30.7,clear,small_ev,24,140,1400,half_load,163.5,1563.5,35.371,584.9
2954,6.98,city,7.5,3.8,22.8,0.677,40.9,clear,small_ev,24,140,1400,full_load,289.9,1689.9,3.834,549.2
2955,12.51,arterial,21.4,86.4,46.9,0.432,30.5,rain,mid_ev,40,160,1900,unladen,3.8,1903.8,4.574,365.5
2958,24.66,highway,57.9,15.7,77.0,0.055,22.4,clear,large_ev,75,190,2400,unladen,36.8,2436.8,13.544,549.1
2962,10.39,arterial,11.3,17.0,46.0,0.457,29.1,rain,large_ev,75,190,2400,unladen,12.9,2412.9,4.772,459.2
2965,11.22,city,6.1,1.5,31.4,0.14,30.4,clear,mid_ev,40,160,1900,unladen,5.8,1905.8,2.408,214.5
2967,23.64,arterial,13.2,21.2,42.1,0.167,29.2,clear,small_ev,24,140,1400,full_load,291.2,1691.2,4.79,202.6
2968,39.11,arterial,12.1,33.9,43.9,0.434,40.3,clear,large_ev,75,190,2400,half_load,268.0,2668.0,20.661,528.3
2969,79.39,highway,70.7,41.4,93.3,0.024,36.9,clear,small_ev,24,140,1400,unladen,26.8,1426.8,45.151,568.7
2970,86.67,highway,46.9,107.6,82.2,0.366,36.8,clear,mid_ev,40,160,1900,full_load,425.5,2325.5,58.112,670.5
2972,26.47,arterial,9.7,1.4,46.7,0.139,36.3,clear,mid_ev,40,160,1900,half_load,181.9,2081.9,7.41,279.9
2973,10.59,city,23.2,16.9,18.7,0.933,20.0,clear,large_ev,75,190,2400,full_load,529.8,2929.8,10.381,980.1
2974,50.24,highway,6.6,27.2,72.8,0.26,34.8,rain,mid_ev,40,160,1900,unladen,15.0,1915.0,23.536,468.5
2975,68.96,highway,22.4,16.2,82.6,0.308,36.9,clear,mid_ev,40,160,1900,half_load,205.1,2105.1,44.376,643.5
2976,2.15,arterial,17.5,4.0,49.9,0.344,26.9,rain,small_ev,24,140,1400,full_load,266.3,1666.3,0.738,343.2
2977,32.89,arterial,10.8,9.4,50.2,0.393,30.6,clear,small_ev,24,140,1400,half_load,138.7,1538.7,10.734,326.3
2979,16.45,arterial,44.5,1.3,46.8,0.835,35.8,clear,small_ev,24,140,1400,half_load,136.8,1536.8,7.292,443.4
2980,115.51,highway,42.4,8.0,95.7,0.134,25.0,clear,small_ev,24,140,1400,full_load,260.7,1660.7,68.008,588.7
2982,7.56,city,2.1,4.8,10.6,0.6,38.0,rain,mid_ev,40,160,1900,half_load,235.9,2135.9,4.342,574.2
2983,34.59,highway,10.1,21.6,83.8,0.05,32.7,clear,small_ev,24,140,1400,half_load,168.1,1568.1,16.063,464.4
2984,27.66,arterial,3.4,21.4,53.8,0.255,33.9,clear,large_ev,75,190,2400,unladen,43.8,2443.8,12.109,437.8
2986,11.75,arterial,3.3,3.6,46.9,0.201,35.1,clear,mid_ev,40,160,1900,unladen,41.8,1941.8,3.497,297.7
2987,68.63,highway,51.8,36.3,90.2,0.142,23.0,clear,large_ev,75,190,2400,half_load,269.4,2669.4,49.384,719.5
2988,135.71,highway,17.5,8.0,97.1,0.119,30.0,clear,small_ev,24,140,1400,half_load,163.8,1563.8,83.391,614.5
2990,45.92,highway,61.2,27.2,78.3,0.002,26.8,clear,small_ev,24,140,1400,half_load,147.0,1547.0,18.44,401.6
2991,2.8,city,11.2,12.7,23.2,0.489,40.2,clear,small_ev,24,140,1400,half_load,177.9,1577.9,1.145,408.5
2992,13.62,city,0.2,4.5,23.8,0.353,34.3,clear,small_ev,24,140,1400,unladen,28.8,1428.8,3.423,251.2
2993,1.63,city,1.2,10.2,18.6,0.359,30.4,clear,small_ev,24,140,1400,half_load,161.5,1561.5,0.411,251.7
2994,3.54,city,2.1,1.3,23.1,0.701,36.5,clear,mid_ev,40,160,1900,half_load,212.1,2112.1,2.401,678.4
2995,135.28,highway,9.5,51.0,76.0,0.291,24.4,clear,small_ev,24,140,1400,unladen,25.0,1425.0,51.887,383.5
2996,3.25,city,1.8,0.0,15.6,0.556,24.4,clear,small_ev,24,140,1400,full_load,288.7,1688.7,1.173,360.6
2998,4.18,arterial,4.9,0.4,32.7,0.379,30.8,clear,mid_ev,40,160,1900,full_load,407.5,2307.5,1.3,310.8
2999,5.16,city,3.6,10.0,28.1,0.872,34.2,clear,small_ev,24,140,1400,unladen,20.1,1420.1,2.812,545.2
3000,16.31,arterial,16.3,9.9,44.4,0.307,41.3,clear,large_ev,75,190,2400,half_load,342.4,2742.4,7.766,476.1
3001,12.72,city,1.0,7.9,27.5,0.229,29.5,clear,large_ev,75,190,2400,half_load,275.6,2675.6,4.248,334.1
3002,8.28,arterial,25.6,20.2,40.4,0.686,23.8,clear,mid_ev,40,160,1900,half_load,240.3,2140.3,3.584,433.1
3004,10.05,arterial,13.9,5.4,38.9,0.101,26.6,clear,mid_ev,40,160,1900,full_load,440.3,2340.3,2.051,204.2
3005,21.57,arterial,14.9,18.7,38.9,0.325,31.9,rain,mid_ev,40,160,1900,unladen,22.6,1922.6,6.248,289.7
3006,87.73,highway,17.5,39.3,82.8,0.266,31.8,rain,large_ev,75,190,2400,unladen,53.7,2453.7,64.455,734.7
3007,25.6,arterial,4.0,21.8,38.4,0.313,26.9,clear,small_ev,24,140,1400,unladen,17.8,1417.8,5.176,202.2
3009,175.25,highway,60.1,13.5,87.0,0.227,27.3,clear,small_ev,24,140,1400,unladen,23.5,1423.5,86.104,491.3
3010,1.9,city,5.6,19.7,20.2,0.322,26.7,rain,small_ev,24,140,1400,full_load,295.0,1695.0,0.532,280.5
3011,1.49,city,2.5,3.0,17.0,0.203,30.7,clear,large_ev,75,190,2400,unladen,52.7,2452.7,0.357,239.1
3014,13.32,city,13.4,17.9,23.1,0.482,25.8,clear,mid_ev,40,160,1900,full_load,408.2,2308.2,6.192,465.0
3015,13.46,arterial,21.0,18.7,24.6,0.14,32.5,heavy_rain,mid_ev,40,160,1900,full_load,382.7,2282.7,2.731,202.8
3017,41.82,highway,16.3,13.0,90.9,0.185,32.0,clear,large_ev,75,190,2400,full_load,598.0,2998.0,34.596,827.3
3018,14.33,arterial,2.0,3.1,28.2,0.621,36.8,clear,mid_ev,40,160,1900,full_load,404.5,2304.5,5.948,415.1
3020,6.28,arterial,4.8,28.5,33.3,0.622,35.0,clear,large_ev,75,190,2400,unladen,8.0,2408.0,2.836,451.6
3021,31.28,highway,19.3,147.1,78.8,0.04,30.1,clear,small_ev,24,140,1400,half_load,155.1,1555.1,13.326,426.0
3022,15.36,arterial,8.7,7.5,32.1,0.137,24.8,clear,mid_ev,40,160,1900,half_load,189.1,2089.1,2.696,175.5
3023,35.56,highway,60.8,15.1,95.5,0.02,20.0,clear,mid_ev,40,160,1900,half_load,268.3,2168.3,22.769,640.4
3024,11.48,arterial,0.6,0.1,40.2,0.148,32.1,heavy_rain,small_ev,24,140,1400,half_load,167.0,1567.0,2.196,191.3
3026,76.34,highway,49.2,27.8,78.1,0.107,35.6,rain,small_ev,24,140,1400,unladen,17.0,1417.0,33.836,443.2
3030,12.86,arterial,4.7,11.7,49.9,0.188,31.6,heavy_rain,mid_ev,40,160,1900,full_load,429.8,2329.8,4.434,344.9
3032,26.44,city,9.7,11.8,20.3,0.636,35.2,clear,mid_ev,40,160,1900,unladen,34.9,1934.9,14.364,543.2
3033,2.76,city,7.9,0.3,17.4,0.385,29.6,clear,large_ev,75,190,2400,half_load,317.0,2717.0,1.316,476.5
3034,64.81,highway,6.1,102.5,74.8,0.028,30.1,clear,mid_ev,40,160,1900,half_load,238.3,2138.3,29.374,453.2
3035,97.36,highway,14.6,17.9,74.0,0.157,27.7,rain,small_ev,24,140,1400,half_load,164.7,1564.7,37.659,386.8
3036,21.99,arterial,5.7,3.7,48.6,0.474,36.7,clear,mid_ev,40,160,1900,unladen,5.7,1905.7,9.018,410.1
3037,46.51,highway,27.2,25.5,89.2,0.021,33.2,clear,small_ev,24,140,1400,unladen,16.1,1416.1,25.103,539.7
3038,124.6,highway,114.6,23.7,77.2,0.313,36.5,clear,small_ev,24,140,1400,full_load,291.2,1691.2,59.476,477.3
3039,17.12,arterial,20.5,3.4,46.5,0.499,37.8,clear,mid_ev,40,160,1900,unladen,18.0,1918.0,7.116,415.7
3040,5.48,arterial,0.4,7.6,35.9,0.736,27.5,clear,mid_ev,40,160,1900,half_load,222.2,2122.2,2.3,420.1
3042,8.97,arterial,6.2,1.9,48.7,0.374,29.4,heavy_rain,mid_ev,40,160,1900,full_load,404.0,2304.0,3.608,402.1
3043,9.84,arterial,16.5,34.0,50.6,0.477,36.4,clear,mid_ev,40,160,1900,half_load,264.0,2164.0,4.542,461.6
3044,10.33,arterial,16.7,5.1,39.1,0.457,28.5,clear,large_ev,75,190,2400,full_load,524.2,2924.2,4.647,449.9
3045,100.4,highway,39.9,38.1,72.4,0.285,26.7,clear,mid_ev,40,160,1900,unladen,3.7,1903.7,44.571,443.9
3047,26.95,arterial,21.2,9.8,38.2,0.615,27.6,clear,small_ev,24,140,1400,full_load,287.8,1687.8,8.448,313.4
3048,19.88,city,1.0,8.8,21.6,0.595,35.0,clear,large_ev,75,190,2400,full_load,534.4,2934.4,14.719,740.5
3049,46.15,highway,41.8,12.4,63.7,0.319,27.0,clear,mid_ev,40,160,1900,half_load,238.8,2138.8,18.811,407.6
3050,73.69,highway,9.6,67.4,110.3,0.352,33.2,clear,small_ev,24,140,1400,unladen,11.7,1411.7,65.52,889.1
3051,3.66,city,18.0,1.4,18.1,0.738,35.4,clear,large_ev,75,190,2400,unladen,32.9,2432.9,2.891,789.5
3052,1.0,city,5.3,11.3,16.5,0.948,29.8,rain,small_ev,24,140,1400,half_load,157.3,1557.3,0.619,618.9
3055,6.1,arterial,46.1,6.5,43.4,0.552,29.4,clear,mid_ev,40,160,1900,unladen,16.8,1916.8,2.558,419.5
3056,39.66,highway,33.3,21.1,101.1,0.199,22.3,clear,large_ev,75,190,2400,half_load,357.8,2757.8,34.873,879.3
3059,18.9,arterial,13.5,7.6,53.2,0.832,35.7,clear,large_ev,75,190,2400,half_load,348.3,2748.3,14.409,762.4
3060,51.13,highway,47.6,33.2,89.2,0.074,30.9,clear,small_ev,24,140,1400,unladen,17.6,1417.6,25.786,504.3
3061,47.77,highway,3.4,25.1,65.2,0.025,32.4,clear,large_ev,75,190,2400,half_load,311.5,2711.5,20.938,438.3
3062,14.11,arterial,16.6,15.9,40.3,0.313,28.8,rain,mid_ev,40,160,1900,unladen,9.9,1909.9,4.045,286.6
3063,11.18,arterial,41.9,7.7,44.8,0.197,29.8,heavy_rain,small_ev,24,140,1400,full_load,297.2,1697.2,3.144,281.2
3064,14.83,city,3.5,12.9,19.4,0.379,38.1,clear,mid_ev,40,160,1900,half_load,222.5,2122.5,5.996,404.4
3065,38.89,arterial,5.7,18.7,44.0,0.33,33.9,heavy_rain,large_ev,75,190,2400,full_load,558.6,2958.6,18.104,465.5
3066,8.26,city,25.5,8.4,27.6,0.73,24.5,clear,small_ev,24,140,1400,unladen,27.7,1427.7,3.596,435.3
3067,48.65,highway,12.3,22.4,78.4,0.574,34.7,heavy_rain,small_ev,24,140,1400,half_load,160.1,1560.1,27.397,563.2
3070,13.91,arterial,39.7,31.0,28.5,0.866,24.8,clear,large_ev,75,190,2400,unladen,53.3,2453.3,7.142,513.5
3071,57.51,highway,25.8,24.1,76.7,0.126,25.9,clear,small_ev,24,140,1400,unladen,21.9,1421.9,22.296,387.7
3072,3.38,city,32.1,1.3,25.1,0.78,28.7,clear,large_ev,75,190,2400,full_load,556.8,2956.8,3.334,986.8
3073,1.71,city,3.9,11.0,14.7,0.525,37.3,clear,small_ev,24,140,1400,unladen,28.8,1428.8,0.619,362.3
3074,23.98,arterial,10.8,5.6,64.6,0.304,34.9,clear,mid_ev,40,160,1900,unladen,32.0,1932.0,11.352,473.5
3075,180.55,highway,22.7,108.9,77.2,0.11,34.4,clear,small_ev,24,140,1400,unladen,23.0,1423.0,78.265,433.5
3076,6.01,arterial,36.4,26.0,39.9,0.43,25.5,heavy_rain,large_ev,75,190,2400,full_load,552.4,2952.4,2.91,484.2
3077,6.8,arterial,15.2,3.6,37.0,0.78,31.9,clear,large_ev,75,190,2400,unladen,46.2,2446.2,3.853,566.7
3078,18.93,highway,13.8,14.3,79.6,0.141,20.2,rain,mid_ev,40,160,1900,unladen,16.1,1916.1,9.722,513.6
3079,6.97,arterial,18.4,41.8,57.3,0.729,20.8,clear,small_ev,24,140,1400,half_load,160.4,1560.4,3.107,445.6
3080,11.02,city,13.2,14.5,19.5,0.782,29.5,clear,small_ev,24,140,1400,unladen,13.5,1413.5,4.931,447.6
3081,42.74,arterial,15.3,4.7,45.5,0.355,35.1,clear,large_ev,75,190,2400,unladen,49.7,2449.7,18.24,426.8
3082,9.39,city,4.0,16.5,25.4,0.466,36.5,clear,small_ev,24,140,1400,half_load,169.0,1569.0,3.203,341.2
3083,38.55,highway,26.7,1.7,91.1,0.165,30.8,clear,small_ev,24,140,1400,unladen,29.8,1429.8,21.093,547.1
3084,4.23,city,4.3,0.0,11.4,0.752,27.5,clear,large_ev,75,190,2400,half_load,269.8,2669.8,3.259,770.3
3085,1.47,city,9.0,19.3,25.9,0.917,27.7,rain,mid_ev,40,160,1900,unladen,23.0,1923.0,0.993,676.7
3086,19.73,arterial,19.6,48.4,39.7,0.311,23.1,rain,mid_ev,40,160,1900,half_load,270.0,2170.0,5.832,295.6
3087,11.83,city,8.2,4.6,12.2,0.921,28.9,clear,small_ev,24,140,1400,unladen,7.9,1407.9,5.707,482.5
3089,16.35,arterial,31.3,6.9,55.1,0.429,33.8,rain,mid_ev,40,160,1900,full_load,406.7,2306.7,8.052,492.5
3090,59.67,highway,12.2,7.8,84.4,0.068,37.5,clear,large_ev,75,190,2400,half_load,302.9,2702.9,42.608,714.1
3091,5.67,city,4.6,15.8,13.2,0.472,28.8,clear,small_ev,24,140,1400,full_load,298.0,1698.0,1.814,320.1
3092,5.93,city,5.6,4.8,17.1,0.264,34.8,clear,small_ev,24,140,1400,half_load,132.2,1532.2,1.292,217.8
3093,6.62,city,4.0,1.4,19.8,0.579,41.1,clear,large_ev,75,190,2400,half_load,317.6,2717.6,5.112,772.3
3094,154.53,highway,72.9,17.6,86.0,0.107,33.7,rain,mid_ev,40,160,1900,unladen,20.4,1920.4,91.83,594.3
3095,25.6,highway,2.5,3.4,79.0,0.263,33.4,rain,mid_ev,40,160,1900,full_load,439.4,2339.4,15.139,591.3
3098,1.0,city,9.6,3.8,26.7,0.17,39.1,clear,mid_ev,40,160,1900,half_load,260.3,2160.3,0.318,317.5
3099,9.89,city,5.9,11.9,19.2,0.72,27.1,clear,small_ev,24,140,1400,full_load,290.3,1690.3,4.592,464.3
3101,3.04,city,3.3,1.4,17.1,0.607,31.0,clear,small_ev,24,140,1400,full_load,286.3,1686.3,1.221,401.2
3102,16.78,arterial,32.2,9.4,40.0,0.551,40.5,rain,small_ev,24,140,1400,full_load,288.2,1688.2,6.48,386.2
3104,10.72,city,1.1,12.7,18.7,0.565,29.8,rain,small_ev,24,140,1400,half_load,148.8,1548.8,3.751,350.0
3106,17.76,city,1.6,40.2,30.2,0.405,36.5,clear,small_ev,24,140,1400,half_load,151.4,1551.4,5.746,323.6
3107,25.62,arterial,3.8,2.0,43.6,0.175,31.3,clear,large_ev,75,190,2400,full_load,530.8,2930.8,8.325,324.9
3108,6.75,city,18.4,6.2,22.6,0.95,31.0,clear,small_ev,24,140,1400,full_load,293.6,1693.6,4.305,637.3
3111,22.83,arterial,4.3,77.0,42.7,0.411,34.8,heavy_rain,small_ev,24,140,1400,full_load,298.6,1698.6,7.863,344.4
3112,21.27,arterial,1.1,23.7,40.0,0.569,28.9,clear,small_ev,24,140,1400,full_load,292.4,1692.4,6.668,313.5
3113,37.92,highway,17.8,32.3,68.0,0.144,37.4,clear,small_ev,24,140,1400,full_load,298.4,1698.4,14.587,384.7
3114,8.4,arterial,33.5,12.2,45.0,0.787,22.4,clear,small_ev,24,140,1400,full_load,297.5,1697.5,3.279,390.5
3115,4.05,city,9.4,3.9,32.6,0.489,24.6,clear,small_ev,24,140,1400,half_load,177.9,1577.9,1.503,370.9
3116,16.6,arterial,41.8,33.2,46.9,0.522,28.0,rain,mid_ev,40,160,1900,half_load,256.9,2156.9,6.935,417.8
3117,3.15,city,0.2,0.8,30.0,0.276,34.6,clear,large_ev,75,190,2400,full_load,557.1,2957.1,1.385,440.3
3118,1.11,city,4.5,24.7,21.2,0.529,22.2,clear,small_ev,24,140,1400,half_load,126.9,1526.9,0.366,328.7
3119,16.24,city,19.6,8.9,23.9,0.832,25.1,clear,large_ev,75,190,2400,half_load,304.6,2704.6,13.85,852.7
3122,35.39,arterial,22.3,0.2,49.6,0.193,35.1,clear,large_ev,75,190,2400,half_load,332.7,2732.7,14.322,404.7
3123,89.11,highway,3.8,49.1,80.2,0.223,33.9,clear,large_ev,75,190,2400,unladen,29.8,2429.8,54.8,615.0
3124,6.64,city,7.9,6.2,13.5,0.43,25.7,clear,small_ev,24,140,1400,full_load,292.9,1692.9,2.015,303.5
3125,113.4,highway,19.5,36.3,98.6,0.194,27.9,heavy_rain,small_ev,24,140,1400,unladen,20.6,1420.6,74.675,658.5
3126,191.97,highway,143.9,9.8,81.7,0.092,27.4,clear,large_ev,75,190,2400,half_load,258.2,2658.2,119.89,624.5
3127,50.28,highway,7.2,16.2,89.5,0.199,28.1,clear,large_ev,75,190,2400,half_load,248.3,2648.3,36.058,717.1
3128,8.58,arterial,1.3,2.4,43.7,0.381,30.7,heavy_rain,large_ev,75,190,2400,unladen,13.9,2413.9,3.651,425.5
3130,141.83,highway,83.0,60.2,79.7,0.351,31.2,clear,mid_ev,40,160,1900,half_load,190.3,2090.3,76.384,538.6
3131,118.78,highway,0.8,9.1,87.1,0.258,35.3,clear,mid_ev,40,160,1900,half_load,228.9,2128.9,77.888,655.7
3132,98.04,highway,8.1,1.0,99.2,0.157,36.2,clear,small_ev,24,140,1400,unladen,27.9,1427.9,67.263,686.0
3133,5.88,city,2.8,0.8,23.6,0.576,26.8,clear,mid_ev,40,160,1900,half_load,244.5,2144.5,2.903,494.1
3134,10.0,arterial,7.5,9.6,44.5,0.606,32.1,clear,small_ev,24,140,1400,unladen,14.5,1414.5,2.938,293.8
3135,14.86,arterial,15.4,66.7,44.1,0.239,31.5,clear,small_ev,24,140,1400,unladen,18.4,1418.4,3.16,212.7
3136,20.34,arterial,8.5,5.5,38.6,0.034,32.2,clear,large_ev,75,190,2400,unladen,1.5,2401.5,4.247,208.8
3138,2.99,city,2.1,11.5,20.8,0.739,22.6,clear,large_ev,75,190,2400,unladen,52.5,2452.5,2.049,686.3
3139,64.77,highway,6.1,87.4,81.3,0.144,33.0,clear,small_ev,24,140,1400,full_load,272.0,1672.0,30.819,475.8
3140,28.61,arterial,29.7,19.3,51.9,0.25,29.5,clear,mid_ev,40,160,1900,unladen,7.7,1907.7,9.079,317.3
3142,166.87,highway,122.1,33.0,80.0,0.118,32.6,clear,mid_ev,40,160,1900,half_load,252.8,2152.8,85.756,513.9
3143,8.03,city,10.8,24.8,22.6,0.447,26.3,rain,mid_ev,40,160,1900,full_load,421.0,2321.0,3.81,474.6
3145,89.15,highway,89.7,95.1,97.4,0.058,29.3,clear,large_ev,75,190,2400,full_load,595.5,2995.5,72.381,811.9
3146,22.71,highway,41.2,162.1,74.1,0.1,32.2,rain,large_ev,75,190,2400,unladen,42.1,2442.1,11.709,515.6
3147,102.18,highway,40.1,5.3,72.4,0.159,33.9,clear,mid_ev,40,160,1900,half_load,247.9,2147.9,48.719,476.8
3149,54.69,highway,19.1,19.8,96.5,0.024,27.7,clear,small_ev,24,140,1400,half_load,128.4,1528.4,31.818,581.8
3150,24.59,arterial,25.9,3.1,52.2,0.215,29.1,rain,mid_ev,40,160,1900,full_load,431.8,2331.8,8.472,344.6
3152,35.16,highway,54.5,22.9,96.0,0.151,28.4,clear,mid_ev,40,160,1900,unladen,6.8,1906.8,24.573,698.9
3153,17.18,highway,3.0,6.6,94.7,0.183,23.9,clear,large_ev,75,190,2400,half_load,356.9,2756.9,13.357,777.5
3154,137.77,highway,29.4,15.8,89.7,0.055,34.7,clear,large_ev,75,190,2400,full_load,550.4,2950.4,104.332,757.3
3155,44.68,highway,84.8,6.7,65.0,0.21,23.6,rain,small_ev,24,140,1400,unladen,22.3,1422.3,14.324,320.6
3156,64.04,highway,16.4,5.4,71.7,0.303,31.2,clear,small_ev,24,140,1400,unladen,13.4,1413.4,25.107,392.0
3157,5.45,city,9.4,12.7,22.7,0.609,20.5,clear,mid_ev,40,160,1900,full_load,394.5,2294.5,3.275,601.4
3158,168.67,highway,10.7,27.0,86.2,0.228,28.9,clear,mid_ev,40,160,1900,half_load,191.0,2091.0,100.12,593.6
3159,34.52,highway,17.3,3.3,95.7,0.073,30.1,rain,small_ev,24,140,1400,unladen,22.1,1422.1,21.548,624.3
3162,10.99,city,4.7,6.1,12.1,0.845,31.2,clear,large_ev,75,190,2400,full_load,568.3,2968.3,10.441,949.9
3164,13.51,arterial,33.0,3.6,47.5,0.158,37.4,heavy_rain,large_ev,75,190,2400,half_load,245.9,2645.9,5.57,412.4
3165,35.76,highway,71.4,45.3,93.9,0.093,33.9,clear,large_ev,75,190,2400,half_load,280.6,2680.6,30.128,842.4
3167,122.61,highway,32.9,14.9,99.4,0.537,30.2,clear,small_ev,24,140,1400,half_load,161.6,1561.6,87.241,711.6
3168,215.02,highway,15.4,22.2,72.2,0.368,29.5,rain,mid_ev,40,160,1900,full_load,405.3,2305.3,101.944,474.1
3169,23.41,arterial,4.5,8.4,49.7,0.351,27.2,clear,mid_ev,40,160,1900,full_load,432.2,2332.2,8.794,375.7
3171,59.58,highway,45.1,2.2,96.2,0.343,21.8,clear,small_ev,24,140,1400,full_load,263.1,1663.1,35.21,591.0
3172,144.28,highway,5.3,107.0,82.8,0.1,32.1,rain,large_ev,75,190,2400,unladen,55.0,2455.0,91.988,637.6
3176,1.71,city,2.5,8.4,21.4,0.915,31.8,heavy_rain,small_ev,24,140,1400,unladen,15.5,1415.5,1.002,584.9
3177,31.96,arterial,8.1,1.3,20.0,0.376,29.6,clear,small_ev,24,140,1400,unladen,12.0,1412.0,5.172,161.8
3179,126.51,highway,12.4,15.9,96.3,0.079,21.2,clear,mid_ev,40,160,1900,half_load,231.3,2131.3,77.596,613.4
3180,19.77,arterial,37.8,7.7,48.8,0.42,24.7,clear,mid_ev,40,160,1900,unladen,5.6,1905.6,7.434,375.9
3181,20.33,arterial,15.0,20.3,62.3,0.471,41.1,rain,small_ev,24,140,1400,full_load,279.5,1679.5,10.578,520.2
3183,17.9,arterial,15.1,3.3,44.8,0.265,26.2,heavy_rain,mid_ev,40,160,1900,full_load,437.6,2337.6,6.131,342.5
3185,65.99,highway,54.0,23.6,90.0,0.034,28.8,clear,large_ev,75,190,2400,full_load,544.2,2944.2,48.566,736.0
3187,18.05,arterial,1.1,18.7,47.6,0.325,23.1,clear,small_ev,24,140,1400,half_load,159.5,1559.5,4.469,247.5
3188,7.2,city,1.0,6.4,25.9,0.784,40.6,clear,large_ev,75,190,2400,half_load,312.2,2712.2,7.285,1012.5
3189,5.61,city,4.3,5.4,22.5,0.7,33.5,rain,mid_ev,40,160,1900,full_load,404.5,2304.5,4.008,714.4
3191,8.24,city,16.9,18.0,18.5,0.641,22.2,clear,small_ev,24,140,1400,full_load,264.2,1664.2,3.394,411.8
3192,66.17,highway,9.4,23.3,82.1,0.032,30.1,clear,mid_ev,40,160,1900,half_load,226.9,2126.9,35.024,529.3
3193,188.88,highway,17.2,15.4,82.6,0.482,32.1,clear,mid_ev,40,160,1900,full_load,427.4,2327.4,119.544,632.9
3194,29.14,highway,15.6,15.7,71.1,0.082,30.0,clear,large_ev,75,190,2400,unladen,24.5,2424.5,15.051,516.6
3196,57.28,highway,60.9,45.0,88.1,0.146,25.8,heavy_rain,large_ev,75,190,2400,full_load,573.2,2973.2,41.47,724.0
3197,5.86,city,4.1,16.8,30.6,0.676,25.1,clear,small_ev,24,140,1400,unladen,29.5,1429.5,2.463,420.4
3198,59.69,highway,22.5,31.4,82.0,0.408,25.0,clear,large_ev,75,190,2400,unladen,3.5,2403.5,39.028,653.8
3199,3.69,city,6.3,2.9,26.7,0.788,41.0,heavy_rain,large_ev,75,190,2400,unladen,31.2,2431.2,3.712,1005.2
3201,47.81,arterial,6.9,11.3,51.6,0.469,29.3,clear,mid_ev,40,160,1900,full_load,421.8,2321.8,21.683,453.5
3202,2.0,city,6.7,12.8,20.7,0.517,36.2,clear,large_ev,75,190,2400,unladen,57.5,2457.5,1.205,601.4
3203,12.41,arterial,84.9,4.5,54.2,0.245,33.3,clear,small_ev,24,140,1400,unladen,19.2,1419.2,4.036,325.2
3204,17.29,arterial,16.0,24.1,44.8,0.191,39.1,rain,small_ev,24,140,1400,full_load,295.4,1695.4,4.827,279.2
3205,12.97,city,0.4,8.9,14.8,0.604,29.5,clear,mid_ev,40,160,1900,half_load,269.4,2169.4,6.589,507.9
3207,19.42,arterial,24.4,13.2,49.3,0.241,39.4,clear,mid_ev,40,160,1900,unladen,27.6,1927.6,6.7,345.0
3208,11.33,arterial,11.1,9.8,39.9,0.432,30.8,clear,large_ev,75,190,2400,full_load,599.2,2999.2,5.309,468.6
3209,129.79,highway,2.4,4.1,82.7,0.034,41.0,clear,small_ev,24,140,1400,full_load,284.5,1684.5,66.446,511.9
3211,5.42,city,16.6,6.4,31.6,0.837,39.6,clear,small_ev,24,140,1400,unladen,18.8,1418.8,3.261,601.7
3212,2.7,city,9.2,12.3,23.1,0.824,29.8,clear,large_ev,75,190,2400,unladen,29.0,2429.0,2.224,823.9
3214,18.98,arterial,34.1,7.8,23.2,0.234,35.8,clear,mid_ev,40,160,1900,unladen,24.8,1924.8,3.716,195.8
3215,1.38,city,1.5,1.5,21.1,0.571,21.9,rain,mid_ev,40,160,1900,unladen,40.3,1940.3,0.621,448.2
3217,258.86,highway,22.7,44.5,90.1,0.113,37.7,rain,mid_ev,40,160,1900,half_load,241.4,2141.4,195.565,755.5
3218,45.85,highway,6.3,37.2,81.2,0.261,27.8,clear,small_ev,24,140,1400,full_load,289.5,1689.5,21.366,466.0
3220,3.96,city,13.8,0.3,24.9,0.706,26.8,clear,mid_ev,40,160,1900,full_load,385.4,2285.4,2.623,662.1
3221,26.62,arterial,11.1,13.0,35.4,0.281,32.5,rain,large_ev,75,190,2400,full_load,532.9,2932.9,9.382,352.5
3222,3.46,city,5.1,4.8,21.2,0.465,37.7,clear,large_ev,75,190,2400,unladen,48.5,2448.5,1.846,533.4
3223,1.5,city,3.0,13.5,12.4,0.59,39.5,clear,small_ev,24,140,1400,full_load,282.9,1682.9,0.685,457.5
3224,12.3,city,3.7,9.0,28.3,0.291,26.8,clear,mid_ev,40,160,1900,half_load,239.9,2139.9,3.975,323.2
3225,4.85,city,12.3,10.9,20.2,0.51,24.5,clear,small_ev,24,140,1400,full_load,272.5,1672.5,1.66,342.5
3226,58.38,highway,41.5,28.2,92.1,0.128,32.3,clear,large_ev,75,190,2400,unladen,31.8,2431.8,45.074,772.0
3227,17.02,arterial,21.1,26.7,41.7,0.438,28.7,clear,mid_ev,40,160,1900,half_load,257.5,2157.5,5.655,332.3
3228,101.76,highway,33.5,15.0,78.5,0.085,26.3,clear,mid_ev,40,160,1900,full_load,446.4,2346.4,47.81,469.8
3229,14.78,city,10.1,6.1,35.2,0.314,31.7,clear,mid_ev,40,160,1900,full_load,443.4,2343.4,6.453,436.5
3230,63.74,highway,88.5,103.4,73.3,0.205,30.9,heavy_rain,mid_ev,40,160,1900,unladen,19.1,1919.1,30.222,474.2
3231,49.45,highway,1.2,1.8,85.6,0.071,26.2,clear,large_ev,75,190,2400,half_load,282.8,2682.8,31.765,642.3
3232,5.73,arterial,21.1,23.4,27.1,0.583,25.0,clear,small_ev,24,140,1400,half_load,144.2,1544.2,1.388,242.0
3233,6.29,city,2.2,3.9,11.5,0.422,24.0,clear,large_ev,75,190,2400,full_load,570.3,2970.3,3.069,487.7
3234,6.13,city,2.1,6.4,23.6,0.501,39.9,clear,mid_ev,40,160,1900,half_load,235.8,2135.8,3.169,516.5
3236,14.26,arterial,1.1,28.6,41.2,0.164,37.4,rain,small_ev,24,140,1400,half_load,141.7,1541.7,2.983,209.2
3237,2.0,arterial,14.3,48.4,40.2,0.7,33.1,rain,small_ev,24,140,1400,full_load,264.8,1664.8,0.746,373.0
3238,25.04,highway,5.4,0.9,95.3,0.157,37.3,clear,mid_ev,40,160,1900,full_load,411.2,2311.2,19.687,786.3
3240,4.06,city,4.6,8.2,28.5,0.562,30.0,clear,small_ev,24,140,1400,half_load,168.7,1568.7,1.605,394.9
3241,5.39,city,4.8,7.4,24.1,0.505,30.1,clear,mid_ev,40,160,1900,half_load,211.7,2111.7,2.339,433.7
3243,106.87,highway,45.4,33.8,75.1,0.101,35.3,clear,small_ev,24,140,1400,half_load,155.5,1555.5,47.652,445.9
3245,10.9,city,9.2,5.4,23.2,0.701,22.5,clear,small_ev,24,140,1400,unladen,27.4,1427.4,4.542,416.7
3246,33.97,arterial,9.4,2.5,44.9,0.601,20.0,clear,mid_ev,40,160,1900,half_load,209.8,2109.8,14.2,418.1
3247,30.98,arterial,2.9,1.8,59.5,0.359,27.6,rain,mid_ev,40,160,1900,unladen,2.1,1902.1,12.254,395.6
3248,33.04,highway,40.3,7.5,74.4,0.048,30.7,clear,large_ev,75,190,2400,full_load,572.6,2972.6,18.755,567.6
3249,6.55,city,16.6,4.7,26.5,0.27,31.0,clear,large_ev,75,190,2400,unladen,23.8,2423.8,2.395,365.8
3250,36.75,highway,35.2,12.9,69.6,0.25,25.4,rain,large_ev,75,190,2400,unladen,5.9,2405.9,18.733,509.7
3251,61.06,highway,0.6,45.3,87.9,0.055,38.4,clear,large_ev,75,190,2400,full_load,598.9,2998.9,50.923,833.9
3252,37.49,highway,91.2,7.7,74.7,0.329,24.4,clear,large_ev,75,190,2400,full_load,522.0,2922.0,22.407,597.7
3253,10.0,highway,28.0,6.3,93.4,0.017,38.3,rain,large_ev,75,190,2400,half_load,321.3,2721.3,9.297,929.7
3254,4.2,city,5.5,2.2,20.7,0.303,28.7,rain,mid_ev,40,160,1900,full_load,445.6,2345.6,1.507,358.7
3255,93.97,highway,8.7,25.6,90.2,0.167,31.1,clear,large_ev,75,190,2400,half_load,244.8,2644.8,69.905,743.9
3256,34.86,highway,44.5,2.0,95.4,0.272,30.5,clear,mid_ev,40,160,1900,half_load,201.3,2101.3,25.865,741.9
3257,9.57,arterial,30.8,61.4,54.4,0.558,26.5,clear,small_ev,24,140,1400,unladen,20.6,1420.6,3.331,348.0
3258,33.1,arterial,6.8,27.5,49.2,0.553,30.5,clear,small_ev,24,140,1400,unladen,15.6,1415.6,10.719,323.8
3259,4.16,city,13.7,2.8,23.1,0.899,29.6,clear,large_ev,75,190,2400,half_load,348.3,2748.3,4.109,986.9
3260,64.94,highway,85.9,136.8,85.0,0.197,22.9,rain,mid_ev,40,160,1900,unladen,15.4,1915.4,37.18,572.5
3261,79.05,highway,124.1,2.7,93.5,0.512,26.2,clear,mid_ev,40,160,1900,unladen,28.0,1928.0,52.962,670.0
3262,119.6,highway,189.0,87.3,92.7,0.525,26.5,heavy_rain,mid_ev,40,160,1900,unladen,28.0,1928.0,85.895,718.2
3263,80.35,highway,20.7,59.3,79.3,0.036,30.9,clear,large_ev,75,190,2400,unladen,20.0,2420.0,45.861,570.8
3264,19.61,arterial,7.2,71.6,39.4,0.639,32.2,clear,mid_ev,40,160,1900,full_load,398.5,2298.5,8.254,421.0
3265,157.92,highway,53.8,77.1,78.3,0.383,37.7,clear,mid_ev,40,160,1900,full_load,401.6,2301.6,96.166,609.0
3266,10.0,arterial,31.3,1.4,36.9,0.171,36.1,clear,small_ev,24,140,1400,full_load,270.6,1670.6,2.123,212.3
3267,181.92,highway,2.8,74.1,94.2,0.662,39.0,clear,small_ev,24,140,1400,unladen,12.7,1412.7,130.439,717.0
3268,54.53,highway,16.0,19.2,78.0,0.044,27.0,rain,small_ev,24,140,1400,unladen,29.6,1429.6,22.428,411.3
3269,28.24,arterial,34.6,17.5,51.4,0.389,28.7,clear,mid_ev,40,160,1900,full_load,432.3,2332.3,12.459,441.1
3270,157.23,highway,41.3,5.3,84.0,0.174,26.3,clear,mid_ev,40,160,1900,half_load,181.9,2081.9,85.372,543.0
3272,17.82,highway,96.7,1.2,76.3,0.037,35.8,rain,mid_ev,40,160,1900,half_load,229.8,2129.8,10.119,567.8
3273,92.3,highway,18.0,42.3,83.7,0.379,34.7,clear,large_ev,75,190,2400,full_load,583.0,2983.0,70.42,762.9
3274,146.19,highway,32.6,18.7,111.3,0.074,39.6,clear,mid_ev,40,160,1900,half_load,248.0,2148.0,154.676,1058.0
3275,18.3,city,11.6,6.4,25.7,0.649,26.5,clear,mid_ev,40,160,1900,half_load,186.2,2086.2,10.106,552.2
3276,252.89,highway,13.1,32.4,71.7,0.084,38.3,rain,small_ev,24,140,1400,full_load,298.8,1698.8,109.054,431.2
3278,1.54,city,0.6,1.5,32.2,0.393,33.1,clear,small_ev,24,140,1400,unladen,27.0,1427.0,0.476,308.4
3279,23.59,highway,0.6,63.3,93.1,0.389,24.8,clear,large_ev,75,190,2400,full_load,531.8,2931.8,19.291,817.8
3280,12.09,arterial,7.4,2.5,52.6,0.451,30.3,clear,mid_ev,40,160,1900,unladen,35.0,1935.0,4.677,386.8
3281,35.9,highway,5.2,2.3,77.1,0.245,26.6,heavy_rain,mid_ev,40,160,1900,full_load,449.2,2349.2,19.275,536.9
3282,31.98,highway,39.6,20.0,81.0,0.04,25.7,rain,mid_ev,40,160,1900,unladen,4.8,1904.8,16.788,525.0
3283,11.78,city,1.5,7.8,28.3,0.431,29.5,clear,large_ev,75,190,2400,half_load,334.8,2734.8,6.405,544.0
3284,37.97,arterial,2.0,19.5,33.0,0.656,27.7,clear,large_ev,75,190,2400,full_load,522.1,2922.1,18.898,497.8
3289,36.27,arterial,42.9,7.9,59.2,0.307,32.9,clear,large_ev,75,190,2400,half_load,342.5,2742.5,18.604,513.0
3290,32.47,arterial,2.5,1.0,56.2,0.432,35.3,clear,small_ev,24,140,1400,full_load,264.0,1664.0,12.254,377.4
3291,13.23,highway,45.4,7.0,80.8,0.034,32.4,clear,mid_ev,40,160,1900,unladen,23.2,1923.2,7.101,536.6
3293,4.46,city,11.2,8.9,30.5,0.666,20.0,rain,large_ev,75,190,2400,full_load,532.8,2932.8,3.788,849.2
3294,5.08,arterial,11.0,4.1,54.4,0.725,31.7,heavy_rain,mid_ev,40,160,1900,half_load,246.8,2146.8,3.074,605.5
3295,18.3,arterial,3.3,25.6,51.0,0.098,28.9,clear,mid_ev,40,160,1900,half_load,256.3,2156.3,4.763,260.3
3296,10.36,city,3.3,14.4,19.8,0.323,27.8,rain,large_ev,75,190,2400,unladen,17.6,2417.6,3.959,382.3
3297,68.95,highway,10.9,14.6,94.5,0.066,24.3,clear,small_ev,24,140,1400,full_load,257.6,1657.6,38.765,562.3
3298,2.42,city,1.7,4.3,24.7,0.461,22.8,clear,small_ev,24,140,1400,unladen,12.7,1412.7,0.677,280.1
3299,52.58,highway,0.2,29.0,93.1,0.024,27.7,heavy_rain,large_ev,75,190,2400,full_load,542.4,2942.4,44.318,842.9
3300,7.25,city,4.3,15.9,23.2,0.52,36.5,clear,large_ev,75,190,2400,half_load,282.3,2682.3,4.618,637.3
3301,5.83,arterial,10.4,40.5,49.7,0.349,32.3,clear,small_ev,24,140,1400,unladen,17.7,1417.7,1.708,293.0
3302,63.6,highway,32.1,38.5,87.2,0.245,31.9,heavy_rain,mid_ev,40,160,1900,half_load,202.5,2102.5,43.572,685.1
3303,6.99,city,18.5,21.3,21.8,0.402,29.6,rain,large_ev,75,190,2400,half_load,358.9,2758.9,3.65,522.4
3304,14.45,arterial,17.4,1.8,36.7,0.587,39.5,clear,large_ev,75,190,2400,half_load,303.3,2703.3,8.159,564.6
3306,24.06,highway,80.1,134.5,103.5,0.584,41.3,clear,mid_ev,40,160,1900,unladen,10.4,1910.4,25.746,1070.2
3307,16.69,arterial,2.5,35.8,40.6,0.517,31.7,clear,small_ev,24,140,1400,half_load,125.3,1525.3,4.582,274.5
3308,5.78,city,7.7,4.6,23.0,0.337,27.9,clear,small_ev,24,140,1400,full_load,257.1,1657.1,1.506,260.6
3310,53.87,highway,67.6,0.1,85.9,0.043,28.8,clear,large_ev,75,190,2400,full_load,572.0,2972.0,37.255,691.6
3311,4.28,city,1.1,3.7,32.1,0.687,35.0,clear,large_ev,75,190,2400,half_load,255.9,2655.9,3.816,892.5
3312,71.55,highway,81.4,56.4,75.9,0.388,29.9,heavy_rain,mid_ev,40,160,1900,full_load,396.5,2296.5,41.725,583.2
3313,10.01,city,13.0,3.6,28.0,0.606,26.8,rain,mid_ev,40,160,1900,unladen,36.6,1936.6,5.276,527.3
3316,14.96,city,16.6,4.4,18.6,0.728,31.7,clear,mid_ev,40,160,1900,half_load,233.8,2133.8,9.767,652.7
3317,53.66,arterial,8.6,64.7,54.3,0.513,32.7,heavy_rain,mid_ev,40,160,1900,unladen,2.7,1902.7,26.145,487.2
3319,22.39,arterial,11.2,1.9,31.3,0.321,35.3,clear,large_ev,75,190,2400,unladen,35.7,2435.7,7.048,314.7
3320,5.65,city,24.0,0.3,29.8,0.604,35.4,clear,large_ev,75,190,2400,half_load,330.4,2730.4,4.66,824.5
3321,8.46,city,3.0,6.2,27.2,0.933,34.1,clear,large_ev,75,190,2400,full_load,524.4,2924.4,9.252,1093.4
3323,112.46,highway,40.4,3.2,76.3,0.229,28.7,heavy_rain,mid_ev,40,160,1900,unladen,8.6,1908.6,59.896,532.6
3324,6.54,arterial,6.7,9.4,36.1,0.376,36.5,clear,large_ev,75,190,2400,unladen,56.9,2456.9,2.333,356.7
3325,15.9,arterial,2.0,4.1,45.0,0.165,38.6,clear,large_ev,75,190,2400,unladen,38.7,2438.7,5.545,348.7
3327,111.68,highway,4.9,9.3,84.1,0.148,30.9,clear,mid_ev,40,160,1900,full_load,387.0,2287.0,58.863,527.1
3329,2.32,arterial,12.5,30.2,45.3,0.5,33.4,clear,small_ev,24,140,1400,full_load,286.1,1686.1,0.789,340.6
3331,21.0,city,10.2,6.7,26.3,0.507,34.4,clear,large_ev,75,190,2400,unladen,27.0,2427.0,11.813,562.5
3333,6.4,city,0.9,2.9,18.1,0.488,42.0,clear,large_ev,75,190,2400,full_load,581.7,2981.7,4.857,759.0
3334,77.11,highway,55.1,16.5,76.1,0.339,37.0,clear,mid_ev,40,160,1900,half_load,266.8,2166.8,44.047,571.3
3335,113.33,highway,286.6,2.9,88.0,0.061,31.6,clear,large_ev,75,190,2400,full_load,521.3,2921.3,85.569,755.0
3337,16.25,arterial,20.5,3.0,46.2,0.118,34.0,rain,large_ev,75,190,2400,unladen,49.8,2449.8,5.355,329.6
3338,15.86,arterial,11.8,8.1,61.3,0.144,23.5,clear,mid_ev,40,160,1900,unladen,4.7,1904.7,5.484,345.9
3339,7.38,arterial,27.0,8.5,41.0,0.269,32.5,rain,mid_ev,40,160,1900,unladen,27.4,1927.4,2.255,305.6
3340,7.81,city,19.0,1.4,20.4,0.481,36.8,clear,large_ev,75,190,2400,full_load,556.4,2956.4,5.369,687.2
3342,19.27,arterial,12.8,19.3,60.2,0.787,32.0,rain,mid_ev,40,160,1900,half_load,259.3,2159.3,13.011,675.4
3343,17.57,arterial,22.5,10.2,38.2,0.593,27.5,clear,small_ev,24,140,1400,unladen,19.8,1419.8,4.671,265.9
3345,7.91,city,5.8,8.1,38.2,0.587,28.5,clear,large_ev,75,190,2400,half_load,335.2,2735.2,5.584,706.0
3346,16.74,city,5.4,4.5,19.3,0.193,23.8,clear,large_ev,75,190,2400,full_load,539.4,2939.4,5.055,302.0
3347,39.66,highway,17.9,6.9,88.8,0.249,29.9,heavy_rain,mid_ev,40,160,1900,half_load,233.6,2133.6,27.662,697.5
3349,3.85,city,0.6,10.4,15.4,0.564,29.3,clear,mid_ev,40,160,1900,full_load,416.3,2316.3,1.846,479.7
3350,16.87,arterial,10.9,20.0,46.4,0.281,26.8,rain,mid_ev,40,160,1900,full_load,447.7,2347.7,5.393,319.7
3351,15.12,arterial,1.4,7.8,44.1,0.206,20.0,clear,large_ev,75,190,2400,full_load,537.0,2937.0,4.892,323.6
3352,2.37,city,9.5,15.2,5.0,0.393,29.8,rain,mid_ev,40,160,1900,half_load,237.1,2137.1,0.894,377.0
3353,147.72,highway,34.4,15.6,99.3,0.12,29.8,clear,large_ev,75,190,2400,full_load,554.3,2954.3,131.17,888.0
3354,13.02,arterial,9.5,46.1,46.5,0.057,26.1,clear,small_ev,24,140,1400,half_load,123.4,1523.4,2.326,178.7
3355,2.33,arterial,50.8,13.6,58.9,0.135,34.6,clear,large_ev,75,190,2400,half_load,295.1,2695.1,1.288,552.1
3356,4.33,city,27.9,10.3,29.1,0.449,30.6,clear,large_ev,75,190,2400,full_load,534.7,2934.7,2.543,587.6
3357,28.44,arterial,15.6,14.1,40.0,0.313,39.4,clear,mid_ev,40,160,1900,unladen,41.7,1941.7,9.202,323.6
3358,15.76,arterial,24.0,10.9,49.2,0.269,34.8,clear,large_ev,75,190,2400,full_load,581.7,2981.7,7.289,462.7
3359,9.45,city,4.0,13.5,20.1,0.665,24.4,clear,small_ev,24,140,1400,unladen,27.1,1427.1,3.588,379.8
3360,33.87,highway,84.0,70.7,87.2,0.216,24.9,clear,small_ev,24,140,1400,full_load,296.6,1696.6,17.256,509.4
3361,49.04,highway,161.7,4.2,90.7,0.246,34.5,clear,large_ev,75,190,2400,half_load,337.7,2737.7,44.88,915.1
3362,26.57,arterial,7.3,18.0,51.8,0.417,20.0,rain,small_ev,24,140,1400,half_load,131.0,1531.0,8.634,325.0
3363,20.13,highway,26.7,11.7,73.6,0.044,36.4,clear,small_ev,24,140,1400,unladen,16.9,1416.9,8.256,410.1
3365,43.68,highway,46.0,29.0,70.9,0.144,35.4,clear,large_ev,75,190,2400,half_load,287.8,2687.8,24.336,557.2
3366,6.5,arterial,4.2,44.5,48.3,0.38,30.3,clear,large_ev,75,190,2400,half_load,258.0,2658.0,2.845,437.9
3367,8.68,arterial,8.4,1.8,44.7,0.775,31.1,clear,small_ev,24,140,1400,full_load,268.7,1668.7,3.688,424.7
3369,3.48,city,4.4,4.3,10.7,0.654,29.8,rain,large_ev,75,190,2400,full_load,557.5,2957.5,2.718,782.0
3370,26.8,city,29.6,3.7,22.1,0.945,32.9,clear,large_ev,75,190,2400,unladen,26.2,2426.2,24.36,908.8
3372,5.37,city,3.9,7.0,21.8,0.763,36.7,clear,small_ev,24,140,1400,half_load,170.1,1570.1,2.706,503.8
3373,85.48,highway,44.6,47.0,101.0,0.297,22.1,rain,large_ev,75,190,2400,full_load,566.5,2966.5,87.35,1021.9
3375,59.76,highway,160.4,40.2,85.0,0.03,34.3,clear,mid_ev,40,160,1900,full_load,425.9,2325.9,35.915,601.0
3376,22.25,arterial,23.3,8.6,36.2,0.363,24.6,rain,mid_ev,40,160,1900,unladen,27.7,1927.7,6.155,276.6
3377,17.85,arterial,1.6,9.6,56.1,0.525,29.5,clear,small_ev,24,140,1400,full_load,293.0,1693.0,7.272,407.4
3378,23.05,arterial,37.7,6.7,41.0,0.47,31.2,rain,small_ev,24,140,1400,half_load,160.6,1560.6,6.912,299.9
3379,58.62,highway,42.0,28.2,96.8,0.12,34.2,clear,large_ev,75,190,2400,unladen,15.8,2415.8,51.169,872.9
3380,35.97,highway,64.4,22.6,86.6,0.254,28.4,clear,small_ev,24,140,1400,half_load,152.9,1552.9,18.147,504.5
3381,96.87,highway,11.1,12.2,99.9,0.073,36.0,clear,mid_ev,40,160,1900,full_load,396.4,2296.4,77.91,804.3
3382,91.64,highway,1.0,81.4,84.9,0.32,24.4,clear,large_ev,75,190,2400,full_load,520.1,2920.1,62.203,678.8
3384,17.25,arterial,16.6,20.8,47.4,0.325,27.9,heavy_rain,mid_ev,40,160,1900,full_load,432.4,2332.4,6.365,369.1
3385,4.19,city,6.0,10.4,12.9,0.419,32.4,clear,small_ev,24,140,1400,full_load,272.9,1672.9,1.252,298.9
3386,7.85,city,11.1,2.6,24.6,0.485,33.9,clear,large_ev,75,190,2400,half_load,267.6,2667.6,4.812,613.2
3388,89.74,highway,79.6,1.5,94.5,0.001,30.4,clear,mid_ev,40,160,1900,full_load,402.2,2302.2,62.369,695.0
3389,9.01,city,6.6,13.3,8.8,0.895,36.2,clear,large_ev,75,190,2400,unladen,53.6,2453.6,7.557,838.4
3390,7.24,city,8.5,12.6,9.0,0.564,31.1,clear,mid_ev,40,160,1900,half_load,190.3,2090.3,3.533,487.9
3391,9.86,arterial,9.9,7.9,51.6,0.789,31.6,clear,small_ev,24,140,1400,half_load,131.3,1531.3,4.15,421.0
3392,11.84,city,15.8,3.0,26.0,0.499,40.6,clear,small_ev,24,140,1400,full_load,290.3,1690.3,5.497,464.4
3393,45.98,arterial,15.7,10.5,54.1,0.26,32.9,clear,large_ev,75,190,2400,unladen,26.6,2426.6,19.304,419.8
3394,18.49,arterial,37.6,7.8,35.7,0.264,27.3,clear,mid_ev,40,160,1900,full_load,428.3,2328.3,4.982,269.5
3395,5.3,city,1.5,3.4,27.7,0.547,28.4,clear,small_ev,24,140,1400,half_load,147.5,1547.5,2.025,381.9
3396,15.76,arterial,18.2,14.1,51.2,0.119,33.1,rain,mid_ev,40,160,1900,half_load,204.1,2104.1,4.987,316.5
3397,8.68,city,13.5,22.7,15.8,0.657,30.8,clear,large_ev,75,190,2400,unladen,8.1,2408.1,5.23,602.3
3398,15.47,arterial,17.8,13.2,28.7,0.488,33.2,clear,large_ev,75,190,2400,half_load,300.5,2700.5,6.667,431.0
3399,8.85,city,2.2,2.9,24.3,0.704,22.7,clear,small_ev,24,140,1400,full_load,286.7,1686.7,4.061,459.0
3400,164.0,highway,67.5,11.0,53.4,0.564,24.3,clear,mid_ev,40,160,1900,full_load,393.7,2293.7,54.887,334.7
3401,1.7,city,11.7,9.9,28.3,0.857,29.1,rain,mid_ev,40,160,1900,full_load,414.6,2314.6,1.478,869.0
3403,91.37,highway,41.3,18.8,83.2,0.124,32.1,clear,mid_ev,40,160,1900,full_load,390.1,2290.1,51.4,562.5
3404,13.29,city,4.7,5.9,14.2,0.625,28.8,rain,mid_ev,40,160,1900,full_load,416.8,2316.8,7.297,549.1
3406,2.19,city,2.3,5.1,5.7,0.542,28.6,rain,small_ev,24,140,1400,unladen,11.0,1411.0,0.733,335.3
3407,59.97,highway,96.5,11.2,103.7,0.058,26.3,rain,large_ev,75,190,2400,half_load,337.6,2737.6,56.395,940.4
3408,2.3,arterial,12.5,17.0,36.6,0.05,32.7,clear,mid_ev,40,160,1900,unladen,29.9,1929.9,0.414,179.8
3409,7.3,city,3.4,11.8,29.0,0.847,32.5,rain,mid_ev,40,160,1900,unladen,42.3,1942.3,5.257,720.3
3410,62.03,highway,4.7,3.8,89.3,0.174,33.0,rain,mid_ev,40,160,1900,full_load,408.0,2308.0,42.261,681.3
3412,18.67,arterial,6.2,2.5,69.5,0.721,20.4,clear,large_ev,75,190,2400,half_load,261.7,2661.7,15.117,809.6
3414,79.07,highway,60.6,4.2,98.5,0.416,29.8,clear,mid_ev,40,160,1900,unladen,13.3,1913.3,62.679,792.7
3415,130.14,highway,20.6,31.6,90.5,0.33,27.2,clear,small_ev,24,140,1400,full_load,290.2,1690.2,72.658,558.3
3416,7.13,city,5.7,4.5,23.3,0.237,26.8,clear,small_ev,24,140,1400,full_load,289.5,1689.5,1.53,214.5
3419,39.2,highway,4.4,5.6,70.2,0.03,35.3,clear,mid_ev,40,160,1900,full_load,414.3,2314.3,17.006,433.8
3420,46.59,highway,89.2,9.5,85.1,0.024,32.1,clear,mid_ev,40,160,1900,full_load,446.0,2346.0,27.225,584.4
3421,138.21,highway,66.3,21.1,83.5,0.101,25.2,rain,small_ev,24,140,1400,half_load,144.2,1544.2,66.126,478.4
3422,23.22,arterial,43.5,42.9,50.1,0.197,28.3,clear,large_ev,75,190,2400,half_load,292.7,2692.7,8.591,370.0
3423,72.21,highway,22.1,44.7,93.0,0.135,32.9,clear,large_ev,75,190,2400,unladen,0.4,2400.4,58.418,809.0
3424,71.04,highway,44.3,54.2,85.9,0.352,32.8,rain,mid_ev,40,160,1900,half_load,237.8,2137.8,46.921,660.5
3425,155.29,highway,39.9,13.4,74.6,0.08,29.6,clear,mid_ev,40,160,1900,full_load,423.9,2323.9,71.775,462.2
3426,97.4,highway,91.3,19.6,89.1,0.157,31.8,clear,small_ev,24,140,1400,unladen,5.1,1405.1,50.552,519.0
3427,18.78,arterial,53.5,9.7,42.3,0.437,38.0,clear,mid_ev,40,160,1900,unladen,38.8,1938.8,7.444,396.4
3428,2.9,city,24.1,3.8,23.1,0.539,38.4,clear,large_ev,75,190,2400,full_load,584.8,2984.8,2.34,806.1
3429,116.77,highway,28.1,82.2,82.4,0.691,29.5,clear,small_ev,24,140,1400,unladen,13.2,1413.2,61.026,522.6
3430,39.92,highway,47.9,7.9,75.7,0.374,29.3,rain,large_ev,75,190,2400,full_load,598.6,2998.6,27.094,678.7
3431,52.84,arterial,11.1,1.2,46.9,0.26,29.3,clear,mid_ev,40,160,1900,full_load,394.3,2294.3,17.191,325.3
3432,6.62,city,8.6,5.8,16.1,0.448,21.2,clear,mid_ev,40,160,1900,unladen,15.9,1915.9,2.307,348.3
3433,92.18,highway,46.8,75.1,95.2,0.184,37.6,clear,mid_ev,40,160,1900,unladen,6.0,1906.0,71.429,774.9
3434,4.18,city,10.2,13.9,21.0,0.487,29.4,clear,mid_ev,40,160,1900,unladen,22.1,1922.1,1.646,394.2
3435,22.88,arterial,7.3,6.9,43.5,0.278,31.3,clear,mid_ev,40,160,1900,unladen,37.1,1937.1,6.423,280.8
3436,61.69,highway,20.5,64.1,89.5,0.593,34.8,clear,large_ev,75,190,2400,full_load,539.0,2939.0,55.097,893.2
3437,5.09,city,2.3,0.7,22.3,0.554,29.7,clear,small_ev,24,140,1400,full_load,275.0,1675.0,2.027,398.5
3438,9.43,city,1.0,4.5,19.7,0.504,30.7,heavy_rain,small_ev,24,140,1400,full_load,257.9,1657.9,3.842,407.3
3439,15.74,highway,6.3,13.2,92.0,0.282,28.4,clear,large_ev,75,190,2400,unladen,33.1,2433.1,12.293,781.0
3441,19.34,arterial,26.8,17.2,33.6,0.288,25.7,clear,large_ev,75,190,2400,unladen,56.5,2456.5,5.554,287.2
3442,9.08,city,8.5,2.2,27.3,0.835,33.2,clear,mid_ev,40,160,1900,unladen,22.2,1922.2,6.427,707.6
3443,21.66,arterial,10.1,26.0,47.0,0.509,34.8,clear,mid_ev,40,160,1900,unladen,25.5,1925.5,8.619,397.9
3444,18.07,highway,7.0,11.1,99.8,0.09,29.1,clear,small_ev,24,140,1400,full_load,257.2,1657.2,11.446,633.4
3445,18.54,arterial,2.3,32.6,49.1,0.282,27.1,rain,mid_ev,40,160,1900,half_load,222.0,2122.0,6.718,362.4
3446,6.76,arterial,6.1,3.6,40.1,0.463,38.9,rain,large_ev,75,190,2400,full_load,587.1,2987.1,3.811,563.9
3448,5.45,arterial,17.2,8.2,48.9,0.428,24.6,heavy_rain,large_ev,75,190,2400,full_load,518.1,2918.1,2.99,548.6
3449,14.27,arterial,61.6,36.6,47.5,0.093,27.2,clear,large_ev,75,190,2400,full_load,584.1,2984.1,4.591,321.6
3450,104.36,highway,117.2,20.5,74.3,0.059,26.7,heavy_rain,mid_ev,40,160,1900,unladen,7.5,1907.5,50.64,485.2
3451,17.88,arterial,8.1,25.1,37.5,0.237,29.4,clear,mid_ev,40,160,1900,full_load,448.0,2348.0,4.75,265.6
3452,33.69,highway,48.6,18.4,86.8,0.01,25.8,clear,small_ev,24,140,1400,full_load,283.8,1683.8,16.903,501.7
3454,8.98,city,6.0,13.4,17.3,0.667,33.8,clear,small_ev,24,140,1400,unladen,6.3,1406.3,3.703,412.5
3456,7.14,city,9.6,9.1,21.8,0.48,28.0,clear,large_ev,75,190,2400,full_load,550.5,2950.5,4.292,601.3
3457,9.16,arterial,39.8,13.0,40.6,0.295,30.2,clear,large_ev,75,190,2400,unladen,0.1,2400.1,3.171,346.0
3458,17.15,city,0.5,4.4,26.2,0.552,29.4,rain,small_ev,24,140,1400,half_load,179.8,1579.8,6.997,407.9
3460,27.23,arterial,4.5,12.0,43.4,0.28,29.7,clear,mid_ev,40,160,1900,half_load,194.2,2094.2,7.908,290.4
3461,15.9,arterial,12.7,5.7,50.8,0.318,27.5,clear,large_ev,75,190,2400,unladen,56.9,2456.9,6.389,401.9
3462,20.5,arterial,38.6,9.2,40.9,0.345,32.6,clear,small_ev,24,140,1400,half_load,138.6,1538.6,5.24,255.6
3463,7.43,arterial,4.4,48.1,42.6,0.588,27.6,clear,mid_ev,40,160,1900,half_load,183.2,2083.2,2.915,392.4
3464,12.62,city,17.5,0.3,29.5,0.457,32.1,clear,large_ev,75,190,2400,full_load,511.7,2911.7,7.957,630.4
3465,24.26,arterial,20.4,24.8,42.4,0.191,29.5,rain,mid_ev,40,160,1900,unladen,18.3,1918.3,6.378,262.9
3466,15.64,arterial,27.5,47.8,52.8,0.294,24.1,clear,large_ev,75,190,2400,full_load,575.9,2975.9,6.889,440.6
3468,9.13,city,4.9,4.2,18.3,0.428,23.1,clear,large_ev,75,190,2400,full_load,587.4,2987.4,4.708,515.5
3469,148.5,highway,31.5,3.7,88.9,0.096,35.2,clear,large_ev,75,190,2400,full_load,510.2,2910.2,118.008,794.7
3470,3.02,city,25.3,6.0,28.4,0.575,27.2,clear,small_ev,24,140,1400,half_load,159.7,1559.7,1.276,423.0
3472,127.53,highway,8.9,68.5,78.3,0.742,34.4,clear,small_ev,24,140,1400,unladen,5.6,1405.6,64.567,506.3
3473,53.21,highway,28.7,73.3,74.5,0.116,27.0,clear,small_ev,24,140,1400,full_load,285.4,1685.4,20.895,392.7
3474,18.28,arterial,2.6,2.4,51.5,0.437,23.3,clear,large_ev,75,190,2400,half_load,303.8,2703.8,8.572,469.0
3475,24.46,arterial,47.9,7.9,47.9,0.376,23.8,clear,large_ev,75,190,2400,half_load,358.1,2758.1,10.727,438.5
3477,79.73,highway,5.8,85.0,75.6,0.296,37.0,clear,large_ev,75,190,2400,full_load,527.3,2927.3,55.134,691.6
3478,31.04,highway,3.1,29.4,77.9,0.655,34.6,rain,large_ev,75,190,2400,unladen,2.1,2402.1,23.628,761.3
3479,3.47,city,2.6,10.4,19.4,0.449,33.0,clear,mid_ev,40,160,1900,half_load,201.5,2101.5,1.438,414.8
3480,44.83,arterial,0.3,13.4,40.6,0.891,29.1,clear,large_ev,75,190,2400,half_load,277.0,2677.0,29.257,652.6
3481,14.46,city,2.6,18.6,33.4,0.804,38.6,clear,small_ev,24,140,1400,unladen,18.3,1418.3,8.226,568.8
3482,23.51,arterial,9.3,45.8,40.2,0.461,32.3,clear,large_ev,75,190,2400,full_load,546.2,2946.2,10.926,464.8
3483,4.88,arterial,0.5,12.7,38.7,0.491,32.6,rain,large_ev,75,190,2400,unladen,33.0,2433.0,2.104,430.8
3484,47.95,highway,0.4,26.3,101.4,0.111,37.0,clear,mid_ev,40,160,1900,full_load,394.3,2294.3,44.48,927.6
3485,45.94,arterial,31.5,12.5,42.8,0.525,35.2,clear,mid_ev,40,160,1900,unladen,24.6,1924.6,17.761,386.6
3487,65.85,highway,5.1,51.2,57.0,0.047,36.1,clear,mid_ev,40,160,1900,half_load,181.4,2081.4,20.578,312.5
3488,99.33,highway,5.9,29.5,79.0,0.25,27.7,clear,large_ev,75,190,2400,full_load,547.6,2947.6,60.236,606.4
3489,6.43,city,25.0,10.7,24.6,0.952,31.8,heavy_rain,mid_ev,40,160,1900,unladen,31.2,1931.2,5.184,806.5
3490,106.93,highway,54.1,51.6,78.8,0.149,33.8,clear,small_ev,24,140,1400,full_load,260.4,1660.4,48.438,453.0
3492,86.54,highway,76.6,17.7,79.3,0.137,27.9,rain,small_ev,24,140,1400,full_load,274.7,1674.7,38.736,447.6
3494,82.3,highway,33.6,42.6,108.5,0.396,37.5,clear,mid_ev,40,160,1900,unladen,0.3,1900.3,84.251,1023.7
3497,86.17,highway,44.1,47.7,84.8,0.223,31.7,clear,large_ev,75,190,2400,unladen,55.1,2455.1,59.808,694.1
3498,4.86,city,0.4,0.8,34.7,0.712,31.4,heavy_rain,large_ev,75,190,2400,full_load,547.5,2947.5,4.69,964.4
3499,21.02,arterial,25.2,4.1,44.0,0.655,29.9,rain,mid_ev,40,160,1900,half_load,239.7,2139.7,9.886,470.2
3501,76.94,highway,18.7,109.9,92.4,0.157,38.0,clear,small_ev,24,140,1400,full_load,291.2,1691.2,46.406,603.1
3503,7.16,city,2.6,26.6,22.4,0.37,38.6,clear,large_ev,75,190,2400,full_load,574.4,2974.4,3.896,544.2
3504,83.75,highway,26.7,19.2,93.6,0.292,41.5,rain,mid_ev,40,160,1900,half_load,213.8,2113.8,72.375,864.2
3505,61.44,highway,45.3,72.0,88.0,0.011,33.2,clear,mid_ev,40,160,1900,half_load,203.8,2103.8,37.275,606.7
3506,6.01,city,18.5,0.8,27.7,0.93,36.3,rain,mid_ev,40,160,1900,half_load,245.4,2145.4,5.567,925.9
3508,13.1,arterial,20.9,13.7,42.5,0.199,24.0,clear,mid_ev,40,160,1900,unladen,21.2,1921.2,3.309,252.5
3509,81.07,highway,8.5,12.7,91.0,0.167,34.4,clear,large_ev,75,190,2400,half_load,318.7,2718.7,68.147,840.6
3510,14.47,arterial,1.1,25.4,47.6,0.627,34.6,clear,small_ev,24,140,1400,full_load,280.1,1680.1,5.855,404.7
3511,73.36,highway,19.3,6.2,73.6,0.117,31.1,clear,mid_ev,40,160,1900,full_load,409.8,2309.8,31.965,435.7
3512,2.51,city,1.4,9.6,26.2,0.724,26.5,clear,mid_ev,40,160,1900,unladen,35.9,1935.9,1.494,594.2
3513,44.58,highway,0.3,9.6,71.0,0.125,38.6,clear,small_ev,24,140,1400,unladen,16.2,1416.2,17.965,403.0
3514,6.47,city,16.2,40.5,22.7,0.15,42.0,clear,mid_ev,40,160,1900,unladen,18.7,1918.7,1.459,225.5
3517,47.23,arterial,31.3,8.2,54.6,0.334,27.3,clear,small_ev,24,140,1400,unladen,24.8,1424.8,13.931,294.9
3518,1.86,city,6.9,0.0,16.4,0.67,28.3,clear,large_ev,75,190,2400,half_load,242.1,2642.1,1.307,701.7
3519,51.11,highway,77.4,47.2,85.8,0.134,34.6,rain,small_ev,24,140,1400,full_load,292.7,1692.7,28.969,566.8
3523,5.74,city,2.4,1.9,20.3,0.194,29.5,clear,large_ev,75,190,2400,unladen,39.1,2439.1,1.485,258.8
3524,12.0,arterial,10.5,4.1,42.1,0.404,33.7,rain,large_ev,75,190,2400,half_load,316.7,2716.7,5.439,453.1
3525,9.24,arterial,102.8,8.8,48.8,0.198,33.3,clear,small_ev,24,140,1400,half_load,154.7,1554.7,2.614,282.9
3526,17.59,arterial,13.0,8.4,45.8,0.771,29.3,clear,mid_ev,40,160,1900,half_load,246.5,2146.5,9.093,516.9
3527,22.94,arterial,57.3,35.1,52.8,0.44,33.0,clear,mid_ev,40,160,1900,full_load,393.9,2293.9,10.695,466.2
3529,64.73,highway,11.3,1.1,85.5,0.364,29.4,clear,large_ev,75,190,2400,half_load,338.0,2738.0,46.311,715.5
3530,99.88,highway,46.5,21.9,83.1,0.014,26.5,clear,large_ev,75,190,2400,full_load,573.5,2973.5,63.216,633.0
3531,1.0,city,10.0,30.3,32.8,0.912,37.5,clear,large_ev,75,190,2400,half_load,316.9,2716.9,1.106,1105.8
3532,12.89,arterial,24.3,44.1,54.8,0.597,34.2,clear,small_ev,24,140,1400,unladen,0.7,1400.7,4.925,382.2
3533,3.36,city,15.7,0.8,15.2,0.649,27.5,clear,small_ev,24,140,1400,unladen,18.8,1418.8,1.258,374.8
3534,63.56,highway,154.1,12.9,79.6,0.028,30.6,clear,small_ev,24,140,1400,half_load,135.0,1535.0,26.331,414.2
3536,18.16,city,2.4,0.8,21.9,0.514,27.3,rain,large_ev,75,190,2400,unladen,33.8,2433.8,10.021,551.7
3538,10.85,arterial,3.4,3.1,37.5,0.352,31.5,clear,mid_ev,40,160,1900,unladen,33.1,1933.1,2.948,271.7
3539,11.77,arterial,24.3,17.2,49.0,0.421,33.5,clear,small_ev,24,140,1400,full_load,288.4,1688.4,4.115,349.5
3540,6.11,arterial,17.1,31.5,61.2,0.075,31.9,clear,large_ev,75,190,2400,unladen,59.3,2459.3,2.557,418.2
3542,9.23,arterial,3.7,45.5,46.4,0.403,39.7,rain,mid_ev,40,160,1900,full_load,399.3,2299.3,4.185,453.2
3543,7.55,arterial,38.9,10.8,51.7,0.393,33.5,rain,small_ev,24,140,1400,full_load,275.8,1675.8,2.945,389.8
3544,3.88,city,0.5,11.6,21.8,0.322,35.7,clear,small_ev,24,140,1400,unladen,21.1,1421.1,0.941,242.2
3545,9.63,arterial,7.8,31.8,43.0,0.119,34.0,clear,mid_ev,40,160,1900,half_load,258.4,2158.4,2.32,240.8
3546,6.68,city,11.2,16.4,34.1,0.276,20.0,rain,large_ev,75,190,2400,unladen,14.6,2414.6,2.538,379.8
3548,6.89,arterial,1.1,18.2,45.0,0.113,35.0,clear,large_ev,75,190,2400,full_load,581.5,2981.5,2.123,308.1
3549,2.15,city,3.6,18.5,32.3,0.881,29.9,clear,large_ev,75,190,2400,unladen,52.0,2452.0,1.949,905.7
3551,1.81,city,2.3,3.9,20.0,0.338,34.1,clear,mid_ev,40,160,1900,full_load,434.1,2334.1,0.675,372.4
3552,11.29,arterial,76.7,18.9,47.3,0.705,28.0,heavy_rain,large_ev,75,190,2400,full_load,557.7,2957.7,8.529,755.1
3553,3.5,city,4.6,44.2,37.5,0.952,26.1,clear,mid_ev,40,160,1900,unladen,7.9,1907.9,2.635,753.9
3554,43.47,highway,42.8,4.4,93.1,0.052,21.1,rain,mid_ev,40,160,1900,half_load,197.4,2097.4,29.448,677.4
3555,43.33,arterial,42.9,10.7,38.3,0.228,32.6,clear,small_ev,24,140,1400,half_load,145.1,1545.1,8.555,197.4
3556,14.46,arterial,9.7,1.4,43.9,0.381,33.9,rain,large_ev,75,190,2400,half_load,322.8,2722.8,6.962,481.5
3557,11.51,arterial,14.6,14.9,54.5,0.314,28.9,clear,mid_ev,40,160,1900,unladen,5.6,1905.6,4.095,355.8
3558,33.47,arterial,27.3,1.1,36.2,0.068,33.0,clear,mid_ev,40,160,1900,half_load,201.6,2101.6,6.24,186.4
3559,74.91,highway,19.4,36.3,83.7,0.34,21.1,clear,mid_ev,40,160,1900,unladen,8.7,1908.7,41.414,552.9
3560,142.11,highway,85.7,14.6,83.9,0.057,37.5,clear,large_ev,75,190,2400,unladen,11.1,2411.1,98.863,695.7
3562,2.74,city,26.6,2.8,21.8,0.371,34.3,clear,mid_ev,40,160,1900,full_load,403.2,2303.2,1.301,475.5
3563,5.25,city,3.4,0.0,27.1,0.676,35.7,clear,mid_ev,40,160,1900,full_load,447.7,2347.7,3.778,719.1
3564,5.33,arterial,13.5,1.0,53.7,0.222,33.7,clear,mid_ev,40,160,1900,half_load,188.7,2088.7,1.95,365.5
3565,66.98,highway,3.4,2.6,100.0,0.261,35.9,rain,small_ev,24,140,1400,half_load,147.4,1547.4,45.626,681.1
3566,1.53,city,6.9,6.7,30.5,0.7,22.6,clear,mid_ev,40,160,1900,half_load,196.1,2096.1,0.985,642.5
3567,25.5,arterial,38.7,2.1,52.1,0.462,29.3,clear,large_ev,75,190,2400,full_load,552.8,2952.8,13.63,534.5
3568,4.43,city,18.1,4.4,18.4,0.301,35.9,rain,mid_ev,40,160,1900,half_load,230.9,2130.9,1.536,346.4
3569,9.02,arterial,1.0,10.4,60.9,0.391,38.4,clear,small_ev,24,140,1400,half_load,130.1,1530.1,3.816,423.3
3570,5.85,city,11.6,6.2,21.7,0.792,32.0,clear,mid_ev,40,160,1900,half_load,215.7,2115.7,4.142,708.3
3571,12.94,arterial,28.3,10.6,51.9,0.114,30.0,clear,small_ev,24,140,1400,half_load,160.1,1560.1,3.059,236.4
3572,18.66,arterial,15.4,1.6,53.1,0.306,37.1,clear,large_ev,75,190,2400,half_load,309.1,2709.1,9.475,507.8
3573,8.41,city,6.8,5.5,13.8,0.113,34.9,heavy_rain,large_ev,75,190,2400,full_load,544.0,2944.0,2.06,245.1
3575,12.25,arterial,1.5,6.9,52.8,0.68,27.2,clear,mid_ev,40,160,1900,full_load,437.2,2337.2,6.018,491.2
3576,5.53,arterial,0.5,7.0,32.7,0.24,37.7,clear,large_ev,75,190,2400,unladen,24.2,2424.2,1.641,296.6
3577,1.37,city,14.4,3.7,21.5,0.639,31.7,clear,large_ev,75,190,2400,half_load,336.2,2736.2,1.048,766.4
3578,24.01,arterial,28.6,25.8,55.5,0.811,30.4,clear,small_ev,24,140,1400,unladen,14.0,1414.0,10.349,431.0
3579,11.08,city,7.9,4.6,36.3,0.341,37.0,clear,mid_ev,40,160,1900,full_load,428.5,2328.5,5.107,461.0
3580,46.12,arterial,12.2,48.9,40.9,0.513,27.7,rain,small_ev,24,140,1400,full_load,283.4,1683.4,14.883,322.7
3581,7.73,city,9.9,2.0,23.8,0.561,31.5,rain,large_ev,75,190,2400,half_load,307.0,2707.0,5.083,657.2
3582,33.7,highway,49.9,38.4,77.7,0.141,35.0,clear,large_ev,75,190,2400,unladen,3.0,2403.0,21.707,644.2
3583,6.56,city,29.1,8.7,34.1,0.243,30.1,clear,small_ev,24,140,1400,unladen,21.3,1421.3,1.548,235.8
3584,13.67,arterial,18.6,1.0,52.2,0.897,22.6,heavy_rain,small_ev,24,140,1400,unladen,1.0,1401.0,6.229,455.8
3586,1.45,city,2.6,9.0,22.2,0.703,32.9,rain,small_ev,24,140,1400,full_load,273.8,1673.8,0.748,515.4
3587,11.5,arterial,19.4,0.9,39.9,0.307,30.8,clear,small_ev,24,140,1400,unladen,21.4,1421.4,2.668,232.0
3588,20.5,city,14.8,15.3,20.9,0.878,30.0,rain,small_ev,24,140,1400,unladen,14.3,1414.3,10.235,499.1
3589,5.0,city,0.6,0.4,17.3,0.335,32.7,clear,mid_ev,40,160,1900,unladen,29.0,1929.0,1.528,305.7
3590,12.27,city,0.8,1.2,19.6,0.707,31.9,rain,mid_ev,40,160,1900,unladen,17.2,1917.2,6.799,554.1
3592,37.02,highway,29.2,110.5,92.4,0.072,28.4,clear,small_ev,24,140,1400,full_load,258.1,1658.1,19.354,522.8
3593,88.0,highway,10.6,19.1,77.8,0.186,29.6,clear,small_ev,24,140,1400,unladen,19.8,1419.8,36.081,410.0
3594,39.46,arterial,45.8,32.7,45.7,0.381,24.0,clear,small_ev,24,140,1400,full_load,260.0,1660.0,11.153,282.6
3595,83.49,highway,48.7,13.7,77.7,0.009,37.2,clear,large_ev,75,190,2400,half_load,272.6,2672.6,50.599,606.0
3597,56.99,highway,7.3,0.8,90.3,0.347,31.8,clear,small_ev,24,140,1400,unladen,25.4,1425.4,34.171,599.6
3598,6.95,city,6.6,7.6,22.4,0.623,29.6,clear,large_ev,75,190,2400,half_load,311.6,2711.6,4.849,698.1
3600,24.65,arterial,6.4,24.5,40.3,0.515,31.7,rain,large_ev,75,190,2400,half_load,302.2,2702.2,11.49,466.1
3601,6.18,city,0.7,0.8,15.0,0.629,32.7,clear,small_ev,24,140,1400,unladen,5.7,1405.7,2.102,340.0
3602,16.81,highway,25.4,24.4,89.9,0.469,28.1,clear,small_ev,24,140,1400,half_load,147.6,1547.6,9.152,544.6
3604,3.14,arterial,18.5,29.3,46.4,0.297,35.1,clear,mid_ev,40,160,1900,unladen,39.5,1939.5,1.025,326.8
3605,3.38,city,0.9,5.3,25.8,0.6,32.7,rain,mid_ev,40,160,1900,half_load,223.9,2123.9,1.894,559.4
3609,12.57,arterial,0.1,8.2,46.4,0.461,23.3,rain,mid_ev,40,160,1900,unladen,16.0,1916.0,4.446,353.6
3611,33.66,city,0.5,10.4,17.6,0.777,34.3,heavy_rain,large_ev,75,190,2400,half_load,332.9,2732.9,32.656,970.1
3612,34.78,arterial,13.9,21.1,39.8,0.496,23.2,clear,mid_ev,40,160,1900,full_load,383.5,2283.5,12.547,360.8
3613,13.82,arterial,32.0,17.7,46.9,0.448,32.8,clear,large_ev,75,190,2400,full_load,571.3,2971.3,7.115,514.9
3615,1.62,city,15.5,11.3,20.0,0.667,28.6,heavy_rain,mid_ev,40,160,1900,half_load,249.0,2149.0,1.028,633.0
3617,5.28,city,7.3,1.1,25.4,0.125,37.1,clear,large_ev,75,190,2400,unladen,51.9,2451.9,1.399,264.8
3618,4.9,arterial,4.5,25.9,42.5,0.639,32.5,clear,small_ev,24,140,1400,unladen,24.2,1424.2,1.711,349.4
3619,21.28,arterial,24.4,5.2,52.9,0.22,26.9,clear,large_ev,75,190,2400,full_load,591.9,2991.9,8.95,420.5
3620,55.36,highway,154.3,2.0,85.4,0.062,32.6,clear,large_ev,75,190,2400,full_load,570.1,2970.1,40.264,727.3
3621,88.75,highway,5.9,25.2,72.3,0.115,39.7,rain,large_ev,75,190,2400,full_load,588.4,2988.4,52.801,594.9
3622,4.55,city,6.0,14.9,21.4,0.471,32.9,clear,small_ev,24,140,1400,unladen,15.1,1415.1,1.372,301.8
3623,3.21,city,6.7,7.0,29.3,0.249,29.7,rain,large_ev,75,190,2400,full_load,554.8,2954.8,1.33,414.1
3624,17.87,highway,5.5,113.7,96.8,0.182,34.8,clear,mid_ev,40,160,1900,unladen,10.2,1910.2,13.534,757.2
3625,138.83,highway,113.0,45.1,89.1,0.13,33.0,rain,mid_ev,40,160,1900,full_load,449.0,2349.0,93.485,673.4
3627,40.99,arterial,1.6,19.3,44.8,0.255,28.6,heavy_rain,small_ev,24,140,1400,half_load,165.4,1565.4,10.337,252.2
3628,4.28,city,8.5,1.6,24.6,0.691,20.0,clear,mid_ev,40,160,1900,unladen,15.6,1915.6,2.273,531.1
3629,31.48,arterial,52.1,4.5,41.9,0.231,32.1,clear,mid_ev,40,160,1900,half_load,240.8,2140.8,9.43,299.5
3630,3.01,city,9.8,21.1,25.1,0.63,26.7,clear,small_ev,24,140,1400,half_load,145.2,1545.2,1.22,405.2
3631,68.7,highway,50.1,22.8,89.1,0.024,35.9,clear,mid_ev,40,160,1900,full_load,392.2,2292.2,42.503,618.7
3632,12.18,arterial,27.3,19.2,60.1,0.664,25.4,clear,mid_ev,40,160,1900,unladen,18.4,1918.4,6.379,523.8
3634,13.61,arterial,97.3,22.5,38.8,0.274,23.7,clear,mid_ev,40,160,1900,half_load,268.5,2168.5,4.124,303.0
3635,12.42,city,0.9,9.8,23.8,0.36,24.6,rain,large_ev,75,190,2400,full_load,539.5,2939.5,5.898,474.9
3637,17.85,arterial,113.7,23.5,41.9,0.242,31.2,clear,mid_ev,40,160,1900,full_load,439.1,2339.1,5.854,327.9
3638,6.1,city,4.9,2.3,25.1,0.694,30.8,clear,mid_ev,40,160,1900,unladen,39.0,1939.0,3.482,570.5
3639,19.34,city,2.8,0.4,25.6,0.71,34.0,clear,small_ev,24,140,1400,full_load,270.3,1670.3,9.76,504.7
3640,39.18,highway,38.5,22.1,95.2,0.048,28.2,clear,mid_ev,40,160,1900,half_load,227.0,2127.0,25.522,651.4
3641,41.55,highway,29.0,7.0,86.2,0.531,40.6,rain,mid_ev,40,160,1900,half_load,218.3,2118.3,34.243,824.1
3642,9.83,arterial,91.6,6.4,44.7,0.389,42.0,clear,large_ev,75,190,2400,half_load,336.7,2736.7,6.202,630.9
3643,17.87,city,0.4,0.5,21.5,0.86,29.1,clear,mid_ev,40,160,1900,full_load,398.2,2298.2,13.035,729.5
3644,3.49,city,1.7,1.5,18.7,0.845,33.1,clear,mid_ev,40,160,1900,half_load,240.3,2140.3,2.433,696.4
3645,68.63,highway,66.1,20.4,82.8,0.418,36.0,clear,small_ev,24,140,1400,full_load,258.3,1658.3,37.757,550.1
3647,12.38,arterial,1.7,23.1,33.9,0.214,33.7,clear,small_ev,24,140,1400,full_load,299.5,1699.5,2.58,208.4
3648,15.52,arterial,13.6,76.4,35.6,0.305,35.3,rain,small_ev,24,140,1400,half_load,136.9,1536.9,3.694,238.0
3650,27.99,arterial,18.7,2.2,28.8,0.492,26.3,clear,large_ev,75,190,2400,full_load,537.6,2937.6,10.86,388.0
3651,35.41,highway,43.3,28.7,95.8,0.189,26.7,clear,mid_ev,40,160,1900,unladen,20.7,1920.7,24.055,679.3
3653,22.76,arterial,0.7,12.5,49.1,0.567,36.6,clear,small_ev,24,140,1400,unladen,8.1,1408.1,8.026,352.6
3654,6.47,city,12.0,9.0,12.2,0.867,24.0,clear,small_ev,24,140,1400,half_load,175.7,1575.7,3.148,486.7
3655,7.33,arterial,21.7,3.3,52.6,0.41,25.9,rain,small_ev,24,140,1400,full_load,273.1,1673.1,2.593,353.6
3656,45.29,arterial,4.9,4.5,37.6,0.191,35.8,heavy_rain,small_ev,24,140,1400,half_load,143.6,1543.6,10.137,223.8
3658,180.78,highway,76.5,5.6,87.5,0.441,35.5,clear,large_ev,75,190,2400,unladen,18.9,2418.9,146.174,808.6
3659,74.12,highway,4.3,25.7,94.7,0.061,26.1,clear,mid_ev,40,160,1900,full_load,419.4,2319.4,49.848,672.5
3661,12.85,city,0.1,8.5,29.1,0.386,29.2,clear,large_ev,75,190,2400,half_load,327.5,2727.5,6.165,479.7
3664,43.01,highway,32.3,0.8,87.9,0.226,32.8,clear,large_ev,75,190,2400,half_load,260.5,2660.5,32.343,751.9
3665,75.63,highway,5.8,14.0,82.8,0.006,20.0,clear,large_ev,75,190,2400,unladen,13.6,2413.6,44.772,592.0
3666,30.2,arterial,5.1,27.7,53.5,0.194,29.7,rain,mid_ev,40,160,1900,full_load,422.5,2322.5,10.139,335.7
3668,7.88,city,7.3,12.2,18.7,0.68,39.2,clear,large_ev,75,190,2400,full_load,587.5,2987.5,7.368,935.6
3669,22.98,arterial,8.6,0.5,51.3,0.6,33.2,clear,small_ev,24,140,1400,half_load,143.7,1543.7,8.193,356.6
3670,81.62,highway,20.4,31.4,82.7,0.178,35.1,clear,large_ev,75,190,2400,half_load,247.9,2647.9,56.737,695.2
3671,19.1,highway,1.0,6.4,78.7,0.007,21.8,clear,small_ev,24,140,1400,unladen,29.0,1429.0,7.604,398.0
3672,5.52,city,6.6,4.1,24.9,0.777,27.1,clear,mid_ev,40,160,1900,half_load,231.5,2131.5,3.678,666.7
3673,120.58,highway,33.0,32.2,87.0,0.063,32.2,rain,large_ev,75,190,2400,half_load,246.4,2646.4,89.976,746.2
3674,5.87,city,16.4,1.5,20.2,0.496,34.2,heavy_rain,small_ev,24,140,1400,half_load,154.0,1554.0,2.248,382.9
3675,19.04,arterial,54.2,25.2,48.7,0.399,31.0,rain,mid_ev,40,160,1900,full_load,403.7,2303.7,8.05,422.8
3676,27.48,arterial,8.4,14.1,38.5,0.41,31.8,rain,large_ev,75,190,2400,unladen,54.4,2454.4,10.857,395.1
3677,8.92,city,5.7,1.0,22.7,0.72,32.8,clear,small_ev,24,140,1400,full_load,298.6,1698.6,4.857,544.5
3679,1.0,city,3.6,8.9,24.1,0.779,27.2,clear,large_ev,75,190,2400,half_load,268.2,2668.2,0.789,789.3
3681,59.87,highway,28.0,134.8,101.3,0.082,30.0,clear,small_ev,24,140,1400,full_load,287.4,1687.4,39.109,653.3
3682,68.48,highway,55.4,19.1,88.9,0.079,21.7,rain,large_ev,75,190,2400,half_load,308.6,2708.6,48.767,712.1
3683,2.32,arterial,2.7,26.9,41.1,0.531,38.3,clear,small_ev,24,140,1400,unladen,17.7,1417.7,0.767,330.5
3684,8.71,city,5.7,3.5,25.5,0.489,36.7,clear,small_ev,24,140,1400,full_load,264.1,1664.1,3.476,399.1
3685,1.32,city,9.2,9.8,29.6,0.685,20.0,clear,large_ev,75,190,2400,full_load,517.7,2917.7,1.076,812.6
3686,5.75,city,6.6,6.5,32.4,0.64,30.7,clear,small_ev,24,140,1400,unladen,17.3,1417.3,2.341,407.0
3687,8.34,arterial,34.9,8.5,51.6,0.198,35.5,clear,small_ev,24,140,1400,half_load,164.6,1564.6,2.475,296.9
3688,2.53,arterial,4.8,26.5,32.6,0.361,32.3,clear,large_ev,75,190,2400,unladen,13.1,2413.1,0.839,331.4
3689,15.56,city,9.2,3.5,16.8,0.419,37.4,clear,small_ev,24,140,1400,half_load,125.6,1525.6,4.674,300.4
3690,36.23,arterial,7.1,76.4,44.6,0.249,36.0,clear,mid_ev,40,160,1900,unladen,11.8,1911.8,10.83,298.9
3691,4.73,city,8.0,15.5,14.9,0.132,33.1,clear,small_ev,24,140,1400,unladen,26.4,1426.4,0.577,122.1
3693,24.95,arterial,23.8,42.0,45.7,0.404,35.2,clear,mid_ev,40,160,1900,full_load,436.1,2336.1,10.421,417.6
3694,12.08,city,0.6,4.3,21.6,0.97,35.1,heavy_rain,large_ev,75,190,2400,half_load,274.1,2674.1,14.006,1159.4
3696,8.04,city,0.0,1.0,16.6,0.838,31.6,clear,small_ev,24,140,1400,full_load,261.6,1661.6,4.391,546.2
3697,5.99,city,2.2,0.8,15.9,0.486,40.4,clear,small_ev,24,140,1400,unladen,24.8,1424.8,1.979,330.4
3698,7.48,city,2.9,0.4,20.6,0.344,39.9,rain,mid_ev,40,160,1900,unladen,30.6,1930.6,2.697,360.7
3699,1.13,city,1.0,0.5,27.2,0.675,33.5,clear,small_ev,24,140,1400,full_load,261.0,1661.0,0.58,514.1
3700,1.73,city,3.8,1.3,12.5,0.776,32.0,clear,large_ev,75,190,2400,unladen,35.1,2435.1,1.245,718.8
3701,42.59,highway,7.5,36.4,81.9,0.154,24.0,clear,large_ev,75,190,2400,unladen,10.3,2410.3,25.13,590.1
3702,49.51,highway,34.3,14.4,114.6,0.041,32.3,clear,large_ev,75,190,2400,half_load,356.7,2756.7,56.58,1142.9
3703,6.57,city,11.2,16.6,26.6,0.667,36.1,clear,small_ev,24,140,1400,half_load,129.3,1529.3,2.969,451.7
3705,2.72,city,5.6,3.1,21.0,0.241,34.6,clear,large_ev,75,190,2400,unladen,43.1,2443.1,0.891,327.6
3706,64.15,highway,43.3,2.5,82.4,0.074,38.1,clear,small_ev,24,140,1400,unladen,2.3,1402.3,32.051,499.6
3707,52.56,arterial,19.2,27.9,53.8,0.736,33.8,clear,large_ev,75,190,2400,unladen,14.6,2414.6,34.335,653.2
3708,4.56,city,6.9,8.8,26.4,0.651,35.7,clear,mid_ev,40,160,1900,half_load,232.9,2132.9,2.908,638.1
3709,50.3,highway,36.4,2.1,82.4,0.21,31.9,clear,mid_ev,40,160,1900,unladen,11.7,1911.7,29.546,587.4
3710,29.63,arterial,41.1,16.8,49.3,0.134,36.3,clear,large_ev,75,190,2400,unladen,50.2,2450.2,10.348,349.3
3711,18.86,arterial,19.7,0.7,36.8,0.236,26.7,clear,mid_ev,40,160,1900,half_load,183.6,2083.6,4.815,255.4
3712,21.15,highway,27.9,29.9,86.9,0.069,39.9,rain,large_ev,75,190,2400,unladen,29.0,2429.0,17.986,850.2
3713,28.09,arterial,29.2,0.2,50.9,0.43,23.2,clear,small_ev,24,140,1400,unladen,26.9,1426.9,8.497,302.6
3714,3.97,city,1.8,1.8,21.1,0.763,24.3,clear,large_ev,75,190,2400,unladen,51.6,2451.6,2.791,702.6
3715,6.94,city,14.6,8.7,27.3,0.191,33.4,clear,small_ev,24,140,1400,half_load,122.1,1522.1,1.408,202.9
3716,4.03,city,7.3,7.9,15.8,0.932,28.7,clear,large_ev,75,190,2400,half_load,340.9,2740.9,4.067,1009.6
3717,33.29,arterial,11.1,3.0,44.9,0.195,25.6,rain,small_ev,24,140,1400,unladen,28.9,1428.9,7.229,217.1
3719,45.61,arterial,31.8,8.2,55.0,0.258,34.7,rain,mid_ev,40,160,1900,unladen,43.7,1943.7,18.302,401.3
3721,50.43,arterial,7.0,42.2,44.6,0.342,29.1,rain,small_ev,24,140,1400,half_load,173.8,1573.8,13.544,268.6
3723,40.51,highway,68.0,64.6,77.5,0.256,29.2,clear,large_ev,75,190,2400,half_load,330.9,2730.9,25.785,636.4
3725,8.03,city,14.7,0.8,21.8,0.287,32.8,clear,small_ev,24,140,1400,unladen,3.0,1403.0,1.79,222.9
3726,17.82,city,1.2,3.2,30.6,0.097,29.6,clear,mid_ev,40,160,1900,unladen,2.9,1902.9,3.169,177.8
3727,17.78,arterial,0.1,0.1,41.0,0.366,30.6,rain,mid_ev,40,160,1900,unladen,27.3,1927.3,5.217,293.4
3728,51.28,highway,49.1,15.7,77.7,0.041,27.0,heavy_rain,large_ev,75,190,2400,unladen,36.9,2436.9,29.88,582.6
3729,45.89,highway,45.1,23.4,77.7,0.105,24.4,clear,small_ev,24,140,1400,full_load,272.2,1672.2,17.963,391.4
3730,7.49,arterial,28.1,5.3,50.5,0.439,34.3,clear,small_ev,24,140,1400,half_load,127.5,1527.5,2.699,360.3
3731,25.92,arterial,23.6,20.7,49.8,0.312,38.2,clear,small_ev,24,140,1400,full_load,272.9,1672.9,8.514,328.5
3733,3.88,city,3.7,1.4,16.7,0.433,23.1,clear,large_ev,75,190,2400,full_load,571.6,2971.6,2.093,539.6
3736,92.31,highway,34.9,11.3,90.2,0.182,35.8,rain,large_ev,75,190,2400,half_load,305.5,2705.5,77.328,837.7
3737,12.8,city,3.6,2.9,25.0,0.67,29.3,rain,small_ev,24,140,1400,full_load,260.3,1660.3,6.005,469.0
3738,8.67,city,11.8,4.4,17.9,0.741,33.3,clear,mid_ev,40,160,1900,half_load,264.8,2164.8,6.02,694.1
3739,29.49,highway,2.8,84.4,72.1,0.156,22.6,clear,small_ev,24,140,1400,half_load,154.0,1554.0,10.39,352.4
3741,28.3,highway,7.0,26.6,79.8,0.191,36.0,clear,large_ev,75,190,2400,unladen,40.3,2440.3,19.187,677.9
3742,16.77,arterial,10.6,9.2,35.1,0.552,33.3,rain,large_ev,75,190,2400,half_load,242.6,2642.6,7.827,466.8
3743,59.27,highway,21.4,2.6,88.1,0.083,24.1,clear,mid_ev,40,160,1900,full_load,403.1,2303.1,35.683,602.0
3744,103.39,highway,18.2,12.4,87.7,0.175,25.4,heavy_rain,mid_ev,40,160,1900,unladen,1.1,1901.1,64.632,625.1
3745,21.47,arterial,17.3,4.9,62.0,0.468,28.0,clear,mid_ev,40,160,1900,unladen,42.7,1942.7,10.049,468.0
3746,3.71,city,4.2,6.2,24.5,0.725,30.1,rain,mid_ev,40,160,1900,unladen,32.5,1932.5,2.161,582.5
3748,7.04,city,1.5,7.3,12.6,0.261,32.9,clear,small_ev,24,140,1400,unladen,13.4,1413.4,1.3,184.6
3749,3.54,arterial,21.8,8.2,35.7,0.205,28.0,rain,large_ev,75,190,2400,half_load,316.5,2716.5,1.127,318.6
3750,43.96,highway,44.7,29.9,74.7,0.231,26.9,rain,small_ev,24,140,1400,unladen,19.8,1419.8,17.223,391.8
3751,6.94,arterial,8.1,7.4,52.1,0.589,30.6,rain,mid_ev,40,160,1900,half_load,237.8,2137.8,3.29,473.9
3752,69.51,highway,38.9,65.8,91.9,0.07,31.6,clear,small_ev,24,140,1400,full_load,263.5,1663.5,38.954,560.4
3753,81.39,highway,41.5,0.9,73.8,0.252,24.7,clear,mid_ev,40,160,1900,half_load,244.2,2144.2,38.646,474.9
3754,85.17,highway,11.8,57.9,87.2,0.348,31.8,clear,mid_ev,40,160,1900,half_load,212.2,2112.2,55.9,656.3
3756,59.89,highway,0.8,15.2,82.4,0.086,25.8,heavy_rain,large_ev,75,190,2400,unladen,31.7,2431.7,38.362,640.5
3757,1.04,city,37.4,11.9,20.1,0.842,34.7,clear,large_ev,75,190,2400,half_load,334.1,2734.1,1.281,1229.1
3758,93.47,highway,9.9,106.3,95.1,0.147,32.6,clear,large_ev,75,190,2400,full_load,559.9,2959.9,81.059,867.2
3759,79.37,highway,85.7,55.1,74.0,0.215,28.6,clear,large_ev,75,190,2400,unladen,57.8,2457.8,43.911,553.3
3760,113.12,highway,0.6,0.2,77.6,0.307,32.8,rain,mid_ev,40,160,1900,half_load,187.6,2087.6,62.423,551.8
3761,78.61,highway,32.0,0.9,86.1,0.184,29.4,clear,small_ev,24,140,1400,unladen,24.6,1424.6,37.83,481.2
3762,36.89,arterial,9.6,6.8,43.5,0.181,32.2,clear,mid_ev,40,160,1900,full_load,437.5,2337.5,10.499,284.6
3763,4.03,city,8.6,7.9,22.0,0.438,38.6,rain,large_ev,75,190,2400,unladen,56.8,2456.8,2.142,531.8
3764,8.52,arterial,3.0,27.0,43.8,0.544,38.0,heavy_rain,small_ev,24,140,1400,half_load,122.2,1522.2,3.25,381.2
3765,5.17,city,11.0,5.5,19.3,0.647,27.9,rain,large_ev,75,190,2400,full_load,584.0,2984.0,4.036,781.3
3766,22.87,city,4.0,14.2,15.6,0.565,27.8,heavy_rain,small_ev,24,140,1400,full_load,272.9,1672.9,9.495,415.2
3769,86.8,highway,115.3,26.6,82.1,0.229,34.7,clear,large_ev,75,190,2400,half_load,259.7,2659.7,56.776,654.1
3771,25.54,arterial,11.7,7.9,44.1,0.397,27.8,clear,large_ev,75,190,2400,half_load,295.2,2695.2,11.031,431.8
3772,148.2,highway,41.3,18.8,97.5,0.045,29.2,rain,small_ev,24,140,1400,full_load,299.5,1699.5,97.412,657.3
3774,38.18,highway,1.8,44.6,74.4,0.099,35.9,clear,small_ev,24,140,1400,full_load,281.0,1681.0,16.255,425.8
3775,15.07,city,27.1,1.7,21.7,0.318,27.9,clear,large_ev,75,190,2400,half_load,268.5,2668.5,6.282,417.0
3777,122.83,highway,18.1,21.5,80.1,0.228,41.4,clear,large_ev,75,190,2400,half_load,341.1,2741.1,91.885,748.0
3778,52.67,highway,9.2,71.1,85.0,0.016,31.7,clear,small_ev,24,140,1400,full_load,264.6,1664.6,23.416,444.6
3779,15.06,city,7.3,0.6,17.5,0.559,28.2,clear,mid_ev,40,160,1900,unladen,22.1,1922.1,6.716,445.9
3780,3.85,city,21.4,22.2,16.2,0.364,24.4,clear,large_ev,75,190,2400,full_load,516.9,2916.9,1.85,480.7
3782,110.95,highway,1.5,11.9,65.4,0.344,33.1,rain,large_ev,75,190,2400,half_load,316.5,2716.5,55.81,503.0
3783,3.47,city,21.4,4.0,21.5,0.297,31.1,clear,small_ev,24,140,1400,full_load,269.6,1669.6,0.942,271.3
3785,78.01,highway,103.6,9.4,81.6,0.363,29.9,rain,small_ev,24,140,1400,unladen,24.1,1424.1,37.925,486.1
3786,17.45,arterial,29.1,3.4,34.5,0.062,33.2,clear,large_ev,75,190,2400,unladen,50.9,2450.9,3.768,215.9
3788,22.87,city,0.7,0.0,13.4,0.734,38.9,clear,large_ev,75,190,2400,unladen,0.4,2400.4,17.443,762.7
3789,26.9,highway,51.9,19.2,84.4,0.338,23.2,clear,small_ev,24,140,1400,half_load,178.3,1578.3,12.997,483.2
3790,22.29,arterial,19.6,7.3,41.6,0.18,29.5,clear,large_ev,75,190,2400,half_load,283.0,2683.0,6.779,304.1
3791,52.02,highway,7.5,12.7,89.8,0.321,32.4,heavy_rain,mid_ev,40,160,1900,half_load,241.6,2141.6,38.183,734.1
3792,11.45,arterial,64.0,10.5,43.2,0.467,22.4,clear,mid_ev,40,160,1900,full_load,396.6,2296.6,4.707,411.0
3793,28.39,city,9.4,5.5,15.3,0.286,27.1,clear,small_ev,24,140,1400,full_load,265.9,1665.9,6.143,216.4
3794,19.05,arterial,30.9,30.1,30.4,0.218,28.6,clear,mid_ev,40,160,1900,half_load,228.9,2128.9,4.144,217.5
3797,2.68,city,0.3,6.1,15.3,0.282,31.9,rain,mid_ev,40,160,1900,half_load,247.9,2147.9,0.808,301.1
3798,44.86,highway,88.3,61.8,86.9,0.08,31.7,heavy_rain,mid_ev,40,160,1900,half_load,219.0,2119.0,27.694,617.3
3799,5.73,city,8.3,1.3,11.6,0.258,25.8,heavy_rain,large_ev,75,190,2400,half_load,336.6,2736.6,2.129,371.6
3800,21.61,arterial,26.8,2.1,34.5,0.59,24.2,clear,large_ev,75,190,2400,full_load,584.8,2984.8,10.791,499.4
3801,13.72,city,4.5,7.0,20.2,0.372,24.6,clear,large_ev,75,190,2400,full_load,582.8,2982.8,6.069,442.3
3802,25.98,arterial,26.1,8.7,54.2,0.442,34.1,clear,mid_ev,40,160,1900,full_load,385.2,2285.2,12.477,480.2
3803,4.46,city,19.4,2.1,37.3,0.576,40.1,clear,large_ev,75,190,2400,full_load,513.5,2913.5,4.313,966.2
3805,73.93,highway,1.6,10.8,96.3,0.045,26.3,rain,mid_ev,40,160,1900,unladen,30.3,1930.3,48.121,650.9
3806,5.71,arterial,8.8,16.1,54.9,0.768,26.7,clear,mid_ev,40,160,1900,half_load,257.4,2157.4,3.168,554.3
3808,92.83,highway,25.1,50.4,110.2,0.265,34.1,clear,large_ev,75,190,2400,unladen,57.2,2457.2,105.779,1139.5
3809,65.58,highway,63.2,14.3,75.3,0.203,38.6,clear,mid_ev,40,160,1900,half_load,262.3,2162.3,38.125,581.4
3810,42.94,highway,34.7,3.5,101.8,0.318,27.2,rain,mid_ev,40,160,1900,full_load,395.6,2295.6,35.876,835.5
3812,39.61,highway,2.6,98.6,78.1,0.113,33.9,clear,large_ev,75,190,2400,unladen,35.4,2435.4,23.133,584.1
3813,2.34,city,0.2,0.4,17.8,0.446,40.2,clear,mid_ev,40,160,1900,full_load,425.2,2325.2,1.263,538.9
3814,3.09,city,5.1,5.0,31.2,0.642,35.0,clear,large_ev,75,190,2400,half_load,293.3,2693.3,2.355,762.7
3815,16.42,highway,19.7,42.0,80.5,0.55,34.1,clear,small_ev,24,140,1400,half_load,132.8,1532.8,8.777,534.6
3816,7.68,arterial,6.5,27.1,46.4,0.143,34.0,clear,large_ev,75,190,2400,full_load,592.0,2992.0,2.699,351.5
3818,30.25,arterial,9.4,9.6,42.5,0.462,42.0,clear,small_ev,24,140,1400,unladen,13.0,1413.0,10.002,330.6
3820,6.7,city,7.6,20.6,22.7,0.543,30.8,clear,large_ev,75,190,2400,unladen,6.4,2406.4,3.691,551.3
3822,181.04,highway,61.1,17.1,62.4,0.174,20.8,clear,mid_ev,40,160,1900,unladen,3.0,1903.0,59.96,331.2
3823,96.89,highway,12.5,10.3,82.6,0.213,34.9,rain,small_ev,24,140,1400,half_load,156.4,1556.4,50.171,517.8
3824,9.9,arterial,5.9,23.7,37.6,0.397,30.3,clear,large_ev,75,190,2400,unladen,45.7,2445.7,3.467,350.0
3827,21.18,arterial,3.4,17.6,55.1,0.63,26.0,rain,mid_ev,40,160,1900,half_load,237.2,2137.2,10.863,512.9
3828,16.62,city,9.2,2.8,18.5,0.503,34.9,clear,large_ev,75,190,2400,full_load,522.6,2922.6,10.866,653.8
3829,23.14,city,5.3,6.7,24.0,0.282,35.6,clear,large_ev,75,190,2400,unladen,47.3,2447.3,9.109,393.6
3830,120.76,highway,41.3,110.2,84.7,0.38,24.5,clear,small_ev,24,140,1400,full_load,294.5,1694.5,60.737,502.9
3831,14.48,arterial,18.5,5.1,28.4,0.586,29.2,clear,small_ev,24,140,1400,half_load,148.8,1548.8,3.828,264.3
3833,57.36,arterial,16.9,1.0,38.1,0.423,27.2,clear,large_ev,75,190,2400,half_load,283.2,2683.2,21.449,373.9
3834,7.33,city,13.3,7.0,21.8,0.482,29.9,clear,mid_ev,40,160,1900,unladen,40.7,1940.7,3.088,421.1
3835,6.25,city,2.0,0.1,14.6,0.845,40.3,rain,mid_ev,40,160,1900,half_load,252.6,2152.6,5.292,846.2
3836,17.17,arterial,4.2,1.9,43.4,0.322,24.3,rain,small_ev,24,140,1400,unladen,17.4,1417.4,4.193,244.2
3838,13.05,arterial,11.9,30.9,48.0,0.238,27.5,clear,small_ev,24,140,1400,unladen,21.8,1421.8,3.002,230.0
3839,80.0,highway,141.5,14.6,73.9,0.337,32.7,clear,small_ev,24,140,1400,half_load,140.9,1540.9,33.311,416.4
3840,6.61,city,0.1,20.7,35.7,0.567,35.2,clear,mid_ev,40,160,1900,unladen,1.2,1901.2,3.646,551.5
3842,5.74,city,2.8,0.7,32.3,0.439,30.0,clear,large_ev,75,190,2400,half_load,289.9,2689.9,3.202,558.2
3843,11.95,arterial,8.2,17.3,37.6,0.469,30.8,clear,large_ev,75,190,2400,full_load,560.3,2960.3,5.556,464.7
3846,165.52,highway,189.1,0.3,91.4,0.336,31.3,clear,small_ev,24,140,1400,full_load,256.2,1656.2,101.467,613.0
3847,11.95,city,3.9,1.0,16.3,0.934,25.4,clear,large_ev,75,190,2400,half_load,282.0,2682.0,11.369,951.3
3849,1.12,city,4.2,7.4,33.8,0.513,39.3,clear,small_ev,24,140,1400,full_load,267.6,1667.6,0.502,447.1
3850,31.28,arterial,0.9,10.9,47.1,0.654,26.0,rain,mid_ev,40,160,1900,half_load,225.6,2125.6,14.405,460.6
3851,10.56,arterial,3.0,0.0,49.2,0.218,37.2,clear,small_ev,24,140,1400,unladen,8.6,1408.6,2.734,259.0
3852,40.49,highway,10.1,15.3,71.3,0.523,33.1,clear,mid_ev,40,160,1900,full_load,422.8,2322.8,21.692,535.7
3853,34.88,arterial,1.0,18.4,38.8,0.308,27.1,clear,large_ev,75,190,2400,unladen,15.5,2415.5,10.714,307.2
3855,47.55,arterial,28.3,32.6,42.6,0.645,33.3,clear,mid_ev,40,160,1900,half_load,236.3,2136.3,20.792,437.3
3856,12.2,arterial,8.6,0.9,53.2,0.197,32.8,clear,large_ev,75,190,2400,full_load,572.6,2972.6,5.183,424.9
3857,14.35,city,4.2,6.8,17.8,0.605,34.1,clear,large_ev,75,190,2400,half_load,265.1,2665.1,9.911,690.7
3858,7.93,city,4.8,5.0,18.2,0.91,33.6,clear,small_ev,24,140,1400,unladen,5.9,1405.9,3.991,503.1
3859,24.19,arterial,38.9,5.8,39.4,0.008,31.3,clear,mid_ev,40,160,1900,half_load,211.5,2111.5,4.253,175.8
3860,25.0,highway,61.3,36.9,78.7,0.155,32.8,clear,small_ev,24,140,1400,half_load,170.0,1570.0,11.363,454.5
3861,71.52,highway,103.1,12.3,104.6,0.323,35.5,rain,small_ev,24,140,1400,full_load,297.8,1697.8,60.705,848.8
3862,2.69,city,1.9,4.3,24.3,0.409,33.0,clear,mid_ev,40,160,1900,unladen,31.5,1931.5,1.045,387.7
3863,79.14,highway,60.9,101.2,85.5,0.303,42.0,rain,small_ev,24,140,1400,half_load,131.1,1531.1,49.073,620.1
3864,7.9,arterial,1.6,7.1,55.8,0.614,40.8,rain,small_ev,24,140,1400,half_load,130.8,1530.8,3.825,484.4
3865,7.35,city,4.4,4.7,11.8,0.67,24.5,heavy_rain,mid_ev,40,160,1900,unladen,33.7,1933.7,3.739,508.7
3866,8.81,city,11.4,18.2,31.3,0.843,33.4,clear,small_ev,24,140,1400,unladen,25.6,1425.6,4.758,540.2
3867,62.74,highway,22.4,44.5,78.0,0.33,31.1,clear,mid_ev,40,160,1900,half_load,231.0,2131.0,31.737,505.9
3869,1.1,city,9.4,11.0,25.3,0.655,30.4,clear,small_ev,24,140,1400,half_load,128.4,1528.4,0.52,474.1
3870,5.09,city,8.0,15.9,17.8,0.663,28.3,clear,large_ev,75,190,2400,half_load,339.6,2739.6,3.513,689.8
3872,23.98,arterial,4.7,30.9,54.5,0.795,31.3,clear,large_ev,75,190,2400,unladen,9.9,2409.9,14.591,608.4
3875,8.65,arterial,18.5,25.4,45.2,0.086,31.0,clear,small_ev,24,140,1400,unladen,22.5,1422.5,1.552,179.4
3877,19.9,arterial,3.8,9.9,38.4,0.795,29.1,clear,small_ev,24,140,1400,full_load,260.6,1660.6,7.264,365.0
3878,159.95,highway,56.1,12.1,76.6,0.204,27.4,rain,mid_ev,40,160,1900,full_load,430.3,2330.3,82.196,513.9
3879,153.42,highway,75.3,47.2,79.7,0.331,34.4,clear,mid_ev,40,160,1900,half_load,243.4,2143.4,88.257,575.3
3880,14.35,arterial,24.4,24.2,42.4,0.582,24.2,heavy_rain,small_ev,24,140,1400,full_load,297.8,1697.8,4.804,334.8
3882,13.32,arterial,18.4,15.7,60.2,0.56,32.2,clear,large_ev,75,190,2400,full_load,527.7,2927.7,9.528,715.1
3884,4.62,city,4.8,27.0,26.4,0.72,35.2,clear,small_ev,24,140,1400,full_load,291.8,1691.8,2.492,539.1
3885,24.67,arterial,61.2,7.6,49.8,0.126,25.7,clear,mid_ev,40,160,1900,full_load,393.6,2293.6,7.326,297.0
3886,15.92,city,3.1,10.0,17.3,0.111,27.8,clear,mid_ev,40,160,1900,half_load,268.6,2168.6,2.459,154.5
3887,80.14,highway,40.3,0.8,90.7,0.05,29.4,clear,large_ev,75,190,2400,half_load,309.7,2709.7,56.43,704.1
3888,8.71,city,4.5,10.5,23.5,0.421,30.0,clear,large_ev,75,190,2400,half_load,267.1,2667.1,4.266,489.9
3889,46.25,highway,36.2,2.0,86.8,0.134,40.0,rain,large_ev,75,190,2400,full_load,577.3,2977.3,42.515,919.2
3890,51.57,highway,105.1,10.2,71.4,0.052,22.0,clear,mid_ev,40,160,1900,unladen,16.4,1916.4,20.123,390.2
3891,104.82,highway,11.9,6.7,97.8,0.157,25.3,clear,large_ev,75,190,2400,unladen,55.4,2455.4,95.248,908.6
3892,46.64,highway,74.0,35.5,84.8,0.138,29.9,clear,mid_ev,40,160,1900,half_load,252.3,2152.3,26.567,569.7
3893,25.95,arterial,41.2,29.0,39.3,0.478,26.8,clear,small_ev,24,140,1400,half_load,167.2,1567.2,6.925,266.9
3894,60.57,highway,51.9,6.4,57.5,0.159,34.1,clear,small_ev,24,140,1400,half_load,173.6,1573.6,16.278,268.7
3896,59.57,arterial,36.6,17.2,54.9,0.423,36.2,clear,small_ev,24,140,1400,unladen,24.0,1424.0,20.813,349.4
3897,13.77,arterial,3.2,18.0,39.7,0.823,35.3,clear,small_ev,24,140,1400,unladen,26.4,1426.4,5.102,370.5
3898,8.38,city,15.3,6.1,21.4,0.792,33.2,rain,large_ev,75,190,2400,full_load,519.9,2919.9,8.505,1014.6
3899,52.31,highway,12.0,22.8,79.5,0.104,37.1,clear,large_ev,75,190,2400,unladen,44.0,2444.0,34.296,655.7
3901,6.52,arterial,7.5,0.2,39.8,0.438,27.4,rain,large_ev,75,190,2400,full_load,597.6,2997.6,3.01,461.9
3903,16.9,highway,49.4,20.8,78.6,0.119,30.7,clear,large_ev,75,190,2400,unladen,48.8,2448.8,10.071,595.8
3906,100.87,highway,170.7,26.6,90.2,0.096,34.2,rain,large_ev,75,190,2400,full_load,547.1,2947.1,84.875,841.4
3907,121.47,highway,45.3,1.6,89.1,0.094,34.2,clear,large_ev,75,190,2400,full_load,535.3,2935.3,92.338,760.1
3909,84.5,highway,41.5,7.4,100.9,0.479,32.2,clear,small_ev,24,140,1400,unladen,3.5,1403.5,61.607,729.0
3910,18.05,arterial,14.0,51.3,47.4,0.544,25.2,heavy_rain,large_ev,75,190,2400,half_load,244.2,2644.2,9.685,536.6
3911,4.74,arterial,32.0,26.0,43.0,0.559,27.9,clear,mid_ev,40,160,1900,unladen,34.8,1934.8,1.921,404.9
3912,54.37,highway,3.2,4.1,76.6,0.06,38.7,clear,small_ev,24,140,1400,full_load,272.3,1672.3,24.846,457.0
3913,24.96,arterial,28.7,63.7,45.2,0.779,21.2,clear,small_ev,24,140,1400,unladen,7.9,1407.9,8.403,336.6
3915,27.83,arterial,71.3,19.2,58.5,0.204,37.7,clear,large_ev,75,190,2400,unladen,43.5,2443.5,13.726,493.2
3916,1.84,city,7.7,2.9,5.0,0.786,29.0,rain,mid_ev,40,160,1900,half_load,257.4,2157.4,1.261,685.2
3917,6.79,city,11.6,2.5,18.0,0.599,26.4,rain,large_ev,75,190,2400,unladen,23.9,2423.9,4.352,640.9
3919,10.32,city,10.8,3.4,16.9,0.849,29.3,clear,mid_ev,40,160,1900,full_load,399.9,2299.9,8.177,792.5
3920,24.61,arterial,4.8,4.9,49.4,0.271,35.3,clear,mid_ev,40,160,1900,unladen,26.8,1926.8,8.36,339.7
3921,45.58,highway,30.5,11.5,90.4,0.073,27.2,heavy_rain,large_ev,75,190,2400,unladen,14.4,2414.4,37.706,827.3
3922,15.15,highway,68.2,21.3,96.8,0.169,39.2,clear,large_ev,75,190,2400,half_load,325.2,2725.2,16.205,1069.7
3925,11.22,arterial,6.8,3.7,51.0,0.277,29.3,clear,large_ev,75,190,2400,half_load,313.9,2713.9,4.975,443.3
3927,1.0,city,8.0,13.9,5.2,0.561,34.6,rain,large_ev,75,190,2400,half_load,253.7,2653.7,0.634,633.9
3928,15.79,arterial,52.3,34.5,60.3,0.449,33.2,clear,large_ev,75,190,2400,unladen,41.9,2441.9,9.263,586.4
3930,146.11,highway,109.8,65.9,75.4,0.226,24.2,clear,small_ev,24,140,1400,unladen,5.5,1405.5,60.809,416.2
3931,36.52,arterial,16.8,0.9,50.1,0.474,28.4,clear,small_ev,24,140,1400,half_load,178.3,1578.3,11.915,326.3
3932,91.75,highway,24.2,8.1,87.3,0.4,39.0,clear,large_ev,75,190,2400,half_load,261.0,2661.0,78.071,850.9
3933,81.75,highway,1.0,70.4,88.2,0.191,27.5,rain,mid_ev,40,160,1900,unladen,3.7,1903.7,48.329,591.2
3934,14.41,arterial,20.0,6.2,43.6,0.652,20.9,clear,mid_ev,40,160,1900,half_load,205.5,2105.5,6.21,431.0
3935,28.42,highway,39.9,2.8,87.8,0.575,37.4,clear,large_ev,75,190,2400,full_load,600.0,3000.0,27.058,952.0
3936,56.1,highway,24.0,37.0,73.4,0.129,34.2,rain,large_ev,75,190,2400,full_load,529.6,2929.6,33.251,592.7
3937,39.04,highway,82.8,18.7,79.5,0.262,29.9,clear,small_ev,24,140,1400,unladen,13.1,1413.1,17.123,438.6
3938,4.4,arterial,52.4,10.4,37.5,0.467,33.4,clear,mid_ev,40,160,1900,unladen,3.6,1903.6,1.575,358.2
3939,22.91,arterial,15.1,4.2,38.0,0.317,31.8,rain,small_ev,24,140,1400,unladen,11.4,1411.4,5.318,232.1
3940,38.98,highway,64.8,52.1,82.4,0.092,28.7,clear,small_ev,24,140,1400,full_load,258.9,1658.9,18.021,462.3
3941,1.83,city,13.4,4.3,25.8,0.525,26.1,rain,small_ev,24,140,1400,full_load,276.3,1676.3,0.788,430.9
3942,53.6,highway,50.1,35.9,100.0,0.28,38.5,clear,large_ev,75,190,2400,unladen,19.6,2419.6,57.365,1070.3
3943,18.6,arterial,8.2,5.8,44.8,0.463,32.3,rain,small_ev,24,140,1400,half_load,170.0,1570.0,5.902,317.4
3944,68.02,highway,35.3,27.8,67.2,0.215,28.3,clear,small_ev,24,140,1400,full_load,270.0,1670.0,21.931,322.4
3945,64.95,highway,17.8,20.8,83.8,0.075,33.2,clear,large_ev,75,190,2400,full_load,553.5,2953.5,44.083,678.7
3946,147.73,highway,18.2,101.1,81.9,0.387,27.6,clear,mid_ev,40,160,1900,unladen,3.5,1903.5,79.955,541.2
3947,31.06,highway,117.3,76.0,81.3,0.135,24.8,clear,mid_ev,40,160,1900,unladen,16.7,1916.7,16.013,515.5
3948,2.61,arterial,67.6,51.7,39.9,0.785,35.5,clear,large_ev,75,190,2400,unladen,47.9,2447.9,1.968,753.2
3949,38.74,arterial,15.3,82.6,29.6,0.343,36.1,clear,large_ev,75,190,2400,half_load,355.6,2755.6,13.676,353.0
3950,98.28,highway,92.5,46.3,83.6,0.245,26.9,clear,small_ev,24,140,1400,full_load,257.9,1657.9,44.965,457.5
3951,80.82,highway,48.6,37.9,82.2,0.505,36.3,clear,small_ev,24,140,1400,full_load,288.5,1688.5,47.868,592.3
3952,75.18,arterial,45.3,21.6,25.7,0.503,27.8,clear,small_ev,24,140,1400,unladen,13.9,1413.9,15.353,204.2
3953,49.44,arterial,12.8,10.1,27.0,0.542,31.0,clear,small_ev,24,140,1400,half_load,129.2,1529.2,11.291,228.4
3954,46.05,highway,13.2,16.2,83.7,0.108,26.9,rain,small_ev,24,140,1400,full_load,299.1,1699.1,22.126,480.5
3955,1.0,city,7.2,20.8,24.8,0.185,33.6,clear,small_ev,24,140,1400,unladen,12.8,1412.8,0.162,162.0
3959,15.82,arterial,17.5,18.4,31.6,0.766,29.9,clear,small_ev,24,140,1400,half_load,123.9,1523.9,4.986,315.1
3960,23.79,arterial,10.2,28.2,48.0,0.382,36.4,rain,large_ev,75,190,2400,unladen,41.2,2441.2,11.463,481.8
3961,10.42,city,5.3,3.4,23.7,0.763,27.3,clear,mid_ev,40,160,1900,full_load,413.9,2313.9,7.434,713.4
3962,102.11,highway,9.9,2.4,91.4,0.145,28.2,clear,mid_ev,40,160,1900,half_load,182.7,2082.7,63.899,625.8
3963,9.19,arterial,20.2,0.7,36.8,0.39,37.8,rain,mid_ev,40,160,1900,half_load,249.8,2149.8,3.385,368.3
3964,8.04,city,4.3,5.9,10.1,0.602,34.4,rain,mid_ev,40,160,1900,full_load,414.6,2314.6,4.851,603.5
3965,4.89,arterial,1.7,40.2,46.1,0.221,41.7,clear,small_ev,24,140,1400,half_load,146.6,1546.6,1.378,281.7
3966,3.65,city,9.5,12.1,13.4,0.718,21.9,clear,small_ev,24,140,1400,half_load,129.0,1529.0,1.406,385.6
3967,12.14,arterial,16.6,23.6,55.2,0.247,20.2,clear,mid_ev,40,160,1900,unladen,14.6,1914.6,3.909,321.9
3968,67.62,highway,41.4,21.6,80.7,0.077,33.5,clear,large_ev,75,190,2400,half_load,346.6,2746.6,42.26,625.0
3969,2.0,arterial,1.5,4.2,45.7,0.264,27.4,clear,small_ev,24,140,1400,half_load,170.9,1570.9,0.459,229.3
3971,5.32,city,3.3,0.4,26.0,0.281,37.3,heavy_rain,large_ev,75,190,2400,full_load,559.2,2959.2,2.767,520.3
3972,56.87,highway,115.8,30.4,73.1,0.141,28.4,clear,small_ev,24,140,1400,full_load,268.1,1668.1,22.437,394.5
3973,107.34,highway,1.5,60.4,76.3,0.028,35.2,clear,small_ev,24,140,1400,unladen,29.2,1429.2,43.088,401.4
3976,18.44,arterial,44.9,4.0,37.1,0.498,27.8,clear,small_ev,24,140,1400,half_load,170.5,1570.5,5.094,276.3
3977,18.75,arterial,30.3,4.9,44.8,0.49,36.0,clear,mid_ev,40,160,1900,full_load,383.2,2283.2,8.434,449.9
3978,18.03,arterial,18.4,2.0,55.0,0.433,35.4,clear,mid_ev,40,160,1900,full_load,418.7,2318.7,8.883,492.8
3979,7.51,city,9.6,9.3,12.9,0.202,34.8,rain,large_ev,75,190,2400,half_load,254.1,2654.1,2.12,282.4
3980,4.91,city,5.7,13.8,19.6,0.372,25.0,clear,small_ev,24,140,1400,unladen,5.1,1405.1,1.082,220.3
3981,1.56,city,8.2,13.5,28.4,0.135,36.9,clear,mid_ev,40,160,1900,unladen,6.7,1906.7,0.359,230.4
3982,21.18,arterial,55.7,1.5,52.8,0.373,25.2,clear,small_ev,24,140,1400,unladen,1.8,1401.8,6.49,306.5
3983,46.57,highway,13.4,45.7,97.9,0.211,28.1,clear,large_ev,75,190,2400,full_load,578.2,2978.2,41.431,889.6
3984,17.35,arterial,36.0,4.7,43.1,0.446,32.6,rain,large_ev,75,190,2400,full_load,529.2,2929.2,9.179,529.1
3985,3.6,city,1.0,3.3,23.5,0.581,33.1,clear,large_ev,75,190,2400,unladen,12.4,2412.4,2.175,604.5
3986,25.74,arterial,16.7,4.9,36.0,0.289,30.7,clear,mid_ev,40,160,1900,half_load,269.2,2169.2,6.751,262.3
3987,6.64,arterial,10.3,14.8,54.1,0.457,33.5,clear,small_ev,24,140,1400,full_load,268.6,1668.6,2.523,379.8
3988,10.26,city,8.3,15.8,19.0,0.469,30.0,clear,small_ev,24,140,1400,full_load,255.2,1655.2,3.623,353.0
3989,66.56,highway,30.3,6.4,104.6,0.115,33.1,clear,mid_ev,40,160,1900,full_load,390.8,2290.8,58.151,873.7
3990,178.53,highway,33.5,47.9,95.5,0.211,32.9,clear,mid_ev,40,160,1900,full_load,422.7,2322.7,134.736,754.7
3991,113.05,highway,71.7,2.0,85.3,0.01,31.4,clear,small_ev,24,140,1400,full_load,266.2,1666.2,54.418,481.4
3992,159.16,highway,131.7,43.7,80.9,0.291,28.1,clear,mid_ev,40,160,1900,unladen,6.7,1906.7,85.831,539.3
3994,7.97,city,3.9,5.4,25.6,0.3,38.2,clear,small_ev,24,140,1400,half_load,170.7,1570.7,2.192,274.9
3995,33.67,arterial,49.9,83.6,40.3,0.194,29.7,clear,large_ev,75,190,2400,unladen,14.7,2414.7,9.78,290.5
3996,5.32,city,3.6,4.0,38.0,0.758,31.8,rain,large_ev,75,190,2400,full_load,598.6,2998.6,5.642,1059.8
3997,125.3,highway,12.9,35.7,86.9,0.182,25.4,clear,mid_ev,40,160,1900,half_load,189.1,2089.1,71.673,572.0
3998,27.42,arterial,20.1,51.9,52.6,0.117,24.7,clear,small_ev,24,140,1400,full_load,281.9,1681.9,6.525,237.9
4000,1.0,city,14.0,4.9,16.9,0.61,28.1,clear,mid_ev,40,160,1900,half_load,199.5,2099.5,0.585,585.4
4003,21.67,arterial,18.5,46.6,28.0,0.386,26.5,clear,mid_ev,40,160,1900,half_load,189.3,2089.3,5.463,252.1
4004,3.5,city,29.8,56.8,28.5,0.483,36.4,clear,mid_ev,40,160,1900,half_load,230.9,2130.9,1.698,484.6
4005,192.82,highway,89.5,100.6,87.5,0.06,35.5,clear,small_ev,24,140,1400,half_load,137.6,1537.6,103.758,538.1
4006,19.78,arterial,39.0,10.8,52.6,0.189,27.3,rain,mid_ev,40,160,1900,half_load,238.9,2138.9,6.382,322.6
4007,36.67,arterial,2.8,55.9,30.9,0.299,42.0,clear,mid_ev,40,160,1900,half_load,236.9,2136.9,11.117,303.1
4008,8.4,arterial,23.9,3.5,43.5,0.268,30.8,clear,small_ev,24,140,1400,full_load,282.5,1682.5,2.159,257.2
4009,8.3,arterial,15.7,0.6,44.2,0.337,30.1,rain,small_ev,24,140,1400,full_load,261.4,1661.4,2.369,285.5
4010,29.12,highway,30.7,16.5,106.6,0.156,21.9,clear,mid_ev,40,160,1900,half_load,192.8,2092.8,24.623,845.5
4012,82.32,highway,82.3,6.3,79.3,0.121,34.7,clear,small_ev,24,140,1400,unladen,23.3,1423.3,37.586,456.6
4013,23.58,arterial,33.6,5.8,47.5,0.756,37.0,clear,mid_ev,40,160,1900,full_load,441.9,2341.9,14.337,608.0
4015,14.56,arterial,0.2,16.8,59.2,0.214,31.9,clear,large_ev,75,190,2400,full_load,515.5,2915.5,6.661,457.7
4016,7.19,city,1.6,6.7,30.5,0.547,24.2,rain,small_ev,24,140,1400,half_load,170.6,1570.6,2.85,396.5
4018,94.49,highway,28.5,11.1,97.4,0.008,24.4,clear,small_ev,24,140,1400,full_load,292.1,1692.1,56.016,592.8
4019,6.13,arterial,26.1,1.8,37.4,0.603,30.2,rain,large_ev,75,190,2400,half_load,331.8,2731.8,3.466,565.5
4020,3.41,city,12.1,4.7,10.9,0.328,42.0,clear,mid_ev,40,160,1900,half_load,253.0,2153.0,1.314,384.8
4023,13.04,city,2.9,16.1,18.9,0.524,30.6,rain,large_ev,75,190,2400,full_load,588.2,2988.2,9.162,702.7
4024,89.64,highway,4.6,152.3,89.0,0.148,28.3,rain,small_ev,24,140,1400,half_load,139.8,1539.8,47.352,528.3
4025,7.12,city,8.8,0.7,23.7,0.86,29.3,rain,small_ev,24,140,1400,half_load,120.4,1520.4,3.871,544.0
4026,17.33,highway,93.2,9.5,78.6,0.012,30.1,clear,small_ev,24,140,1400,half_load,155.1,1555.1,7.317,422.3
4027,12.41,city,6.5,12.6,20.5,0.564,27.7,clear,mid_ev,40,160,1900,full_load,407.4,2307.4,6.749,543.7
4028,33.23,arterial,14.6,14.5,41.6,0.233,28.8,rain,mid_ev,40,160,1900,half_load,237.1,2137.1,9.123,274.6
4029,7.96,city,2.7,10.2,19.8,0.204,33.1,clear,mid_ev,40,160,1900,full_load,422.5,2322.5,2.108,264.9
4031,13.22,arterial,21.2,31.8,48.0,0.522,38.7,clear,small_ev,24,140,1400,unladen,25.8,1425.8,4.757,359.8
4033,127.89,highway,73.8,77.8,67.7,0.152,32.7,rain,mid_ev,40,160,1900,unladen,42.8,1942.8,52.009,406.7
4034,14.58,arterial,2.8,14.2,55.7,0.079,27.7,clear,small_ev,24,140,1400,unladen,29.2,1429.2,3.434,235.5
4036,3.05,arterial,1.2,19.1,40.6,0.145,32.6,rain,large_ev,75,190,2400,unladen,37.3,2437.3,0.863,283.2
4037,4.89,city,1.7,31.4,20.9,0.272,25.1,heavy_rain,mid_ev,40,160,1900,unladen,8.1,1908.1,1.432,292.9
4039,28.09,arterial,8.8,34.7,47.3,0.86,26.4,rain,mid_ev,40,160,1900,unladen,23.5,1923.5,14.802,527.0
4040,16.51,arterial,32.2,5.0,38.4,0.723,28.4,clear,small_ev,24,140,1400,half_load,141.1,1541.1,5.89,356.8
4041,4.16,city,16.4,2.3,28.0,0.682,37.8,clear,small_ev,24,140,1400,unladen,17.9,1417.9,2.069,497.2
4042,9.28,arterial,29.3,34.4,32.8,0.358,25.1,clear,small_ev,24,140,1400,full_load,280.2,1680.2,2.034,219.1
4043,24.45,highway,37.6,29.4,93.3,0.107,33.7,clear,small_ev,24,140,1400,full_load,261.2,1661.2,14.508,593.3
4044,98.03,highway,27.6,144.9,76.9,0.174,25.9,rain,large_ev,75,190,2400,half_load,309.4,2709.4,58.434,596.1
4045,15.25,arterial,1.0,8.9,49.5,0.515,33.9,rain,large_ev,75,190,2400,full_load,536.8,2936.8,9.321,611.0
4046,10.03,arterial,3.5,10.3,48.0,0.292,32.1,clear,mid_ev,40,160,1900,half_load,261.6,2161.6,3.361,335.0
4047,10.78,arterial,39.0,14.3,41.3,0.406,39.0,clear,mid_ev,40,160,1900,full_load,406.9,2306.9,4.556,422.5
4048,31.69,city,6.0,3.5,29.7,0.511,32.5,clear,small_ev,24,140,1400,full_load,257.6,1657.6,12.881,406.4
4049,2.76,city,2.1,5.7,18.3,0.098,21.5,rain,small_ev,24,140,1400,unladen,26.3,1426.3,0.304,110.3
4052,12.83,arterial,18.2,3.0,54.5,0.425,30.0,rain,small_ev,24,140,1400,full_load,264.5,1664.5,4.521,352.4
4054,72.96,highway,72.4,43.1,75.3,0.017,34.3,clear,small_ev,24,140,1400,half_load,168.9,1568.9,29.827,408.8
4055,21.38,highway,75.4,52.3,71.7,0.032,29.1,clear,mid_ev,40,160,1900,full_load,422.3,2322.3,9.266,433.4
4056,35.0,arterial,44.0,3.7,55.4,0.176,34.3,clear,small_ev,24,140,1400,half_load,134.0,1534.0,10.27,293.5
4057,22.91,arterial,2.1,10.6,41.5,0.279,27.3,clear,large_ev,75,190,2400,half_load,310.8,2710.8,7.953,347.2
4058,16.82,arterial,36.2,16.6,46.2,0.517,39.4,rain,mid_ev,40,160,1900,unladen,21.8,1921.8,7.889,469.1
4059,14.93,arterial,6.3,6.1,51.3,0.531,27.5,clear,mid_ev,40,160,1900,full_load,412.5,2312.5,7.083,474.6
4061,64.22,highway,2.8,21.6,99.4,0.116,31.0,clear,mid_ev,40,160,1900,unladen,15.7,1915.7,47.54,740.3
4062,77.97,arterial,25.3,29.2,55.0,0.146,28.2,clear,large_ev,75,190,2400,full_load,553.1,2953.1,31.528,404.4
4063,8.91,city,4.3,11.3,30.8,0.192,40.9,clear,small_ev,24,140,1400,half_load,141.7,1541.7,2.011,225.6
4064,38.91,arterial,8.4,1.0,42.0,0.092,32.2,clear,mid_ev,40,160,1900,half_load,227.3,2127.3,8.594,220.9
4065,6.14,city,4.1,5.5,36.6,0.643,31.0,clear,large_ev,75,190,2400,unladen,40.3,2440.3,4.703,765.5
4066,75.74,highway,36.0,14.1,105.8,0.028,29.0,rain,mid_ev,40,160,1900,unladen,3.4,1903.4,61.582,813.1
4067,10.45,highway,50.6,0.2,71.2,0.224,24.9,clear,large_ev,75,190,2400,half_load,294.4,2694.4,5.665,542.1
4068,107.1,highway,63.2,53.5,85.0,0.129,32.7,clear,mid_ev,40,160,1900,full_load,405.1,2305.1,63.796,595.7
4069,11.62,city,0.9,3.2,20.3,0.132,39.3,clear,mid_ev,40,160,1900,full_load,411.1,2311.1,2.672,230.0
4070,6.56,arterial,72.7,11.5,37.8,0.247,30.7,clear,small_ev,24,140,1400,half_load,171.6,1571.6,1.563,238.2
4071,10.04,city,3.5,6.8,20.7,0.242,25.1,clear,mid_ev,40,160,1900,unladen,35.9,1935.9,2.401,239.2
4072,9.25,city,4.9,10.0,6.4,0.6,38.7,rain,mid_ev,40,160,1900,half_load,202.7,2102.7,5.274,569.9
4073,45.95,highway,15.3,68.2,86.9,0.426,35.6,rain,mid_ev,40,160,1900,half_load,184.9,2084.9,31.852,693.1
4074,10.74,city,6.2,3.1,30.5,0.884,30.2,clear,large_ev,75,190,2400,full_load,541.6,2941.6,10.752,1001.4
4075,72.19,highway,47.4,200.4,103.6,0.115,26.1,clear,mid_ev,40,160,1900,full_load,427.1,2327.1,55.901,774.4
4076,8.99,arterial,34.9,7.9,49.9,0.591,36.5,clear,small_ev,24,140,1400,unladen,25.0,1425.0,3.612,401.9
4077,28.92,arterial,6.3,37.0,37.0,0.22,28.9,clear,mid_ev,40,160,1900,unladen,13.6,1913.6,6.567,227.1
4078,27.13,city,8.2,8.5,24.8,0.865,27.0,clear,mid_ev,40,160,1900,unladen,11.3,1911.3,18.006,663.6
4079,17.93,arterial,9.1,4.0,46.3,0.159,28.3,rain,large_ev,75,190,2400,unladen,11.5,2411.5,5.673,316.4
4082,14.24,arterial,13.6,26.6,40.6,0.493,35.1,clear,small_ev,24,140,1400,full_load,286.6,1686.6,4.312,302.7
4083,5.04,arterial,22.8,13.0,34.9,0.703,25.7,clear,small_ev,24,140,1400,full_load,270.5,1670.5,1.728,342.6
4084,7.53,arterial,60.1,30.3,44.1,0.333,27.7,rain,small_ev,24,140,1400,half_load,130.8,1530.8,2.115,281.0
4085,6.16,city,1.1,1.0,24.3,0.32,34.0,clear,large_ev,75,190,2400,full_load,518.0,2918.0,2.96,480.2
4086,33.73,arterial,8.0,31.7,46.2,0.247,21.9,clear,small_ev,24,140,1400,unladen,3.1,1403.1,7.875,233.5
4087,27.18,arterial,56.9,2.2,44.6,0.495,20.0,clear,large_ev,75,190,2400,unladen,51.3,2451.3,12.785,470.4
4088,18.13,city,7.7,1.3,21.7,0.663,29.4,clear,small_ev,24,140,1400,full_load,275.7,1675.7,8.286,457.0
4090,6.86,arterial,35.4,44.8,40.5,0.205,25.1,clear,large_ev,75,190,2400,unladen,9.4,2409.4,2.042,297.8
4091,47.48,highway,77.7,4.3,89.8,0.06,29.2,rain,small_ev,24,140,1400,full_load,264.4,1664.4,26.479,557.7
4092,2.23,city,1.3,1.8,18.9,0.737,31.4,clear,mid_ev,40,160,1900,full_load,433.9,2333.9,1.612,721.4
4093,33.88,arterial,20.7,29.7,42.3,0.527,33.9,rain,small_ev,24,140,1400,unladen,0.6,1400.6,9.971,294.3
4094,57.39,arterial,31.5,28.9,52.4,0.171,36.4,clear,mid_ev,40,160,1900,full_load,434.2,2334.2,20.394,355.4
4095,242.79,highway,62.9,29.0,89.2,0.222,30.1,clear,large_ev,75,190,2400,unladen,15.8,2415.8,180.922,745.2
4096,120.37,highway,113.3,84.4,56.7,0.355,23.4,clear,mid_ev,40,160,1900,unladen,29.0,1929.0,38.138,316.8
4097,7.85,city,4.8,4.4,23.0,0.917,31.4,clear,mid_ev,40,160,1900,full_load,397.7,2297.7,6.819,869.0
4100,10.6,arterial,3.9,0.1,40.7,0.439,25.0,rain,large_ev,75,190,2400,unladen,40.1,2440.1,4.164,392.9
4101,15.11,arterial,24.5,12.3,41.8,0.136,27.0,clear,large_ev,75,190,2400,unladen,17.2,2417.2,4.064,269.0
4102,18.15,arterial,1.1,20.9,33.8,0.532,20.0,clear,large_ev,75,190,2400,full_load,522.9,2922.9,7.906,435.6
4103,45.26,arterial,6.6,4.4,23.4,0.443,28.5,clear,small_ev,24,140,1400,full_load,256.6,1656.6,9.849,217.6
4104,9.2,arterial,16.1,0.0,39.7,0.103,26.5,clear,large_ev,75,190,2400,full_load,541.5,2941.5,2.616,284.2
4106,5.41,city,0.8,5.6,30.7,0.571,34.2,clear,large_ev,75,190,2400,unladen,7.5,2407.5,3.44,635.9
4107,6.84,city,4.9,21.9,24.8,0.485,34.9,clear,mid_ev,40,160,1900,half_load,252.5,2152.5,3.468,507.2
4108,14.39,arterial,3.3,40.0,45.8,0.1,38.4,clear,large_ev,75,190,2400,unladen,30.2,2430.2,4.377,304.2
4109,40.92,highway,58.8,58.4,71.7,0.033,27.7,clear,small_ev,24,140,1400,half_load,134.1,1534.1,13.964,341.2
4110,13.22,city,6.6,4.4,14.4,0.842,38.4,clear,small_ev,24,140,1400,full_load,263.5,1663.5,8.179,618.8
4111,46.58,highway,17.1,10.7,93.4,0.157,27.1,heavy_rain,large_ev,75,190,2400,half_load,324.4,2724.4,40.045,859.8
4112,37.83,arterial,18.4,12.8,50.7,0.251,30.0,clear,mid_ev,40,160,1900,unladen,24.3,1924.3,12.616,333.5
4113,93.43,highway,66.0,19.3,83.3,0.014,29.5,heavy_rain,mid_ev,40,160,1900,half_load,240.0,2140.0,54.292,581.1
4114,6.02,city,9.3,29.9,17.2,0.342,29.2,clear,mid_ev,40,160,1900,half_load,199.2,2099.2,1.906,316.6
4115,56.91,highway,22.9,85.0,79.0,0.009,30.6,clear,small_ev,24,140,1400,unladen,21.3,1421.3,23.894,419.9
4116,36.49,arterial,34.8,29.1,36.6,0.313,29.2,clear,small_ev,24,140,1400,half_load,135.5,1535.5,7.991,219.0
4118,96.41,highway,32.1,0.1,83.2,0.128,27.2,clear,small_ev,24,140,1400,unladen,10.9,1410.9,42.353,439.3
4120,122.41,highway,64.3,27.6,91.4,0.119,33.8,clear,large_ev,75,190,2400,full_load,533.1,2933.1,101.483,829.1
4121,1.0,city,6.6,0.0,28.6,0.514,30.9,clear,large_ev,75,190,2400,half_load,287.0,2687.0,0.635,635.5
4122,9.87,city,11.3,19.9,19.4,0.286,26.6,clear,large_ev,75,190,2400,half_load,242.6,2642.6,3.441,348.6
4123,13.13,highway,19.1,6.0,82.5,0.202,25.1,clear,mid_ev,40,160,1900,unladen,7.7,1907.7,6.723,512.1
4124,22.13,arterial,0.3,0.1,46.2,0.493,36.3,rain,mid_ev,40,160,1900,full_load,401.8,2301.8,10.216,461.6
4125,21.89,highway,33.6,47.2,65.2,0.505,38.2,clear,small_ev,24,140,1400,full_load,285.8,1685.8,9.22,421.1
4126,6.08,city,2.7,6.2,30.6,0.472,24.5,clear,large_ev,75,190,2400,full_load,523.4,2923.4,3.758,617.9
4127,21.13,arterial,55.7,42.1,39.8,0.541,32.3,rain,mid_ev,40,160,1900,full_load,448.5,2348.5,9.32,441.1
4129,7.02,city,27.5,7.6,29.1,0.956,31.1,clear,small_ev,24,140,1400,half_load,120.3,1520.3,4.303,613.1
4130,12.77,city,10.8,7.8,11.2,0.403,29.2,clear,small_ev,24,140,1400,half_load,168.9,1568.9,3.259,255.2
4131,19.83,arterial,20.4,4.4,43.3,0.357,34.1,clear,large_ev,75,190,2400,half_load,330.0,2730.0,8.455,426.3
4133,14.37,highway,2.3,10.5,101.6,0.059,35.0,clear,mid_ev,40,160,1900,half_load,252.2,2152.2,11.41,793.9
4134,77.79,highway,2.8,16.4,83.1,0.189,35.4,clear,small_ev,24,140,1400,half_load,125.8,1525.8,39.827,512.0
4135,10.95,arterial,15.8,19.1,49.6,0.126,29.0,clear,small_ev,24,140,1400,unladen,3.8,1403.8,2.479,226.4
4136,7.33,city,11.4,14.3,20.2,0.812,28.1,rain,mid_ev,40,160,1900,full_load,429.5,2329.5,5.749,784.6
4137,18.87,arterial,35.4,22.4,52.6,0.506,38.3,clear,mid_ev,40,160,1900,half_load,187.3,2087.3,8.949,474.3
4138,42.09,highway,54.7,131.4,88.0,0.371,22.7,clear,large_ev,75,190,2400,half_load,348.5,2748.5,30.661,728.4
4141,181.68,highway,136.4,177.6,77.7,0.128,34.0,clear,mid_ev,40,160,1900,unladen,33.8,1933.8,90.642,498.9
4142,142.9,highway,3.4,11.0,72.7,0.317,34.8,heavy_rain,mid_ev,40,160,1900,full_load,439.0,2339.0,81.099,567.5
4143,10.0,highway,224.9,14.1,84.4,0.145,33.7,clear,large_ev,75,190,2400,full_load,517.4,2917.4,8.958,895.8
4144,5.86,city,3.7,2.4,15.3,0.763,29.1,clear,small_ev,24,140,1400,full_load,269.0,1669.0,2.972,507.2
4145,3.95,city,0.1,4.0,22.7,0.647,31.9,rain,mid_ev,40,160,1900,half_load,263.5,2163.5,2.326,589.3
4147,2.86,arterial,16.1,81.1,46.4,0.424,37.4,clear,large_ev,75,190,2400,unladen,38.5,2438.5,1.417,495.2
4149,3.25,city,2.7,0.5,21.1,0.635,32.0,clear,mid_ev,40,160,1900,half_load,202.6,2102.6,1.83,563.1
4150,85.16,highway,202.7,0.4,86.0,0.298,25.6,clear,large_ev,75,190,2400,unladen,18.3,2418.3,59.742,701.5
4152,30.5,highway,35.5,67.5,73.1,0.174,29.9,rain,large_ev,75,190,2400,full_load,542.3,2942.3,17.123,561.4
4153,53.28,highway,73.6,84.9,83.7,0.038,34.3,clear,large_ev,75,190,2400,unladen,51.5,2451.5,37.942,712.1
4155,11.05,arterial,23.3,28.2,46.1,0.315,36.7,clear,mid_ev,40,160,1900,unladen,35.2,1935.2,3.693,334.3
4156,51.91,arterial,8.5,9.8,35.9,0.546,42.0,clear,mid_ev,40,160,1900,half_load,216.6,2116.6,21.999,423.8
4157,29.57,arterial,9.2,23.4,45.3,0.578,34.4,clear,mid_ev,40,160,1900,unladen,0.1,1900.1,12.249,414.2
4158,11.66,highway,3.3,22.0,84.9,0.07,31.3,heavy_rain,mid_ev,40,160,1900,unladen,29.4,1929.4,7.021,602.0
4159,1.33,city,18.0,0.8,25.5,0.493,31.6,clear,mid_ev,40,160,1900,half_load,252.7,2152.7,0.727,547.4
4161,78.73,highway,4.0,114.4,75.4,0.099,30.1,clear,mid_ev,40,160,1900,half_load,268.8,2168.8,37.762,479.6
4162,8.81,arterial,8.2,35.3,38.7,0.312,39.1,clear,large_ev,75,190,2400,unladen,55.2,2455.2,3.357,380.9
4163,86.02,highway,14.1,10.5,76.3,0.053,29.7,rain,large_ev,75,190,2400,unladen,44.6,2444.6,46.977,546.1
4164,7.49,city,2.3,2.4,13.8,0.353,31.0,clear,small_ev,24,140,1400,full_load,296.6,1696.6,2.072,276.6
4166,48.29,highway,52.9,5.4,97.1,0.024,29.4,clear,large_ev,75,190,2400,full_load,541.9,2941.9,41.696,863.4
4167,42.53,highway,15.0,111.0,88.6,0.434,41.5,clear,small_ev,24,140,1400,half_load,175.4,1575.4,29.394,691.2
4168,10.99,arterial,42.6,22.9,48.7,0.604,32.1,clear,small_ev,24,140,1400,unladen,17.1,1417.1,3.932,357.9
4169,5.37,city,11.0,5.9,18.4,0.644,35.0,clear,small_ev,24,140,1400,full_load,299.5,1699.5,2.477,461.3
4171,38.63,highway,43.0,21.1,97.2,0.222,28.8,clear,large_ev,75,190,2400,half_load,300.7,2700.7,33.273,861.4
4172,23.12,arterial,5.4,0.8,40.9,0.074,25.5,clear,mid_ev,40,160,1900,half_load,216.7,2116.7,4.65,201.1
4173,56.59,highway,8.1,8.0,76.9,0.088,36.1,clear,small_ev,24,140,1400,full_load,257.3,1657.3,24.98,441.4
4175,15.75,city,3.9,5.8,17.4,0.74,29.9,clear,mid_ev,40,160,1900,unladen,3.0,1903.0,8.763,556.5
4177,5.87,arterial,13.8,26.0,60.1,0.261,26.9,clear,small_ev,24,140,1400,full_load,276.0,1676.0,1.953,332.4
4179,21.05,arterial,3.1,27.7,60.7,0.14,26.0,clear,large_ev,75,190,2400,half_load,318.3,2718.3,9.249,439.3
4181,5.98,city,6.8,9.7,22.0,0.615,26.0,rain,large_ev,75,190,2400,full_load,578.6,2978.6,4.385,733.3
4182,17.83,arterial,1.7,7.3,33.3,0.572,25.5,clear,mid_ev,40,160,1900,half_load,205.9,2105.9,6.149,344.9
4184,138.44,highway,6.6,24.1,84.8,0.282,28.1,clear,large_ev,75,190,2400,unladen,31.5,2431.5,94.744,684.4
4185,29.15,arterial,1.2,130.0,44.5,0.374,30.7,clear,large_ev,75,190,2400,unladen,11.4,2411.4,12.379,424.6
4186,13.38,city,5.1,13.1,22.7,0.64,30.6,rain,mid_ev,40,160,1900,unladen,23.6,1923.6,7.368,550.7
4187,4.04,city,8.9,11.2,31.6,0.714,31.7,clear,mid_ev,40,160,1900,half_load,187.1,2087.1,2.655,657.3
4188,9.89,arterial,37.1,44.8,49.7,0.063,41.3,clear,large_ev,75,190,2400,full_load,553.8,2953.8,4.07,411.5
4189,82.58,highway,28.6,102.4,82.2,0.118,37.7,clear,mid_ev,40,160,1900,unladen,24.2,1924.2,48.079,582.2
4190,36.17,highway,12.9,2.4,92.7,0.365,33.8,clear,mid_ev,40,160,1900,half_load,226.3,2126.3,26.65,736.9
4192,4.25,city,3.0,5.9,23.8,0.482,31.6,clear,large_ev,75,190,2400,half_load,272.8,2672.8,2.494,587.4
4193,53.16,highway,60.1,14.4,83.0,0.221,28.3,rain,mid_ev,40,160,1900,full_load,436.8,2336.8,30.687,577.2
4194,13.78,arterial,28.4,7.9,54.9,0.718,34.5,rain,mid_ev,40,160,1900,unladen,0.5,1900.5,7.995,580.2
4195,11.32,city,37.8,11.6,15.2,0.691,31.0,clear,mid_ev,40,160,1900,half_load,222.2,2122.2,6.662,588.4
4197,16.91,highway,126.0,33.5,86.9,0.173,32.5,clear,small_ev,24,140,1400,half_load,178.3,1578.3,8.929,528.1
4198,9.66,city,14.6,5.4,14.7,0.539,26.6,clear,small_ev,24,140,1400,unladen,29.0,1429.0,2.941,304.6
4199,20.29,city,3.5,2.3,23.4,0.563,34.2,clear,small_ev,24,140,1400,unladen,0.4,1400.4,7.222,355.9
4200,44.24,highway,1.1,8.4,68.8,0.191,39.1,heavy_rain,large_ev,75,190,2400,half_load,293.3,2693.3,28.025,633.5
4201,17.97,arterial,44.7,2.9,52.6,0.446,34.4,rain,small_ev,24,140,1400,full_load,274.8,1674.8,7.076,393.7
4202,11.7,arterial,27.4,14.3,55.3,0.107,30.2,rain,small_ev,24,140,1400,half_load,124.2,1524.2,3.279,280.3
4203,10.88,city,14.4,8.9,24.8,0.835,29.3,clear,mid_ev,40,160,1900,full_load,398.7,2298.7,8.758,805.1
4205,5.96,city,3.1,4.6,25.8,0.611,28.8,clear,large_ev,75,190,2400,unladen,33.0,2433.0,3.62,606.9
4206,18.74,highway,95.0,4.2,92.1,0.137,26.9,heavy_rain,mid_ev,40,160,1900,half_load,257.8,2157.8,13.515,721.0
4208,19.79,city,7.3,1.2,25.9,0.721,35.9,clear,large_ev,75,190,2400,half_load,333.8,2733.8,17.207,869.3
4209,13.98,arterial,0.5,16.8,40.8,0.278,38.7,clear,mid_ev,40,160,1900,unladen,34.4,1934.4,4.14,296.0
4211,21.68,highway,3.7,82.9,87.0,0.085,32.2,clear,small_ev,24,140,1400,half_load,141.3,1541.3,10.762,496.4
4212,4.3,city,8.8,2.0,26.5,0.271,29.4,clear,mid_ev,40,160,1900,half_load,238.6,2138.6,1.377,320.4
4213,27.1,arterial,18.3,20.6,47.7,0.161,36.1,clear,small_ev,24,140,1400,half_load,175.7,1575.7,6.636,244.9
4214,35.95,arterial,10.7,17.1,42.8,0.779,28.5,clear,small_ev,24,140,1400,unladen,15.0,1415.0,12.445,346.2
4215,28.17,arterial,11.6,2.6,49.6,0.627,26.5,clear,small_ev,24,140,1400,unladen,2.7,1402.7,9.122,323.8
4216,60.59,arterial,44.5,7.0,44.1,0.168,34.7,clear,small_ev,24,140,1400,full_load,279.7,1679.7,13.48,222.5
4217,77.53,highway,33.9,17.8,76.1,0.106,26.7,clear,large_ev,75,190,2400,full_load,561.1,2961.1,43.03,555.0
4218,103.31,highway,61.7,16.3,60.0,0.134,29.5,clear,small_ev,24,140,1400,unladen,4.4,1404.4,28.939,280.1
4219,3.69,city,3.2,16.7,18.4,0.452,25.1,heavy_rain,small_ev,24,140,1400,half_load,154.8,1554.8,1.265,342.3
4220,38.08,highway,45.1,6.6,81.2,0.017,37.7,clear,mid_ev,40,160,1900,full_load,400.4,2300.4,21.124,554.7
4221,165.89,highway,79.5,57.9,66.0,0.204,22.0,rain,small_ev,24,140,1400,half_load,134.1,1534.1,55.94,337.2
4222,4.86,city,22.4,6.0,25.6,0.46,29.3,clear,large_ev,75,190,2400,unladen,52.2,2452.2,2.617,538.6
4224,3.44,arterial,0.5,122.7,43.3,0.316,36.4,clear,mid_ev,40,160,1900,full_load,412.1,2312.1,1.245,361.4
4227,11.9,city,4.8,4.9,23.9,0.821,35.9,clear,small_ev,24,140,1400,unladen,13.8,1413.8,6.018,505.9
4228,85.07,highway,2.7,10.9,96.5,0.038,22.8,clear,large_ev,75,190,2400,half_load,308.2,2708.2,65.353,768.2
4229,18.19,city,13.6,2.5,35.9,0.776,33.8,clear,mid_ev,40,160,1900,half_load,191.6,2091.6,13.26,728.8
4230,136.97,highway,1.3,3.0,73.0,0.351,32.8,clear,large_ev,75,190,2400,full_load,540.3,2940.3,84.999,620.6
4231,1.95,city,15.0,3.6,9.4,0.479,22.4,clear,mid_ev,40,160,1900,unladen,23.5,1923.5,0.797,408.2
4232,95.72,highway,8.0,8.2,62.6,0.086,36.4,clear,large_ev,75,190,2400,half_load,251.2,2651.2,41.857,437.3
4234,18.52,arterial,34.8,2.2,47.8,0.322,33.3,rain,large_ev,75,190,2400,half_load,301.1,2701.1,8.826,476.6
4235,36.01,arterial,6.0,6.9,35.3,0.186,35.8,heavy_rain,large_ev,75,190,2400,half_load,345.8,2745.8,10.971,304.7
4236,41.19,highway,6.4,23.6,76.4,0.1,31.9,clear,large_ev,75,190,2400,full_load,534.8,2934.8,23.918,580.7
4237,104.12,highway,19.1,37.6,91.6,0.11,23.8,clear,mid_ev,40,160,1900,unladen,40.9,1940.9,63.986,614.5
4238,25.32,city,22.3,3.0,21.1,0.28,20.0,clear,large_ev,75,190,2400,half_load,316.7,2716.7,9.066,358.1
4239,4.29,city,10.3,11.5,22.6,0.258,32.0,rain,mid_ev,40,160,1900,unladen,5.5,1905.5,1.235,287.7
4241,2.19,city,17.7,9.3,30.0,0.857,27.8,clear,mid_ev,40,160,1900,half_load,190.1,2090.1,1.693,773.0
4242,106.33,highway,33.1,23.5,90.5,0.191,38.5,clear,large_ev,75,190,2400,unladen,15.5,2415.5,88.944,836.5
4243,83.07,highway,20.4,15.0,86.3,0.315,35.4,clear,small_ev,24,140,1400,unladen,11.3,1411.3,47.688,574.1
4244,65.97,arterial,28.0,12.3,39.2,0.657,26.6,clear,large_ev,75,190,2400,unladen,7.8,2407.8,31.311,474.6
4246,6.64,city,3.0,8.0,14.0,0.504,33.4,clear,mid_ev,40,160,1900,unladen,42.1,1942.1,2.555,384.6
4248,99.16,highway,206.8,11.6,67.8,0.033,35.4,rain,large_ev,75,190,2400,unladen,52.6,2452.6,49.92,503.5
4249,5.24,city,9.9,13.0,21.3,0.717,26.9,clear,small_ev,24,140,1400,half_load,165.3,1565.3,2.365,451.7
4250,50.52,highway,14.7,54.3,85.4,0.245,25.0,clear,mid_ev,40,160,1900,full_load,404.4,2304.4,30.61,605.9
4251,26.89,arterial,19.8,21.0,65.1,0.398,35.2,clear,small_ev,24,140,1400,full_load,260.3,1660.3,12.466,463.5
4254,3.9,city,7.9,4.9,28.3,0.784,28.8,heavy_rain,large_ev,75,190,2400,full_load,562.2,2962.2,4.158,1065.0
4255,55.54,highway,21.3,18.0,79.6,0.427,31.7,rain,large_ev,75,190,2400,half_load,288.7,2688.7,40.105,722.1
4256,1.31,city,14.9,7.4,23.8,0.66,32.6,heavy_rain,small_ev,24,140,1400,full_load,290.9,1690.9,0.754,573.8
4257,3.47,city,8.8,6.5,28.1,0.784,23.4,rain,mid_ev,40,160,1900,full_load,434.0,2334.0,2.517,725.2
4258,2.94,city,6.8,1.2,18.9,0.319,30.6,rain,small_ev,24,140,1400,half_load,135.6,1535.6,0.718,244.0
4259,19.61,arterial,16.8,11.0,55.7,0.466,30.4,clear,small_ev,24,140,1400,unladen,5.8,1405.8,6.842,348.9
4260,113.85,highway,36.1,62.6,58.1,0.266,29.2,clear,small_ev,24,140,1400,unladen,9.2,1409.2,31.895,280.2
4261,21.61,arterial,18.4,21.6,49.6,0.735,20.0,clear,large_ev,75,190,2400,unladen,55.8,2455.8,12.279,568.3
4262,18.33,arterial,0.1,74.6,46.4,0.229,26.9,clear,large_ev,75,190,2400,unladen,52.5,2452.5,6.21,338.8
4263,28.73,highway,28.1,21.5,92.0,0.05,39.2,rain,large_ev,75,190,2400,unladen,30.9,2430.9,26.159,910.5
4264,66.8,highway,15.2,18.9,74.0,0.025,30.0,clear,small_ev,24,140,1400,half_load,165.3,1565.3,25.702,384.8
4265,30.43,arterial,25.3,20.3,44.6,0.115,34.3,clear,mid_ev,40,160,1900,unladen,16.4,1916.4,7.069,232.3
4267,16.39,arterial,12.0,18.8,50.0,0.415,33.5,clear,small_ev,24,140,1400,unladen,3.3,1403.3,4.886,298.2
4268,7.3,city,5.8,6.5,10.5,0.148,33.7,clear,large_ev,75,190,2400,unladen,56.9,2456.9,1.544,211.4
4269,38.14,highway,3.5,25.5,99.0,0.601,28.6,clear,large_ev,75,190,2400,half_load,290.7,2690.7,36.243,950.4
4270,17.97,arterial,31.5,1.1,51.9,0.622,27.4,clear,large_ev,75,190,2400,unladen,8.4,2408.4,9.626,535.8
4271,97.35,highway,18.2,52.8,83.7,0.199,30.1,clear,small_ev,24,140,1400,unladen,29.2,1429.2,46.321,475.8
4272,33.74,arterial,18.2,36.9,49.1,0.467,32.5,heavy_rain,mid_ev,40,160,1900,full_load,390.5,2290.5,15.615,462.8
4273,16.28,city,10.4,0.2,25.6,0.983,25.7,heavy_rain,large_ev,75,190,2400,half_load,318.2,2718.2,17.962,1103.6
4275,16.39,arterial,35.8,21.3,60.3,0.598,35.7,clear,mid_ev,40,160,1900,full_load,383.0,2283.0,9.803,598.0
4276,9.05,city,9.2,5.2,22.1,0.5,37.8,heavy_rain,small_ev,24,140,1400,half_load,139.8,1539.8,3.506,387.4
4277,147.05,highway,6.3,23.0,104.9,0.227,28.8,clear,large_ev,75,190,2400,full_load,572.5,2972.5,139.039,945.5
4278,17.34,city,23.5,6.3,18.8,0.624,29.9,clear,large_ev,75,190,2400,half_load,304.3,2704.3,11.552,666.2
4279,7.09,city,5.4,0.4,24.5,0.634,20.1,clear,large_ev,75,190,2400,unladen,45.4,2445.4,4.265,601.3
4282,50.98,highway,79.2,4.0,80.5,0.079,34.6,clear,small_ev,24,140,1400,half_load,140.4,1540.4,24.193,474.6
4284,181.41,highway,2.1,18.7,101.8,0.1,28.1,rain,mid_ev,40,160,1900,full_load,429.1,2329.1,146.245,806.2
4286,7.54,city,7.6,2.1,28.0,0.59,36.6,clear,mid_ev,40,160,1900,unladen,18.1,1918.1,4.126,547.2
4287,15.27,arterial,5.3,2.2,45.9,0.313,29.7,clear,small_ev,24,140,1400,unladen,11.2,1411.2,3.739,244.9
4289,32.9,arterial,9.0,12.2,48.8,0.949,36.8,heavy_rain,mid_ev,40,160,1900,full_load,435.7,2335.7,25.329,770.0
4290,5.69,city,6.8,2.8,23.1,0.394,24.6,clear,small_ev,24,140,1400,half_load,139.3,1539.3,1.495,262.9
4292,10.12,city,11.0,3.8,29.3,0.766,29.5,clear,mid_ev,40,160,1900,half_load,221.2,2121.2,6.404,633.0
4293,15.47,arterial,29.8,47.4,48.9,0.138,28.7,rain,large_ev,75,190,2400,full_load,541.6,2941.6,5.705,368.8
4294,48.31,highway,31.0,22.9,80.7,0.127,28.6,clear,mid_ev,40,160,1900,full_load,408.5,2308.5,25.283,523.3
4295,11.88,arterial,20.2,6.5,43.6,0.723,30.2,clear,small_ev,24,140,1400,unladen,3.5,1403.5,4.136,348.1
4297,22.88,arterial,60.5,4.6,55.9,0.101,36.8,clear,mid_ev,40,160,1900,unladen,13.8,1913.8,7.833,342.4
4298,11.73,arterial,23.6,0.1,38.0,0.587,27.0,rain,small_ev,24,140,1400,unladen,26.9,1426.9,3.541,302.0
4300,9.07,city,5.5,4.7,5.0,0.721,22.0,clear,mid_ev,40,160,1900,full_load,385.8,2285.8,5.379,592.9
4301,1.82,city,2.4,5.2,13.9,0.409,34.0,clear,mid_ev,40,160,1900,unladen,19.5,1919.5,0.649,356.1
4302,1.91,city,16.4,3.9,21.4,0.481,24.4,clear,mid_ev,40,160,1900,full_load,449.6,2349.6,0.961,503.6
4303,4.01,city,2.7,15.2,25.6,0.528,31.4,clear,large_ev,75,190,2400,unladen,40.5,2440.5,2.332,581.5
4304,37.42,arterial,34.1,2.9,41.7,0.633,28.4,clear,mid_ev,40,160,1900,unladen,19.9,1919.9,14.555,389.0
4305,9.34,arterial,9.5,19.3,35.0,0.204,20.0,rain,small_ev,24,140,1400,full_load,273.7,1673.7,1.704,182.3
4306,29.17,highway,33.1,58.4,75.9,0.115,31.5,clear,mid_ev,40,160,1900,half_load,269.5,2169.5,14.154,485.2
4309,6.14,city,2.4,26.9,29.1,0.303,32.6,clear,mid_ev,40,160,1900,half_load,218.8,2118.8,2.268,369.3
4310,6.08,city,0.6,12.3,28.8,0.236,32.6,clear,small_ev,24,140,1400,half_load,173.4,1573.4,1.417,233.0
4311,29.8,arterial,24.3,8.0,55.1,0.388,32.4,clear,large_ev,75,190,2400,half_load,329.2,2729.2,15.337,514.6
4313,13.2,city,12.4,3.6,25.4,0.201,29.8,clear,large_ev,75,190,2400,full_load,580.6,2980.6,4.721,357.6
4315,84.18,highway,110.4,2.1,76.1,0.024,22.1,clear,large_ev,75,190,2400,half_load,356.5,2756.5,44.655,530.5
4317,17.02,city,4.4,2.6,33.8,0.233,31.0,heavy_rain,mid_ev,40,160,1900,half_load,230.9,2130.9,5.889,346.0
4318,124.98,highway,15.7,8.9,92.1,0.035,32.1,clear,mid_ev,40,160,1900,full_load,385.3,2285.3,76.964,615.8
4319,20.25,arterial,31.4,3.4,48.0,0.332,24.2,clear,large_ev,75,190,2400,unladen,52.2,2452.2,8.431,416.3
4320,18.47,arterial,66.4,14.5,62.0,0.459,28.6,clear,large_ev,75,190,2400,full_load,528.0,2928.0,12.37,669.9
4321,17.86,arterial,0.4,37.0,36.0,0.592,32.0,rain,mid_ev,40,160,1900,full_load,404.2,2304.2,7.452,417.3
4322,200.42,highway,41.8,2.7,65.4,0.515,30.1,clear,small_ev,24,140,1400,unladen,2.8,1402.8,68.568,342.1
4323,12.55,arterial,20.6,56.9,48.1,0.242,37.8,clear,small_ev,24,140,1400,full_load,257.8,1657.8,3.438,274.0
4324,70.39,highway,6.9,6.2,93.3,0.053,20.8,clear,mid_ev,40,160,1900,half_load,201.7,2101.7,43.37,616.1
4325,23.68,arterial,31.4,10.7,32.9,0.609,31.5,heavy_rain,large_ev,75,190,2400,full_load,534.9,2934.9,13.703,578.7
4326,40.11,arterial,26.7,32.4,51.6,0.435,36.1,heavy_rain,large_ev,75,190,2400,half_load,300.3,2700.3,23.689,590.7
4327,14.08,city,1.9,11.2,17.6,0.517,36.1,clear,small_ev,24,140,1400,half_load,122.3,1522.3,4.793,340.4
4328,4.63,arterial,23.2,20.0,31.7,0.269,31.6,clear,small_ev,24,140,1400,half_load,152.6,1552.6,0.922,199.1
4329,8.52,city,0.1,6.6,23.4,0.67,29.7,clear,mid_ev,40,160,1900,unladen,1.7,1901.7,4.464,524.0
4330,6.33,city,0.1,1.3,30.0,0.645,32.9,clear,large_ev,75,190,2400,unladen,40.4,2440.4,4.331,684.5
4332,17.54,city,1.2,4.5,28.9,0.95,28.5,clear,large_ev,75,190,2400,half_load,324.7,2724.7,18.42,1049.9
4333,36.09,arterial,4.9,8.1,38.3,0.414,24.9,clear,mid_ev,40,160,1900,half_load,256.4,2156.4,11.3,313.1
4335,9.36,arterial,19.9,4.9,38.6,0.871,36.7,clear,small_ev,24,140,1400,half_load,168.8,1568.8,3.877,414.4
4337,1.77,city,4.4,5.3,20.0,0.333,36.0,clear,small_ev,24,140,1400,full_load,268.2,1668.2,0.528,297.9
4338,175.37,highway,22.1,127.0,85.3,0.55,33.0,heavy_rain,small_ev,24,140,1400,full_load,257.7,1657.7,108.637,619.5
4339,9.97,city,5.0,26.0,8.2,0.554,33.7,clear,large_ev,75,190,2400,half_load,253.3,2653.3,6.099,611.5
4340,4.55,city,15.1,2.8,18.3,0.569,27.2,clear,mid_ev,40,160,1900,unladen,37.4,1937.4,2.071,455.4
4341,12.64,arterial,29.1,2.1,37.6,0.721,33.2,rain,small_ev,24,140,1400,half_load,132.2,1532.2,4.659,368.5
4342,88.45,highway,60.6,20.2,87.5,0.49,29.8,clear,small_ev,24,140,1400,half_load,151.6,1551.6,47.525,537.3
4343,37.01,highway,39.6,36.9,71.4,0.566,30.0,clear,mid_ev,40,160,1900,full_load,402.0,2302.0,19.076,515.5
4344,10.02,city,14.4,0.4,30.0,0.438,26.0,clear,mid_ev,40,160,1900,unladen,13.4,1913.4,3.782,377.5
4346,6.52,arterial,16.0,9.2,45.3,0.283,33.3,clear,mid_ev,40,160,1900,full_load,404.2,2304.2,2.207,338.5
4348,153.85,highway,75.8,118.7,81.5,0.03,28.5,clear,small_ev,24,140,1400,unladen,8.2,1408.2,66.689,433.5
4349,57.43,highway,25.1,11.7,87.5,0.197,36.9,heavy_rain,large_ev,75,190,2400,full_load,553.8,2953.8,52.984,922.6
4351,22.95,arterial,45.8,2.9,57.2,0.606,34.7,rain,small_ev,24,140,1400,unladen,11.4,1411.4,9.696,422.4
4352,22.33,highway,33.5,36.5,84.0,0.204,32.1,clear,large_ev,75,190,2400,unladen,5.2,2405.2,15.691,702.7
4353,49.28,arterial,6.2,16.1,44.9,0.184,28.5,heavy_rain,large_ev,75,190,2400,full_load,586.7,2986.7,17.697,359.1
4354,37.49,arterial,30.1,3.5,46.2,0.526,35.7,clear,large_ev,75,190,2400,full_load,526.4,2926.4,21.136,563.8
4356,19.73,arterial,12.8,4.9,46.3,0.266,34.8,clear,small_ev,24,140,1400,half_load,140.2,1540.2,4.628,234.6
4357,2.59,city,11.6,18.8,31.5,0.636,31.3,clear,mid_ev,40,160,1900,half_load,260.5,2160.5,1.633,629.5
4359,106.0,highway,87.4,12.1,94.4,0.01,31.0,heavy_rain,small_ev,24,140,1400,half_load,142.7,1542.7,69.779,658.3
4360,5.55,city,5.1,14.7,29.7,0.634,26.7,clear,mid_ev,40,160,1900,unladen,32.9,1932.9,2.81,506.0
4361,11.71,arterial,7.6,13.4,35.7,0.713,24.0,rain,small_ev,24,140,1400,full_load,294.2,1694.2,3.861,329.7
4362,6.46,city,6.2,0.3,15.0,0.489,24.8,clear,large_ev,75,190,2400,unladen,45.7,2445.7,3.07,475.4
4363,87.71,highway,8.2,48.6,89.9,0.06,35.5,clear,small_ev,24,140,1400,half_load,163.5,1563.5,49.73,567.0
4364,48.23,highway,132.9,13.7,88.3,0.326,35.5,rain,large_ev,75,190,2400,half_load,308.6,2708.6,41.108,852.2
4365,39.04,arterial,5.3,93.5,31.7,0.368,25.8,clear,large_ev,75,190,2400,half_load,272.7,2672.7,12.744,326.5
4366,4.29,city,4.4,2.8,26.1,0.346,30.8,heavy_rain,large_ev,75,190,2400,full_load,574.0,2974.0,2.456,573.0
4367,54.26,arterial,10.6,24.1,39.6,0.229,23.4,clear,mid_ev,40,160,1900,full_load,424.5,2324.5,13.159,242.5
4368,4.59,arterial,2.1,7.6,54.9,0.255,35.8,clear,small_ev,24,140,1400,full_load,296.1,1696.1,1.53,333.4
4369,10.7,city,10.9,5.6,17.3,0.584,35.3,rain,large_ev,75,190,2400,half_load,268.0,2668.0,7.099,663.2
4370,1.19,city,4.3,11.5,13.9,0.956,24.4,clear,mid_ev,40,160,1900,full_load,392.4,2292.4,0.919,770.5
4371,5.21,city,10.0,12.4,18.8,0.383,29.0,clear,mid_ev,40,160,1900,full_load,421.8,2321.8,2.019,387.7
4372,4.41,city,32.5,2.2,29.9,0.463,36.2,clear,large_ev,75,190,2400,unladen,45.5,2445.5,2.829,641.1
4373,9.51,city,3.0,30.1,14.4,0.233,37.1,clear,small_ev,24,140,1400,half_load,147.4,1547.4,1.87,196.5
4374,9.16,city,6.7,4.6,35.9,0.31,33.6,clear,mid_ev,40,160,1900,full_load,426.2,2326.2,4.036,440.8
4375,52.13,highway,13.6,36.5,86.9,0.303,33.1,clear,large_ev,75,190,2400,full_load,565.2,2965.2,40.544,777.7
4376,82.94,highway,13.8,0.7,89.1,0.084,35.1,clear,mid_ev,40,160,1900,full_load,390.6,2290.6,54.89,661.8
4377,14.32,arterial,81.3,8.5,45.2,0.058,30.8,rain,small_ev,24,140,1400,full_load,299.5,1699.5,3.183,222.2
4378,6.15,arterial,19.0,13.3,54.8,0.559,32.3,clear,mid_ev,40,160,1900,unladen,32.1,1932.1,2.931,476.5
4379,104.5,highway,15.2,30.2,100.6,0.192,33.7,clear,mid_ev,40,160,1900,full_load,448.5,2348.5,87.857,840.8
4380,3.48,arterial,29.6,3.5,40.1,0.644,35.1,clear,small_ev,24,140,1400,unladen,11.7,1411.7,1.234,354.3
4381,9.69,city,2.5,1.1,21.4,0.795,31.8,clear,small_ev,24,140,1400,full_load,292.0,1692.0,5.264,543.3
4382,66.59,highway,84.0,5.4,87.2,0.073,22.2,clear,small_ev,24,140,1400,unladen,2.5,1402.5,32.055,481.4
4384,10.65,arterial,10.3,12.9,41.6,0.531,23.2,clear,large_ev,75,190,2400,unladen,23.2,2423.2,4.629,434.8
4386,18.99,arterial,13.6,32.1,37.4,0.65,23.8,clear,mid_ev,40,160,1900,unladen,27.4,1927.4,7.155,376.8
4387,92.01,highway,31.3,122.7,78.9,0.04,34.0,clear,small_ev,24,140,1400,full_load,287.5,1687.5,42.392,460.7
4388,83.09,highway,1.0,32.1,79.9,0.212,37.3,clear,small_ev,24,140,1400,full_load,271.1,1671.1,40.983,493.2
4389,4.43,city,1.5,9.2,26.9,0.773,35.6,heavy_rain,small_ev,24,140,1400,full_load,292.7,1692.7,2.818,636.3
4390,80.0,arterial,9.3,5.6,44.6,0.336,26.6,clear,mid_ev,40,160,1900,full_load,431.6,2331.6,27.426,342.8
4391,101.85,highway,24.9,24.3,108.3,0.109,27.4,clear,mid_ev,40,160,1900,unladen,30.5,1930.5,83.769,822.5
4392,28.63,arterial,25.4,9.0,39.6,0.237,27.9,rain,mid_ev,40,160,1900,full_load,448.5,2348.5,8.197,286.3
4394,15.04,arterial,16.5,6.4,47.6,0.197,30.8,clear,mid_ev,40,160,1900,full_load,410.7,2310.7,4.863,323.3
4395,22.08,arterial,14.4,47.1,45.6,0.795,23.4,clear,small_ev,24,140,1400,half_load,130.4,1530.4,8.217,372.1
4397,99.65,highway,22.0,58.0,92.2,0.132,29.1,rain,small_ev,24,140,1400,full_load,274.9,1674.9,55.508,557.0
4398,70.7,highway,32.3,14.2,89.0,0.372,37.2,clear,small_ev,24,140,1400,unladen,13.0,1413.0,42.147,596.1
4400,108.45,highway,0.5,73.8,91.1,0.084,32.0,rain,small_ev,24,140,1400,full_load,283.9,1683.9,58.611,540.5
4401,2.27,city,3.3,0.5,20.3,0.669,39.1,clear,small_ev,24,140,1400,half_load,165.2,1565.2,1.119,493.7
4402,13.5,city,1.9,22.7,18.8,0.208,35.8,rain,large_ev,75,190,2400,full_load,524.8,2924.8,4.841,358.5
4403,102.8,highway,5.9,7.2,74.7,0.196,24.1,rain,mid_ev,40,160,1900,unladen,21.7,1921.7,45.831,445.8
4404,17.04,highway,5.6,83.8,96.8,0.049,31.0,clear,small_ev,24,140,1400,unladen,8.6,1408.6,10.048,589.5
4405,30.12,arterial,8.8,56.9,51.6,0.713,31.4,clear,large_ev,75,190,2400,half_load,310.7,2710.7,20.689,686.9
4406,12.95,city,0.3,27.3,30.3,0.308,28.0,clear,mid_ev,40,160,1900,unladen,44.7,1944.7,3.903,301.3
4407,7.16,city,2.6,4.6,19.0,0.222,35.9,heavy_rain,small_ev,24,140,1400,unladen,27.3,1427.3,1.446,201.9
4408,11.77,city,19.0,6.4,21.8,0.904,20.7,rain,large_ev,75,190,2400,full_load,591.4,2991.4,12.258,1041.1
4409,6.68,city,1.0,15.7,22.0,0.856,29.4,clear,large_ev,75,190,2400,half_load,247.0,2647.0,5.799,867.8
4410,3.61,city,1.5,12.7,18.8,0.719,37.6,clear,mid_ev,40,160,1900,full_load,398.7,2298.7,2.584,716.5
4411,4.14,arterial,20.6,51.7,38.0,0.082,31.3,clear,mid_ev,40,160,1900,full_load,404.7,2304.7,0.846,204.2
4412,10.0,highway,2.2,1.3,85.1,0.195,32.9,clear,small_ev,24,140,1400,unladen,6.1,1406.1,5.39,539.0
4414,4.52,city,11.0,0.4,19.1,0.627,34.7,rain,small_ev,24,140,1400,half_load,171.6,1571.6,2.053,454.0
4417,9.23,city,7.1,6.4,22.1,0.175,30.4,clear,small_ev,24,140,1400,unladen,26.9,1426.9,1.48,160.3
4419,18.48,arterial,19.2,22.3,47.6,0.085,32.0,clear,large_ev,75,190,2400,unladen,6.7,2406.7,5.283,285.8
4420,65.64,highway,46.7,20.8,93.2,0.08,28.9,clear,mid_ev,40,160,1900,half_load,185.0,2085.0,43.925,669.1
4421,2.36,arterial,18.8,24.3,39.3,0.348,22.9,clear,large_ev,75,190,2400,unladen,16.4,2416.4,0.859,364.4
4423,117.84,highway,65.4,37.5,79.6,0.051,34.3,clear,mid_ev,40,160,1900,half_load,212.3,2112.3,63.043,535.0
4424,28.88,arterial,7.0,35.0,38.5,0.54,32.6,rain,small_ev,24,140,1400,full_load,299.1,1699.1,9.543,330.4
4425,5.33,city,5.8,2.5,21.2,0.451,36.2,clear,mid_ev,40,160,1900,half_load,230.7,2130.7,2.534,475.2
4426,58.7,highway,3.0,11.9,89.3,0.181,36.7,clear,large_ev,75,190,2400,unladen,25.8,2425.8,45.078,768.0
4427,23.45,arterial,9.2,12.7,45.9,0.68,31.5,clear,small_ev,24,140,1400,half_load,132.7,1532.7,8.406,358.5
4428,18.15,city,21.7,1.8,24.4,0.143,35.1,heavy_rain,small_ev,24,140,1400,full_load,273.3,1673.3,3.45,190.1
4431,2.0,arterial,27.3,13.0,26.4,0.225,24.3,clear,small_ev,24,140,1400,half_load,141.3,1541.3,0.362,181.0
4433,12.78,city,0.3,8.3,25.6,0.69,23.1,clear,mid_ev,40,160,1900,full_load,400.1,2300.1,7.331,573.8
4434,205.34,highway,30.7,4.5,87.3,0.129,29.5,clear,small_ev,24,140,1400,unladen,29.4,1429.4,104.957,511.1
4435,2.82,arterial,36.2,8.9,35.3,0.429,26.4,clear,large_ev,75,190,2400,full_load,599.2,2999.2,1.511,536.1
4436,1.0,city,0.2,28.1,25.9,0.184,32.1,clear,small_ev,24,140,1400,full_load,293.8,1693.8,0.214,213.6
4438,35.17,arterial,21.2,19.7,46.5,0.632,27.3,clear,mid_ev,40,160,1900,half_load,256.7,2156.7,15.581,443.0
4439,27.3,arterial,14.9,34.0,48.5,0.221,30.9,clear,mid_ev,40,160,1900,unladen,18.2,1918.2,7.91,289.7
4440,4.61,arterial,27.2,20.0,51.0,0.068,23.1,rain,mid_ev,40,160,1900,half_load,235.8,2135.8,1.279,277.4
4441,122.31,highway,46.2,7.6,89.2,0.328,21.3,clear,large_ev,75,190,2400,unladen,42.0,2442.0,91.766,750.3
4442,27.11,arterial,15.2,63.1,30.6,0.357,37.6,clear,small_ev,24,140,1400,unladen,18.9,1418.9,5.651,208.5
4443,62.53,highway,7.4,26.2,92.2,0.078,39.5,clear,mid_ev,40,160,1900,half_load,257.9,2157.9,44.811,716.7
4445,3.29,city,2.2,2.5,16.8,0.73,29.6,clear,small_ev,24,140,1400,unladen,21.9,1421.9,1.359,413.1
4446,7.45,city,3.0,1.9,17.2,0.572,33.9,rain,large_ev,75,190,2400,full_load,539.7,2939.7,5.685,762.9
4447,98.57,highway,13.3,64.0,82.1,0.045,26.3,rain,mid_ev,40,160,1900,half_load,241.4,2141.4,50.959,517.0
4448,15.91,city,10.9,5.5,20.4,0.702,31.1,clear,mid_ev,40,160,1900,full_load,440.2,2340.2,10.108,635.3
4450,12.59,city,18.3,15.7,23.4,0.376,26.6,clear,large_ev,75,190,2400,full_load,574.2,2974.2,6.265,497.4
4451,24.49,arterial,13.6,27.9,49.3,0.671,25.6,clear,mid_ev,40,160,1900,full_load,433.8,2333.8,12.34,503.8
4452,127.08,highway,90.2,61.1,78.2,0.102,32.2,clear,mid_ev,40,160,1900,unladen,2.8,1902.8,65.325,514.1
4453,10.77,arterial,3.8,14.0,45.1,0.589,25.8,heavy_rain,small_ev,24,140,1400,half_load,139.5,1539.5,3.839,356.3
4454,9.45,arterial,13.1,32.4,32.8,0.738,31.0,clear,mid_ev,40,160,1900,full_load,383.4,2283.4,4.021,425.7
4455,150.25,highway,48.5,26.3,81.9,0.051,33.6,clear,small_ev,24,140,1400,half_load,130.3,1530.3,68.806,458.0
4456,8.28,arterial,41.8,3.0,47.3,0.496,24.9,clear,small_ev,24,140,1400,unladen,5.2,1405.2,2.631,318.0
4457,19.67,arterial,16.3,7.9,39.5,0.19,23.9,clear,mid_ev,40,160,1900,full_load,433.0,2333.0,4.847,246.5
4458,16.12,arterial,16.7,7.1,50.5,0.435,25.2,heavy_rain,large_ev,75,190,2400,full_load,519.0,2919.0,8.996,557.9
4459,4.23,city,16.7,18.1,27.1,0.658,24.8,heavy_rain,large_ev,75,190,2400,half_load,275.0,2675.0,3.261,771.2
4460,27.68,highway,21.7,44.1,89.2,0.189,25.8,clear,mid_ev,40,160,1900,half_load,192.5,2092.5,16.812,607.3
4461,29.17,arterial,7.2,0.6,51.3,0.021,28.1,clear,large_ev,75,190,2400,half_load,327.6,2727.6,8.575,294.0
4462,3.04,arterial,22.3,2.0,42.6,0.2,33.5,clear,small_ev,24,140,1400,unladen,6.4,1406.4,0.751,247.2
4464,2.18,city,5.9,3.2,23.6,0.429,31.6,clear,small_ev,24,140,1400,unladen,2.0,1402.0,0.638,293.0
4465,9.77,city,3.5,7.6,21.8,0.909,30.0,heavy_rain,large_ev,75,190,2400,full_load,512.0,2912.0,11.159,1142.1
4466,44.51,arterial,16.1,9.5,49.5,0.377,23.2,clear,small_ev,24,140,1400,unladen,20.8,1420.8,12.055,270.8
4467,9.28,city,1.7,6.2,16.0,0.687,35.0,clear,small_ev,24,140,1400,full_load,267.5,1667.5,4.284,461.8
4468,20.57,arterial,6.6,41.3,47.7,0.301,30.7,clear,small_ev,24,140,1400,half_load,131.4,1531.4,5.348,260.0
4469,34.89,highway,71.5,95.6,82.7,0.083,41.1,clear,small_ev,24,140,1400,unladen,16.3,1416.3,18.26,523.3
4470,4.34,city,23.1,14.1,22.7,0.626,28.8,clear,large_ev,75,190,2400,full_load,516.4,2916.4,3.42,787.8
4472,60.08,highway,174.1,70.0,87.5,0.228,39.4,clear,large_ev,75,190,2400,half_load,359.0,2759.0,50.694,843.7
4474,28.78,arterial,7.2,23.9,34.5,0.299,23.2,rain,mid_ev,40,160,1900,half_load,193.2,2093.2,7.325,254.5
4475,7.79,city,0.7,24.4,21.6,0.659,29.3,rain,large_ev,75,190,2400,full_load,557.1,2957.1,6.6,847.6
4477,2.12,city,25.2,6.2,16.2,0.382,31.0,clear,mid_ev,40,160,1900,half_load,264.1,2164.1,0.888,419.6
4478,53.42,highway,0.1,40.5,78.6,0.318,26.5,clear,large_ev,75,190,2400,unladen,57.0,2457.0,34.603,647.8
4479,11.52,arterial,16.3,18.1,39.0,0.392,22.6,clear,small_ev,24,140,1400,half_load,162.1,1562.1,2.622,227.7
4481,46.74,highway,130.8,39.6,76.2,0.134,30.5,rain,small_ev,24,140,1400,unladen,20.3,1420.3,19.872,425.1
4482,28.84,arterial,13.3,3.6,44.9,0.1,36.9,clear,large_ev,75,190,2400,full_load,596.6,2996.6,9.96,345.3
4483,5.77,city,4.9,7.6,21.7,0.457,29.3,rain,small_ev,24,140,1400,half_load,145.1,1545.1,1.927,333.9
4484,37.95,highway,60.8,6.0,77.3,0.214,29.6,clear,large_ev,75,190,2400,unladen,36.2,2436.2,22.187,584.7
4485,19.61,arterial,16.7,1.9,44.1,0.441,26.9,clear,mid_ev,40,160,1900,half_load,195.4,2095.4,6.568,334.9
4486,44.63,highway,16.4,59.4,89.6,0.1,30.8,clear,small_ev,24,140,1400,unladen,0.8,1400.8,23.85,534.4
4487,12.79,arterial,41.2,1.1,66.0,0.274,42.0,clear,small_ev,24,140,1400,half_load,133.3,1533.3,5.924,463.1
4488,2.8,arterial,31.1,4.2,38.3,0.376,27.4,clear,small_ev,24,140,1400,full_load,270.0,1670.0,0.809,289.0
4489,18.64,arterial,88.1,0.0,45.5,0.353,36.0,clear,large_ev,75,190,2400,unladen,17.3,2417.3,8.448,453.2
4490,41.93,highway,3.3,15.7,96.4,0.246,39.6,clear,small_ev,24,140,1400,unladen,23.3,1423.3,29.432,701.9
4491,67.41,highway,4.3,2.4,95.1,0.045,31.9,clear,large_ev,75,190,2400,unladen,12.0,2412.0,57.396,851.4
4492,32.13,highway,27.6,71.8,82.1,0.146,23.5,clear,small_ev,24,140,1400,full_load,269.2,1669.2,14.479,450.6
4494,80.08,highway,63.9,16.4,84.5,0.004,30.7,clear,mid_ev,40,160,1900,half_load,201.5,2101.5,44.124,551.0
4497,20.27,highway,44.7,18.7,89.7,0.294,37.5,heavy_rain,small_ev,24,140,1400,full_load,277.7,1677.7,14.14,697.5
4498,125.96,highway,41.3,151.7,93.6,0.042,29.2,rain,mid_ev,40,160,1900,unladen,5.8,1905.8,85.825,681.4
4499,13.11,arterial,17.5,19.8,50.2,0.698,32.3,clear,mid_ev,40,160,1900,full_load,407.0,2307.0,7.048,537.5
4500,6.91,city,9.8,8.7,20.1,0.523,39.0,clear,small_ev,24,140,1400,unladen,2.7,1402.7,2.511,363.5
4501,59.97,highway,8.9,12.2,96.4,0.195,33.4,clear,small_ev,24,140,1400,half_load,125.1,1525.1,38.301,638.6
4502,12.2,arterial,22.0,33.6,54.9,0.37,34.8,clear,mid_ev,40,160,1900,full_load,418.4,2318.4,5.417,444.1
4503,51.9,highway,28.6,22.5,75.1,0.357,39.4,clear,small_ev,24,140,1400,unladen,20.4,1420.4,24.005,462.5
4504,46.23,highway,3.2,1.5,64.0,0.119,24.6,clear,large_ev,75,190,2400,unladen,28.6,2428.6,18.475,399.6
4506,35.87,highway,21.6,71.8,98.3,0.128,32.8,clear,mid_ev,40,160,1900,half_load,266.0,2166.0,28.368,790.8
4507,68.8,highway,42.5,12.7,92.3,0.036,33.8,rain,mid_ev,40,160,1900,unladen,37.2,1937.2,47.508,690.5
4508,11.02,arterial,24.3,1.1,42.3,0.746,32.8,clear,large_ev,75,190,2400,full_load,526.4,2926.4,7.308,663.2
4509,13.38,arterial,6.7,16.6,47.6,0.233,33.8,rain,large_ev,75,190,2400,unladen,36.8,2436.8,5.287,395.2
4510,51.61,arterial,17.5,48.5,43.3,0.276,34.7,clear,mid_ev,40,160,1900,full_load,429.6,2329.6,17.543,339.9
4511,3.29,arterial,3.5,22.3,45.1,0.686,33.1,clear,mid_ev,40,160,1900,full_load,406.4,2306.4,1.798,546.9
4512,9.75,city,4.6,0.6,13.5,0.588,42.0,clear,large_ev,75,190,2400,half_load,292.2,2692.2,7.78,797.7
4513,4.27,city,3.9,8.3,16.5,0.798,20.0,clear,small_ev,24,140,1400,unladen,14.4,1414.4,1.803,421.8
4514,17.7,city,7.9,0.5,23.2,0.848,36.3,clear,large_ev,75,190,2400,half_load,263.7,2663.7,17.125,967.4
4515,99.72,highway,6.9,35.0,101.7,0.405,25.8,clear,small_ev,24,140,1400,full_load,296.5,1696.5,68.443,686.3
4516,2.59,city,0.7,1.2,29.4,0.504,28.3,rain,large_ev,75,190,2400,half_load,309.7,2709.7,1.617,624.3
4517,47.65,highway,4.1,6.2,90.4,0.14,25.8,clear,mid_ev,40,160,1900,unladen,2.5,1902.5,29.44,617.8
4518,6.95,city,2.8,10.2,12.2,0.705,30.4,clear,small_ev,24,140,1400,half_load,167.2,1567.2,3.091,444.6
4520,70.76,highway,80.6,57.8,96.3,0.121,35.2,rain,mid_ev,40,160,1900,half_load,194.1,2094.1,54.279,767.0
4522,4.17,arterial,22.8,53.3,40.1,0.875,23.5,clear,mid_ev,40,160,1900,unladen,9.1,1909.1,1.928,462.1
4523,46.04,highway,33.9,0.4,76.4,0.147,33.6,heavy_rain,large_ev,75,190,2400,half_load,257.7,2657.7,30.93,671.8
4524,88.7,highway,71.4,13.7,83.1,0.237,34.9,clear,large_ev,75,190,2400,half_load,357.8,2757.8,64.027,721.8
4525,7.48,arterial,26.0,0.9,33.9,0.66,30.0,rain,small_ev,24,140,1400,half_load,124.3,1524.3,2.474,330.9
4526,29.5,arterial,20.7,12.3,31.5,0.513,22.7,clear,small_ev,24,140,1400,full_load,255.5,1655.5,7.605,257.8
4528,146.65,highway,73.9,42.5,79.0,0.158,34.5,rain,small_ev,24,140,1400,unladen,7.6,1407.6,69.222,472.0
4530,41.44,highway,2.3,22.3,97.8,0.056,23.1,rain,mid_ev,40,160,1900,unladen,38.9,1938.9,29.92,722.0
4531,2.56,city,2.2,13.7,17.6,0.834,31.9,clear,mid_ev,40,160,1900,half_load,186.8,2086.8,1.792,698.8
4532,7.49,city,2.5,0.9,31.1,0.431,28.3,clear,small_ev,24,140,1400,unladen,9.2,1409.2,2.212,295.3
4533,27.12,city,1.3,7.1,19.6,0.873,31.9,clear,mid_ev,40,160,1900,half_load,182.2,2082.2,21.112,778.6
4534,9.84,city,19.2,11.8,20.2,0.582,35.1,clear,large_ev,75,190,2400,full_load,592.9,2992.9,7.828,795.2
4535,9.71,arterial,22.4,0.6,52.3,0.681,27.6,rain,mid_ev,40,160,1900,unladen,14.1,1914.1,4.612,475.1
4536,1.77,city,10.6,9.6,12.6,0.513,32.1,clear,small_ev,24,140,1400,full_load,284.8,1684.8,0.662,373.2
4539,10.72,arterial,3.3,2.5,48.4,0.608,34.3,clear,small_ev,24,140,1400,full_load,283.3,1683.3,4.187,390.6
4540,3.18,city,4.0,1.4,34.3,0.631,34.5,clear,large_ev,75,190,2400,unladen,39.1,2439.1,2.259,710.9
4541,2.89,city,4.3,1.8,21.6,0.695,31.8,rain,small_ev,24,140,1400,full_load,284.1,1684.1,1.482,512.3
4542,131.45,highway,31.0,68.4,102.7,0.186,30.3,rain,small_ev,24,140,1400,half_load,127.0,1527.0,95.698,728.0
4543,71.66,highway,2.3,0.2,87.5,0.343,31.5,rain,large_ev,75,190,2400,full_load,520.4,2920.4,59.372,828.6
4545,22.33,highway,47.4,31.6,89.0,0.146,29.7,clear,small_ev,24,140,1400,unladen,25.0,1425.0,11.934,534.4
4547,274.52,highway,3.5,1.1,77.7,0.404,30.9,clear,large_ev,75,190,2400,half_load,353.5,2753.5,180.881,658.9
4548,87.88,highway,33.6,105.2,67.5,0.12,30.2,clear,small_ev,24,140,1400,unladen,18.2,1418.2,27.19,309.4
4549,75.82,highway,35.8,211.9,89.2,0.002,25.1,clear,mid_ev,40,160,1900,half_load,182.6,2082.6,43.721,576.6
4550,25.11,arterial,13.6,32.2,47.2,0.257,31.3,clear,small_ev,24,140,1400,full_load,274.8,1674.8,6.787,270.3
4551,12.47,arterial,35.3,11.6,43.6,0.524,27.3,clear,small_ev,24,140,1400,unladen,21.1,1421.1,3.724,298.7
4552,3.95,city,12.2,16.7,24.5,0.686,28.5,clear,large_ev,75,190,2400,unladen,50.5,2450.5,2.596,656.8
4553,15.83,arterial,17.9,14.2,42.3,0.249,28.5,heavy_rain,mid_ev,40,160,1900,unladen,31.9,1931.9,4.381,276.7
4554,7.24,arterial,14.5,46.0,41.2,0.863,33.0,clear,large_ev,75,190,2400,unladen,56.8,2456.8,4.843,668.5
4557,67.34,highway,21.3,6.0,96.8,0.252,24.5,clear,large_ev,75,190,2400,full_load,524.7,2924.7,58.18,864.0
4558,18.8,highway,17.4,44.1,87.2,0.268,22.4,clear,small_ev,24,140,1400,half_load,135.9,1535.9,9.257,492.5
4559,93.36,highway,77.0,24.2,86.4,0.523,33.3,clear,small_ev,24,140,1400,unladen,6.9,1406.9,52.885,566.5
4560,11.94,arterial,3.5,12.3,33.1,0.532,40.9,clear,mid_ev,40,160,1900,full_load,423.0,2323.0,5.082,425.7
4561,115.35,highway,3.4,11.1,90.5,0.292,36.3,rain,large_ev,75,190,2400,full_load,551.4,2951.4,104.992,910.2
4562,107.87,highway,13.4,36.0,83.7,0.249,34.4,clear,small_ev,24,140,1400,full_load,276.2,1676.2,58.005,537.8
4564,17.74,arterial,48.4,9.3,50.0,0.799,31.4,clear,small_ev,24,140,1400,unladen,5.5,1405.5,7.379,415.9
4565,14.36,arterial,3.4,21.5,49.6,0.58,28.2,clear,large_ev,75,190,2400,unladen,41.6,2441.6,7.009,488.0
4566,4.0,city,0.2,6.0,26.7,0.883,29.9,clear,small_ev,24,140,1400,unladen,13.3,1413.3,2.082,520.4
4567,9.84,arterial,30.9,14.3,50.9,0.39,26.0,clear,large_ev,75,190,2400,full_load,584.7,2984.7,5.087,517.1
4568,31.15,arterial,45.3,82.8,45.5,0.464,28.5,clear,large_ev,75,190,2400,half_load,273.4,2673.4,14.847,476.6
4569,10.72,arterial,50.3,4.6,44.0,0.852,21.1,clear,mid_ev,40,160,1900,unladen,30.5,1930.5,5.124,477.9
4570,58.93,highway,38.8,56.4,77.2,0.295,26.3,clear,mid_ev,40,160,1900,full_load,399.5,2299.5,30.441,516.6
4571,140.16,highway,2.9,99.9,73.7,0.123,35.0,clear,small_ev,24,140,1400,half_load,176.7,1576.7,53.475,381.5
4572,13.0,city,2.9,10.4,24.1,0.499,41.5,clear,small_ev,24,140,1400,unladen,23.6,1423.6,5.307,408.3
4573,136.93,highway,32.7,38.7,85.7,0.036,31.2,clear,large_ev,75,190,2400,unladen,7.5,2407.5,95.106,694.6
4574,5.14,city,7.1,4.8,21.7,0.415,27.8,clear,mid_ev,40,160,1900,unladen,29.2,1929.2,1.822,354.1
4575,2.57,city,7.1,2.2,20.3,0.532,31.0,rain,large_ev,75,190,2400,unladen,54.9,2454.9,1.487,578.8
4576,8.39,city,1.5,9.4,24.6,0.656,34.5,rain,large_ev,75,190,2400,half_load,289.7,2689.7,6.327,754.1
4578,13.29,arterial,1.4,52.0,48.9,0.305,37.5,clear,large_ev,75,190,2400,full_load,572.0,2972.0,6.393,481.1
4579,100.05,highway,112.0,120.7,77.7,0.408,33.9,clear,small_ev,24,140,1400,half_load,133.1,1533.1,46.947,469.2
4580,97.46,highway,31.8,45.0,89.0,0.086,27.6,clear,mid_ev,40,160,1900,half_load,202.5,2102.5,57.506,590.1
4581,103.19,highway,30.6,43.2,88.5,0.313,30.8,heavy_rain,mid_ev,40,160,1900,unladen,6.4,1906.4,68.185,660.7
4582,15.09,arterial,10.8,30.9,49.8,0.402,24.5,clear,mid_ev,40,160,1900,full_load,390.1,2290.1,5.653,374.6
4583,152.16,highway,21.0,5.6,74.7,0.036,23.8,clear,mid_ev,40,160,1900,unladen,44.8,1944.8,62.45,410.4
4584,6.89,city,20.8,10.8,27.1,0.336,34.6,clear,mid_ev,40,160,1900,half_load,207.5,2107.5,2.685,389.7
4586,12.11,arterial,2.1,32.4,49.6,0.049,34.0,clear,mid_ev,40,160,1900,unladen,19.5,1919.5,2.899,239.3
4587,16.38,city,4.1,1.0,21.7,0.213,33.9,rain,large_ev,75,190,2400,half_load,259.2,2659.2,5.321,324.9
4588,52.46,highway,55.9,10.3,83.1,0.061,33.0,rain,large_ev,75,190,2400,full_load,560.3,2960.3,36.556,696.8
4589,87.6,highway,111.0,6.0,115.8,0.16,34.1,clear,small_ev,24,140,1400,half_load,151.4,1551.4,82.295,939.4
4592,8.12,arterial,32.5,2.8,42.6,0.118,30.3,clear,mid_ev,40,160,1900,unladen,7.0,1907.0,2.027,249.7
4593,3.82,city,4.0,0.6,29.1,0.385,35.1,clear,large_ev,75,190,2400,half_load,327.3,2727.3,2.179,570.8
4594,14.81,city,7.9,27.0,27.4,0.628,32.8,clear,mid_ev,40,160,1900,full_load,436.1,2336.1,9.031,609.6
4595,16.34,arterial,30.4,12.8,36.8,0.395,42.0,clear,large_ev,75,190,2400,half_load,242.0,2642.0,7.716,472.2
4596,61.08,highway,118.3,16.0,86.1,0.241,27.4,clear,large_ev,75,190,2400,full_load,588.1,2988.1,44.804,733.5
4597,79.27,highway,13.8,128.9,81.1,0.484,27.1,clear,small_ev,24,140,1400,unladen,20.4,1420.4,37.413,472.0
4599,11.2,city,9.7,0.9,21.0,0.409,41.5,rain,large_ev,75,190,2400,full_load,532.8,2932.8,7.247,647.0
4600,103.85,highway,3.7,0.0,88.7,0.07,38.5,clear,large_ev,75,190,2400,unladen,16.3,2416.3,81.691,786.6
4602,24.21,arterial,13.4,26.7,43.7,0.365,37.3,clear,mid_ev,40,160,1900,unladen,39.5,1939.5,8.495,351.0
4603,54.13,highway,22.0,2.4,79.6,0.206,27.2,clear,large_ev,75,190,2400,unladen,25.1,2425.1,35.015,646.8
4604,6.17,city,1.9,14.0,18.8,0.466,32.7,rain,mid_ev,40,160,1900,half_load,268.8,2168.8,2.999,486.3
4605,2.0,arterial,4.6,9.1,25.0,0.391,26.2,rain,small_ev,24,140,1400,half_load,145.0,1545.0,0.33,164.8
4607,23.61,highway,253.0,29.8,89.0,0.28,41.1,clear,mid_ev,40,160,1900,full_load,413.4,2313.4,19.256,815.7
4609,8.43,city,0.7,1.8,24.0,0.72,31.3,clear,mid_ev,40,160,1900,half_load,237.7,2137.7,5.324,631.7
4611,1.9,city,10.8,4.2,20.1,0.671,36.2,clear,mid_ev,40,160,1900,full_load,446.9,2346.9,1.345,709.2
4612,30.11,arterial,7.4,2.4,64.7,0.414,33.9,rain,small_ev,24,140,1400,half_load,155.0,1555.0,14.38,477.6
4613,16.09,arterial,2.4,1.6,40.3,0.523,29.0,clear,large_ev,75,190,2400,unladen,29.9,2429.9,7.129,443.2
4614,7.38,arterial,2.2,62.9,52.3,0.494,26.7,clear,large_ev,75,190,2400,full_load,539.5,2939.5,4.057,549.5
4615,73.26,highway,6.9,39.4,101.3,0.285,33.8,clear,small_ev,24,140,1400,unladen,20.3,1420.3,52.708,719.5
4616,25.13,arterial,12.9,63.6,27.3,0.44,33.3,clear,large_ev,75,190,2400,full_load,524.0,2924.0,9.606,382.3
4617,28.36,arterial,6.2,0.1,38.7,0.175,32.6,clear,small_ev,24,140,1400,full_load,259.5,1659.5,5.598,197.4
4619,28.01,arterial,8.7,85.2,35.7,0.271,31.6,rain,mid_ev,40,160,1900,half_load,215.3,2115.3,7.079,252.7
4620,20.53,arterial,2.2,90.3,34.7,0.477,27.5,clear,large_ev,75,190,2400,half_load,287.6,2687.6,8.128,395.9
4621,5.3,city,11.3,13.0,21.8,0.446,28.1,rain,large_ev,75,190,2400,unladen,51.4,2451.4,2.608,491.8
4623,17.94,city,23.2,0.8,26.7,0.589,25.6,clear,mid_ev,40,160,1900,unladen,26.6,1926.6,9.104,507.6
4624,39.66,highway,24.3,96.4,78.5,0.519,30.1,clear,mid_ev,40,160,1900,half_load,189.6,2089.6,22.271,561.5
4625,13.76,city,0.6,2.6,21.6,0.55,26.4,clear,large_ev,75,190,2400,unladen,3.7,2403.7,7.563,549.5
4626,5.29,city,0.6,11.5,28.7,0.628,32.5,clear,small_ev,24,140,1400,full_load,273.3,1673.3,2.34,442.6
4627,30.28,arterial,7.7,34.3,46.2,0.393,30.7,clear,mid_ev,40,160,1900,full_load,418.0,2318.0,10.948,361.6
4629,25.16,arterial,4.0,0.1,51.5,0.21,39.4,clear,small_ev,24,140,1400,unladen,2.9,1402.9,7.163,284.8
4630,13.79,city,33.4,0.6,20.9,0.49,24.4,clear,mid_ev,40,160,1900,half_load,235.0,2135.0,5.927,429.7
4631,17.58,city,2.8,18.8,21.5,0.366,25.7,clear,small_ev,24,140,1400,full_load,287.7,1687.7,4.995,284.1
4632,1.2,city,4.2,7.7,12.9,0.238,31.3,clear,small_ev,24,140,1400,full_load,290.3,1690.3,0.209,173.6
4633,22.67,arterial,12.1,13.2,48.5,0.307,28.0,clear,mid_ev,40,160,1900,full_load,401.9,2301.9,7.629,336.4
4634,11.89,city,21.6,7.7,21.9,0.895,27.6,clear,mid_ev,40,160,1900,half_load,225.5,2125.5,8.526,716.9
4635,32.35,city,10.1,22.1,23.2,0.53,29.9,clear,large_ev,75,190,2400,half_load,344.6,2744.6,20.856,644.7
4636,61.49,highway,126.8,42.6,72.6,0.566,31.4,rain,small_ev,24,140,1400,half_load,174.5,1574.5,27.991,455.2
4638,3.07,city,2.3,20.0,8.9,0.518,29.2,clear,mid_ev,40,160,1900,half_load,219.8,2119.8,1.358,442.9
4639,19.47,arterial,26.3,22.0,55.0,0.291,34.0,clear,mid_ev,40,160,1900,full_load,406.9,2306.9,8.26,424.3
4640,10.31,city,13.6,1.4,22.4,0.713,32.9,clear,small_ev,24,140,1400,half_load,179.1,1579.1,4.564,442.8
4642,39.41,arterial,34.6,20.7,39.4,0.669,30.8,clear,small_ev,24,140,1400,unladen,18.5,1418.5,12.516,317.6
4643,13.44,arterial,6.6,43.9,39.8,0.373,33.0,clear,mid_ev,40,160,1900,unladen,36.0,1936.0,4.185,311.4
4644,9.16,city,23.0,16.5,23.7,0.542,20.0,clear,mid_ev,40,160,1900,unladen,12.6,1912.6,3.841,419.1
4645,25.12,highway,110.1,2.3,63.2,0.209,38.7,rain,large_ev,75,190,2400,half_load,247.8,2647.8,14.056,559.5
4646,82.13,highway,19.6,15.7,90.2,0.096,37.5,clear,mid_ev,40,160,1900,unladen,38.7,1938.7,54.9,668.5
4648,34.84,arterial,4.1,63.5,37.8,0.677,26.4,clear,large_ev,75,190,2400,half_load,327.9,2727.9,17.905,514.0
4649,18.7,highway,4.5,4.3,82.4,0.203,39.7,clear,mid_ev,40,160,1900,unladen,31.7,1931.7,11.723,626.7
4650,46.31,highway,43.0,13.4,77.0,0.107,30.4,clear,large_ev,75,190,2400,half_load,353.1,2753.1,27.768,599.7
4652,16.37,arterial,22.7,3.6,39.8,0.22,34.4,clear,mid_ev,40,160,1900,half_load,217.5,2117.5,4.57,279.2
4653,80.24,highway,74.4,106.4,93.2,0.086,31.0,clear,large_ev,75,190,2400,unladen,36.2,2436.2,62.502,779.0
4655,62.83,highway,63.2,21.7,85.8,0.149,24.2,clear,small_ev,24,140,1400,full_load,260.6,1660.6,31.358,499.1
4656,12.32,arterial,8.9,18.3,60.2,0.376,31.7,clear,large_ev,75,190,2400,full_load,573.9,2973.9,7.28,591.1
4657,78.73,highway,12.9,28.1,62.1,0.345,40.3,clear,large_ev,75,190,2400,half_load,356.4,2756.4,40.728,517.3
4658,6.26,city,4.2,45.9,24.3,0.415,32.5,clear,small_ev,24,140,1400,full_load,269.8,1669.8,2.2,351.6
4659,15.19,city,1.5,9.9,19.6,0.401,35.4,clear,mid_ev,40,160,1900,full_load,414.4,2314.4,6.897,453.9
4660,4.06,arterial,2.7,9.7,41.5,0.149,40.8,clear,large_ev,75,190,2400,half_load,350.3,2750.3,1.45,356.8
4661,55.13,highway,90.3,68.0,105.9,0.363,28.7,clear,large_ev,75,190,2400,full_load,577.0,2977.0,58.569,1062.3
4662,14.51,arterial,11.7,1.5,34.5,0.726,33.3,clear,small_ev,24,140,1400,unladen,2.3,1402.3,4.674,322.1
4666,7.42,arterial,57.1,22.2,41.1,0.222,36.8,clear,mid_ev,40,160,1900,unladen,31.3,1931.3,2.218,299.0
4667,12.52,arterial,35.3,5.4,37.4,0.369,25.1,rain,small_ev,24,140,1400,unladen,13.4,1413.4,2.846,227.2
4668,3.5,city,2.6,32.7,22.5,0.341,37.0,rain,mid_ev,40,160,1900,unladen,9.1,1909.1,1.262,360.2
4670,4.13,city,7.8,11.7,21.8,0.245,33.1,clear,large_ev,75,190,2400,unladen,20.6,2420.6,1.3,314.7
4671,5.32,city,8.6,1.3,23.6,0.583,40.3,clear,mid_ev,40,160,1900,half_load,188.4,2088.4,3.258,612.4
4672,18.83,arterial,14.5,6.3,38.9,0.265,32.2,clear,large_ev,75,190,2400,unladen,37.9,2437.9,6.161,327.3
4673,22.16,arterial,20.6,16.4,43.9,0.464,34.7,clear,large_ev,75,190,2400,full_load,555.2,2955.2,11.286,509.2
4674,28.11,arterial,12.9,7.3,40.0,0.636,42.0,clear,small_ev,24,140,1400,unladen,11.7,1411.7,10.149,361.0
4675,94.66,highway,17.5,19.6,84.5,0.121,35.4,rain,small_ev,24,140,1400,half_load,174.1,1574.1,53.764,568.0
4676,66.26,highway,7.6,26.8,95.0,0.065,34.2,rain,mid_ev,40,160,1900,full_load,438.5,2338.5,50.969,769.3
4677,18.71,city,2.1,1.8,22.6,0.875,25.1,clear,mid_ev,40,160,1900,half_load,232.8,2132.8,13.258,708.7
4680,112.17,highway,0.6,14.1,83.1,0.036,20.0,clear,small_ev,24,140,1400,half_load,157.7,1557.7,49.196,438.6
4681,17.13,arterial,10.6,8.1,49.1,0.65,31.6,clear,small_ev,24,140,1400,unladen,18.5,1418.5,6.11,356.8
4682,13.56,arterial,5.7,7.2,33.0,0.533,32.5,rain,small_ev,24,140,1400,unladen,17.4,1417.4,3.458,255.1
4683,96.72,highway,5.5,75.3,88.6,0.319,28.4,clear,mid_ev,40,160,1900,full_load,390.4,2290.4,61.668,637.6
4684,39.5,highway,0.8,30.5,64.9,0.319,35.2,rain,large_ev,75,190,2400,half_load,291.4,2691.4,21.276,538.6
4685,24.74,highway,113.2,18.4,91.6,0.501,24.2,clear,small_ev,24,140,1400,half_load,159.0,1559.0,14.43,583.3
4686,28.77,arterial,8.5,5.2,51.3,0.59,37.5,clear,mid_ev,40,160,1900,unladen,13.4,1913.4,13.647,474.3
4687,7.54,arterial,4.5,12.6,51.9,0.66,33.5,clear,large_ev,75,190,2400,full_load,515.3,2915.3,4.949,656.7
4688,77.49,highway,132.6,81.1,84.3,0.019,34.2,clear,mid_ev,40,160,1900,unladen,28.9,1928.9,45.629,588.8
4689,32.74,arterial,33.9,6.4,46.7,0.209,37.1,clear,large_ev,75,190,2400,full_load,542.4,2942.4,13.385,408.8
4690,47.87,highway,68.5,5.1,92.1,0.144,30.9,heavy_rain,small_ev,24,140,1400,half_load,153.6,1553.6,29.837,623.3
4691,71.29,highway,28.8,116.8,95.4,0.046,31.8,clear,mid_ev,40,160,1900,half_load,240.7,2140.7,48.173,675.8
4693,45.32,arterial,13.4,29.9,45.9,0.269,20.1,clear,mid_ev,40,160,1900,full_load,402.0,2302.0,13.014,287.2
4694,4.28,city,1.6,0.0,15.5,0.77,37.0,clear,large_ev,75,190,2400,full_load,567.1,2967.1,4.4,1028.7
4695,4.36,city,2.7,2.3,17.6,0.576,30.8,rain,large_ev,75,190,2400,half_load,283.6,2683.6,2.887,662.7
4696,52.69,highway,48.7,14.9,77.6,0.089,37.1,clear,mid_ev,40,160,1900,unladen,30.9,1930.9,27.57,523.3
4697,23.47,arterial,7.0,8.8,40.2,0.696,41.9,rain,mid_ev,40,160,1900,half_load,185.8,2085.8,12.043,513.2
4698,4.01,arterial,5.2,15.5,57.0,0.37,34.2,clear,mid_ev,40,160,1900,half_load,236.9,2136.9,1.731,432.0
4699,13.0,arterial,51.9,60.0,53.1,0.354,33.9,heavy_rain,large_ev,75,190,2400,full_load,556.5,2956.5,8.016,616.6
4700,25.06,city,12.1,0.6,24.7,0.552,28.3,rain,small_ev,24,140,1400,full_load,280.5,1680.5,10.747,428.8
4701,23.84,arterial,0.1,4.3,56.2,0.457,33.7,clear,large_ev,75,190,2400,unladen,34.6,2434.6,13.377,561.0
4702,10.0,highway,26.2,145.1,99.6,0.03,28.5,rain,small_ev,24,140,1400,full_load,276.5,1676.5,6.066,606.6
4703,33.01,arterial,13.4,13.1,41.5,0.319,31.1,clear,mid_ev,40,160,1900,half_load,191.0,2091.0,10.095,305.8
4704,19.91,arterial,14.3,10.6,45.0,0.167,37.9,clear,mid_ev,40,160,1900,full_load,388.7,2288.7,5.901,296.4
4705,2.72,arterial,12.1,13.6,42.3,0.316,32.7,clear,large_ev,75,190,2400,unladen,8.5,2408.5,0.934,342.9
4706,6.02,city,1.9,2.3,21.5,0.747,36.3,clear,small_ev,24,140,1400,half_load,124.7,1524.7,3.066,509.1
4707,6.77,city,5.6,4.4,19.1,0.803,20.0,rain,large_ev,75,190,2400,half_load,332.2,2732.2,5.776,852.8
4708,32.94,highway,78.7,45.4,89.8,0.132,27.8,clear,mid_ev,40,160,1900,unladen,3.3,1903.3,20.612,625.8
4709,11.59,arterial,3.3,33.3,38.1,0.528,25.9,clear,large_ev,75,190,2400,half_load,317.6,2717.6,4.957,427.8
4710,13.67,city,9.7,9.4,20.1,0.877,24.4,clear,mid_ev,40,160,1900,full_load,412.3,2312.3,10.78,788.5
4711,11.72,city,6.0,10.8,16.3,0.564,30.2,clear,large_ev,75,190,2400,unladen,24.7,2424.7,6.306,538.1
4713,12.94,arterial,59.6,4.2,51.2,0.592,28.1,clear,small_ev,24,140,1400,unladen,16.2,1416.2,4.882,377.1
4714,87.66,highway,56.0,79.0,82.1,0.352,27.5,heavy_rain,small_ev,24,140,1400,full_load,264.8,1664.8,46.394,529.2
4715,5.86,city,4.1,3.9,17.3,0.432,27.8,rain,small_ev,24,140,1400,unladen,15.1,1415.1,1.558,266.0
4716,23.8,arterial,23.3,3.4,35.1,0.47,21.1,clear,mid_ev,40,160,1900,full_load,396.3,2296.3,7.919,332.7
4717,15.92,arterial,28.2,32.5,50.0,0.478,36.5,clear,large_ev,75,190,2400,unladen,57.1,2457.1,8.575,538.5
4718,19.67,arterial,26.9,13.8,33.8,0.052,36.9,clear,small_ev,24,140,1400,half_load,126.1,1526.1,2.673,135.9
4719,5.31,city,6.4,5.2,33.5,0.41,34.4,clear,small_ev,24,140,1400,full_load,293.8,1693.8,1.928,363.4
4721,28.62,arterial,23.6,30.2,52.0,0.585,33.9,clear,mid_ev,40,160,1900,full_load,432.8,2332.8,14.702,513.6
4722,22.75,city,1.9,11.2,20.9,0.426,33.0,clear,small_ev,24,140,1400,half_load,130.7,1530.7,6.684,293.7
4723,1.27,city,3.8,2.0,9.2,0.733,34.4,clear,mid_ev,40,160,1900,half_load,260.4,2160.4,0.756,597.3
4724,38.71,highway,162.3,16.2,82.1,0.003,29.7,rain,large_ev,75,190,2400,unladen,4.8,2404.8,25.599,661.3
4725,10.28,city,1.0,3.2,30.0,0.314,27.4,clear,large_ev,75,190,2400,unladen,22.8,2422.8,4.222,410.9
4726,81.1,highway,133.8,9.7,93.1,0.123,42.0,clear,large_ev,75,190,2400,half_load,323.0,2723.0,78.84,972.2
4727,38.69,highway,15.4,35.4,82.7,0.075,36.5,clear,mid_ev,40,160,1900,unladen,0.5,1900.5,23.099,597.1
4728,11.48,city,0.9,6.7,22.4,0.442,36.0,clear,mid_ev,40,160,1900,full_load,387.6,2287.6,5.722,498.4
4729,31.44,highway,35.4,27.1,90.9,0.221,30.6,clear,small_ev,24,140,1400,half_load,146.4,1546.4,17.372,552.5
4730,2.37,city,18.1,12.9,15.4,0.659,36.5,clear,large_ev,75,190,2400,unladen,36.1,2436.1,1.623,683.5
4731,37.07,highway,25.2,19.4,95.9,0.092,23.3,heavy_rain,mid_ev,40,160,1900,unladen,36.2,1936.2,26.526,715.6
4732,7.5,arterial,3.6,40.2,46.0,0.181,29.2,clear,small_ev,24,140,1400,unladen,2.4,1402.4,1.538,205.2
4733,74.47,highway,48.1,133.8,68.8,0.213,32.1,clear,large_ev,75,190,2400,full_load,535.0,2935.0,38.51,517.2
4734,13.7,arterial,42.3,5.3,33.6,0.323,37.5,clear,large_ev,75,190,2400,half_load,324.9,2724.9,5.248,383.1
4735,67.39,highway,30.7,102.6,90.4,0.026,26.6,clear,mid_ev,40,160,1900,unladen,7.2,1907.2,40.835,606.0
4736,25.24,highway,22.5,97.2,80.6,0.016,34.2,clear,large_ev,75,190,2400,unladen,43.1,2443.1,16.196,641.7
4738,10.13,arterial,13.7,25.7,43.5,0.268,34.4,clear,small_ev,24,140,1400,unladen,27.1,1427.1,2.301,227.1
4740,8.1,arterial,1.1,4.7,33.3,0.167,28.5,heavy_rain,mid_ev,40,160,1900,full_load,400.4,2300.4,1.79,220.9
4742,23.9,highway,13.2,25.6,90.2,0.66,30.9,clear,mid_ev,40,160,1900,half_load,255.0,2155.0,18.003,753.3
4743,110.93,highway,27.6,5.6,77.9,0.133,39.0,clear,small_ev,24,140,1400,half_load,168.7,1568.7,50.235,452.9
4744,10.28,city,0.0,5.5,20.2,0.928,30.1,clear,mid_ev,40,160,1900,half_load,209.4,2109.4,7.728,752.1
4745,32.92,arterial,6.3,0.9,41.5,0.529,34.9,clear,large_ev,75,190,2400,half_load,261.0,2661.0,16.797,510.2
4746,4.3,arterial,6.4,18.9,60.1,0.666,35.0,clear,mid_ev,40,160,1900,half_load,244.9,2144.9,2.526,587.0
4747,41.7,highway,7.8,27.9,67.4,0.064,26.0,clear,small_ev,24,140,1400,half_load,139.2,1539.2,11.759,282.0
4748,15.59,arterial,172.5,28.9,47.0,0.075,29.8,clear,large_ev,75,190,2400,unladen,30.1,2430.1,5.206,333.8
4749,4.96,arterial,25.1,34.1,58.3,0.54,31.9,clear,small_ev,24,140,1400,full_load,279.4,1679.4,2.299,463.0
4750,5.9,city,18.1,5.4,19.0,0.66,39.8,clear,mid_ev,40,160,1900,full_load,406.1,2306.1,4.321,733.0
4752,15.17,arterial,5.4,6.5,37.6,0.764,24.9,clear,large_ev,75,190,2400,unladen,32.4,2432.4,7.666,505.4
4754,10.85,arterial,42.3,0.2,44.4,0.196,36.5,heavy_rain,large_ev,75,190,2400,unladen,23.4,2423.4,4.392,404.9
4755,5.88,city,4.4,1.1,21.3,0.539,25.3,clear,small_ev,24,140,1400,unladen,9.7,1409.7,1.823,310.2
4756,85.29,highway,4.2,5.8,83.7,0.386,25.4,clear,small_ev,24,140,1400,unladen,29.5,1429.5,39.788,466.5
4757,52.39,highway,155.3,36.5,86.0,0.416,27.6,clear,small_ev,24,140,1400,half_load,144.1,1544.1,27.228,519.8
4758,61.89,highway,2.8,20.6,88.1,0.121,30.3,clear,small_ev,24,140,1400,unladen,10.6,1410.6,31.027,501.3
4759,17.06,city,7.3,2.5,19.6,0.698,32.7,clear,small_ev,24,140,1400,unladen,10.0,1410.0,7.107,416.5
4760,13.24,city,4.7,0.6,24.8,0.664,20.0,heavy_rain,large_ev,75,190,2400,half_load,329.2,2729.2,10.848,819.1
4761,13.0,arterial,4.6,29.9,31.8,0.486,25.9,clear,large_ev,75,190,2400,unladen,57.6,2457.6,4.956,381.1
4763,10.32,arterial,3.2,23.9,37.7,0.721,33.7,clear,mid_ev,40,160,1900,unladen,5.8,1905.8,4.328,419.4
4765,3.43,city,3.0,11.4,25.4,0.91,30.3,clear,mid_ev,40,160,1900,half_load,232.7,2132.7,2.605,759.4
4766,3.67,city,18.7,5.6,24.4,0.777,39.5,rain,large_ev,75,190,2400,half_load,276.7,2676.7,3.738,1018.0
4768,113.12,highway,13.9,19.2,102.8,0.173,30.5,clear,mid_ev,40,160,1900,half_load,268.2,2168.2,88.333,780.9
4771,106.66,highway,47.0,17.3,92.8,0.215,32.3,clear,small_ev,24,140,1400,unladen,16.6,1416.6,61.735,578.8
4772,90.36,highway,1.0,20.0,84.2,0.124,29.7,heavy_rain,large_ev,75,190,2400,half_load,251.3,2651.3,64.359,712.3
4774,31.77,highway,37.6,11.4,87.0,0.155,39.1,clear,large_ev,75,190,2400,unladen,3.9,2403.9,26.516,834.6
4775,7.05,city,22.4,4.8,28.4,0.558,30.6,clear,large_ev,75,190,2400,unladen,13.6,2413.6,4.055,574.9
4776,2.08,city,4.3,1.2,25.1,0.666,42.0,clear,mid_ev,40,160,1900,half_load,206.8,2106.8,1.506,724.9
4777,52.62,highway,14.5,59.0,83.1,0.026,35.4,clear,large_ev,75,190,2400,full_load,534.4,2934.4,36.993,703.0
4778,1.0,city,9.2,0.8,16.0,0.514,33.8,clear,small_ev,24,140,1400,full_load,289.5,1689.5,0.416,416.2
4780,16.47,arterial,25.0,9.8,42.1,0.345,34.1,clear,large_ev,75,190,2400,full_load,519.8,2919.8,7.084,430.0
4784,10.06,arterial,6.9,7.2,46.7,0.103,37.9,clear,large_ev,75,190,2400,half_load,335.3,2735.3,3.452,343.1
4785,9.65,arterial,1.5,7.3,51.3,0.469,34.6,clear,large_ev,75,190,2400,unladen,37.1,2437.1,5.041,522.2
4786,13.62,city,10.4,2.7,15.0,0.314,30.1,clear,mid_ev,40,160,1900,half_load,243.5,2143.5,4.312,316.5
4787,14.92,arterial,12.3,32.3,37.3,0.652,30.6,clear,mid_ev,40,160,1900,full_load,393.6,2293.6,6.271,420.3
4788,28.88,highway,31.6,88.4,86.4,0.025,27.2,clear,mid_ev,40,160,1900,full_load,441.1,2341.1,16.807,582.0
4789,122.26,highway,11.6,0.9,103.9,0.349,28.4,clear,large_ev,75,190,2400,full_load,574.1,2974.1,131.333,1074.2
4792,6.57,city,9.4,9.1,23.2,0.262,29.6,rain,small_ev,24,140,1400,half_load,165.2,1565.2,1.462,222.4
4794,28.49,city,6.5,12.2,18.1,0.835,20.2,clear,small_ev,24,140,1400,unladen,0.4,1400.4,12.412,435.7
4795,13.67,arterial,6.5,18.3,38.1,0.589,24.6,clear,mid_ev,40,160,1900,full_load,434.4,2334.4,5.419,396.5
4796,38.12,highway,82.9,2.9,80.0,0.072,38.4,rain,small_ev,24,140,1400,half_load,169.3,1569.3,18.622,488.6
4797,12.44,arterial,9.7,10.0,59.4,0.128,23.9,clear,large_ev,75,190,2400,unladen,9.9,2409.9,4.683,376.5
4799,66.53,highway,60.4,59.6,85.7,0.327,36.4,clear,small_ev,24,140,1400,unladen,27.0,1427.0,37.577,564.8
4800,3.85,city,1.2,16.3,37.3,0.212,25.2,rain,mid_ev,40,160,1900,full_load,433.7,2333.7,1.191,309.6
4801,6.79,arterial,8.5,8.0,52.2,0.358,21.6,rain,large_ev,75,190,2400,unladen,27.6,2427.6,3.065,451.3
4804,5.49,city,12.3,12.3,20.7,0.837,27.7,rain,mid_ev,40,160,1900,full_load,419.7,2319.7,4.342,791.5
4805,109.29,highway,17.7,13.1,97.6,0.257,23.6,clear,mid_ev,40,160,1900,full_load,430.5,2330.5,75.953,695.0
4806,38.15,highway,68.8,49.7,86.8,0.279,30.4,clear,mid_ev,40,160,1900,unladen,15.5,1915.5,23.184,607.7
4807,10.71,city,8.3,13.0,19.6,0.625,31.7,clear,mid_ev,40,160,1900,full_load,426.8,2326.8,6.407,598.1
4808,16.57,arterial,4.6,24.2,39.8,0.309,33.8,clear,small_ev,24,140,1400,half_load,174.6,1574.6,3.869,233.6
4809,8.23,city,4.4,21.7,23.9,0.589,34.1,clear,large_ev,75,190,2400,unladen,1.7,2401.7,5.169,628.1
4810,16.45,arterial,21.0,11.7,50.1,0.239,40.1,clear,large_ev,75,190,2400,full_load,594.4,2994.4,8.116,493.4
4811,15.17,arterial,18.3,7.0,36.4,0.343,32.1,heavy_rain,small_ev,24,140,1400,half_load,132.2,1532.2,3.886,256.1
4812,13.06,city,2.3,5.5,27.2,0.551,34.3,clear,large_ev,75,190,2400,unladen,44.0,2444.0,8.233,630.5
4813,88.42,highway,11.3,7.6,90.5,0.181,35.7,clear,large_ev,75,190,2400,full_load,597.3,2997.3,74.578,843.5
4814,9.29,arterial,67.4,19.3,38.4,0.382,31.2,clear,small_ev,24,140,1400,full_load,257.7,1657.7,2.49,268.0
4815,3.3,city,0.4,3.8,19.5,0.797,24.1,clear,large_ev,75,190,2400,full_load,576.7,2976.7,2.849,863.1
4816,9.89,city,8.3,2.1,29.0,0.692,25.9,clear,large_ev,75,190,2400,unladen,14.0,2414.0,6.837,691.2
4817,14.76,city,6.6,23.0,14.1,0.531,25.0,clear,mid_ev,40,160,1900,unladen,12.6,1912.6,6.078,411.9
4819,107.13,highway,6.3,11.8,76.7,0.332,20.0,clear,small_ev,24,140,1400,unladen,25.6,1425.6,43.03,401.7
4820,13.73,city,3.8,0.7,6.3,0.739,27.4,clear,mid_ev,40,160,1900,unladen,15.1,1915.1,7.626,555.5
4821,11.86,arterial,20.8,13.9,47.2,0.223,28.3,rain,small_ev,24,140,1400,full_load,289.5,1689.5,2.924,246.4
4822,48.43,arterial,8.1,17.6,40.4,0.31,35.3,clear,mid_ev,40,160,1900,half_load,228.5,2128.5,15.421,318.4
4824,17.12,arterial,17.0,3.7,42.2,0.088,32.8,clear,small_ev,24,140,1400,unladen,14.5,1414.5,3.031,177.0
4825,104.95,highway,4.3,80.2,84.6,0.255,28.8,clear,large_ev,75,190,2400,half_load,354.4,2754.4,73.369,699.1
4827,13.89,city,0.3,5.2,27.0,0.688,35.7,clear,mid_ev,40,160,1900,half_load,197.0,2097.0,8.827,635.6
4828,113.12,highway,109.2,9.1,77.9,0.499,32.6,clear,large_ev,75,190,2400,unladen,9.0,2409.0,73.586,650.5
4829,4.53,city,3.0,1.4,18.5,0.574,40.6,clear,small_ev,24,140,1400,half_load,144.9,1544.9,1.897,418.7
4831,19.53,arterial,14.7,8.2,33.4,0.086,29.0,rain,large_ev,75,190,2400,full_load,567.3,2967.3,4.442,227.4
4832,11.14,city,3.5,3.4,29.8,0.099,38.5,clear,large_ev,75,190,2400,unladen,7.7,2407.7,2.625,235.7
4833,22.88,arterial,13.8,46.8,57.0,0.094,32.5,clear,mid_ev,40,160,1900,full_load,411.3,2311.3,7.537,329.4
4834,9.17,city,0.1,1.6,28.1,0.688,28.5,clear,mid_ev,40,160,1900,half_load,226.7,2126.7,5.605,611.5
4835,146.57,highway,20.0,12.1,66.3,0.426,36.6,clear,small_ev,24,140,1400,full_load,280.5,1680.5,57.157,390.0
4836,34.14,arterial,34.2,10.7,29.2,0.424,28.3,clear,small_ev,24,140,1400,unladen,22.9,1422.9,6.844,200.5
4837,4.63,city,16.0,14.0,28.2,0.119,29.9,clear,mid_ev,40,160,1900,unladen,24.9,1924.9,0.931,201.0
4838,5.07,city,10.8,9.9,35.4,0.372,34.5,heavy_rain,mid_ev,40,160,1900,full_load,409.4,2309.4,2.582,509.4
4839,62.92,highway,7.7,1.8,57.5,0.162,29.5,clear,mid_ev,40,160,1900,full_load,399.0,2299.0,19.919,316.6
4840,25.85,arterial,7.1,7.3,43.4,0.502,32.1,clear,large_ev,75,190,2400,half_load,311.0,2711.0,12.669,490.2
4841,64.64,highway,58.9,41.4,82.3,0.098,31.1,clear,small_ev,24,140,1400,half_load,133.9,1533.9,30.722,475.2
4842,25.82,arterial,48.7,14.1,45.0,0.688,26.3,clear,large_ev,75,190,2400,unladen,4.8,2404.8,13.35,517.1
4843,87.59,highway,5.5,16.7,78.7,0.069,24.8,clear,mid_ev,40,160,1900,unladen,35.0,1935.0,42.551,485.8
4844,7.74,arterial,8.2,4.9,58.7,0.156,28.2,clear,large_ev,75,190,2400,unladen,8.4,2408.4,3.177,410.6
4846,10.0,highway,41.4,37.1,90.1,0.145,35.4,rain,small_ev,24,140,1400,unladen,2.8,1402.8,6.033,603.3
4848,16.49,arterial,58.1,4.3,42.9,0.656,32.2,clear,mid_ev,40,160,1900,unladen,35.1,1935.1,7.376,447.4
4849,4.41,city,0.0,0.3,20.8,0.62,33.2,heavy_rain,mid_ev,40,160,1900,unladen,29.7,1929.7,2.443,554.2
4850,26.74,arterial,13.2,1.1,52.0,0.381,32.8,clear,mid_ev,40,160,1900,full_load,446.8,2346.8,11.958,447.2
4852,20.25,arterial,3.4,2.5,54.3,0.677,34.3,clear,small_ev,24,140,1400,full_load,262.9,1662.9,8.562,422.8
4853,52.24,highway,40.9,34.6,97.9,0.076,31.5,rain,small_ev,24,140,1400,full_load,299.6,1699.6,35.15,672.9
4854,4.81,city,8.7,6.2,17.2,0.749,32.1,clear,large_ev,75,190,2400,half_load,241.2,2641.2,3.831,795.9
4856,77.92,highway,29.5,6.4,70.6,0.376,35.5,rain,mid_ev,40,160,1900,unladen,32.6,1932.6,39.345,505.0
4858,112.63,highway,26.7,7.8,92.5,0.248,34.0,clear,small_ev,24,140,1400,half_load,170.2,1570.2,71.545,635.2
4859,7.32,city,10.9,1.5,29.1,0.613,29.6,heavy_rain,large_ev,75,190,2400,unladen,29.5,2429.5,5.406,738.4
4860,27.62,arterial,6.4,3.0,40.3,0.538,37.0,clear,mid_ev,40,160,1900,full_load,415.6,2315.6,12.141,439.6
4861,4.58,arterial,12.4,14.7,31.0,0.422,37.9,clear,large_ev,75,190,2400,half_load,332.1,2732.1,1.928,421.4
4862,16.17,arterial,7.3,22.3,54.6,0.211,38.2,clear,mid_ev,40,160,1900,full_load,398.9,2298.9,6.459,399.5
4863,12.67,city,22.2,3.9,21.5,0.714,33.4,clear,small_ev,24,140,1400,half_load,134.7,1534.7,5.766,455.0
4865,65.34,highway,7.8,190.7,83.4,0.108,24.0,clear,large_ev,75,190,2400,half_load,294.9,2694.9,39.926,611.0
4866,2.54,city,1.1,3.5,30.7,0.686,35.6,clear,mid_ev,40,160,1900,half_load,214.6,2114.6,1.596,629.4
4868,75.69,highway,14.2,15.7,84.6,0.051,20.3,clear,mid_ev,40,160,1900,half_load,204.4,2104.4,39.433,520.9
4869,18.55,arterial,16.9,4.1,39.9,0.546,20.0,clear,mid_ev,40,160,1900,full_load,407.7,2307.7,7.449,401.5
4870,74.22,highway,28.1,0.9,99.7,0.225,28.0,clear,small_ev,24,140,1400,unladen,5.1,1405.1,49.126,661.9
4873,98.46,highway,14.7,9.1,88.8,0.237,26.4,clear,small_ev,24,140,1400,unladen,9.0,1409.0,52.369,531.9
4874,22.77,highway,45.4,13.1,83.8,0.698,27.2,clear,large_ev,75,190,2400,full_load,523.1,2923.1,18.032,791.8
4875,42.37,highway,21.0,5.3,69.0,0.132,35.1,heavy_rain,small_ev,24,140,1400,half_load,167.5,1567.5,17.025,401.9
4876,20.73,arterial,19.6,37.9,44.8,0.158,35.9,rain,mid_ev,40,160,1900,full_load,401.6,2301.6,6.153,296.9
4878,5.81,city,1.0,3.8,33.6,0.586,33.7,clear,small_ev,24,140,1400,full_load,299.3,1699.3,2.743,471.9
4880,57.02,highway,69.8,63.1,92.5,0.168,38.2,clear,small_ev,24,140,1400,unladen,18.8,1418.8,37.42,656.3
4881,5.63,city,1.1,1.8,21.2,0.579,34.0,heavy_rain,small_ev,24,140,1400,half_load,127.8,1527.8,2.229,395.9
4883,10.88,arterial,21.0,5.8,51.9,0.299,26.3,rain,small_ev,24,140,1400,half_load,162.0,1562.0,3.136,288.3
4885,2.15,city,4.2,5.6,18.5,0.641,29.8,heavy_rain,mid_ev,40,160,1900,half_load,206.7,2106.7,1.29,600.2
4886,6.44,city,5.0,4.5,23.6,0.673,32.8,clear,mid_ev,40,160,1900,unladen,27.8,1927.8,3.512,545.3
4887,57.68,highway,15.9,1.8,82.1,0.078,33.4,clear,small_ev,24,140,1400,unladen,27.5,1427.5,27.41,475.2
4888,13.54,city,5.9,5.1,14.6,0.952,28.3,clear,small_ev,24,140,1400,unladen,22.3,1422.3,6.954,513.7
4889,1.23,city,12.5,2.8,25.0,0.511,25.1,clear,large_ev,75,190,2400,full_load,585.2,2985.2,0.806,653.2
4890,4.81,arterial,8.8,17.0,42.5,0.402,34.0,clear,small_ev,24,140,1400,half_load,140.5,1540.5,1.381,287.2
4891,12.57,city,8.0,6.9,28.7,0.522,27.4,rain,small_ev,24,140,1400,unladen,10.8,1410.8,4.265,339.2
4892,98.18,highway,78.0,58.6,76.5,0.048,33.7,rain,large_ev,75,190,2400,half_load,335.4,2735.4,60.944,620.7
4893,5.0,city,8.0,0.2,30.6,0.254,40.3,clear,large_ev,75,190,2400,unladen,23.2,2423.2,2.13,425.7
4894,9.49,arterial,10.7,26.7,58.3,0.193,34.2,clear,small_ev,24,140,1400,half_load,123.1,1523.1,2.979,314.0
4896,7.55,city,11.6,1.8,18.5,0.586,22.8,clear,large_ev,75,190,2400,unladen,24.4,2424.4,4.299,569.7
4897,29.28,highway,135.4,20.2,84.3,0.035,32.4,clear,mid_ev,40,160,1900,half_load,208.3,2108.3,17.555,599.5
4898,101.06,highway,116.5,24.6,90.7,0.11,42.0,clear,small_ev,24,140,1400,unladen,0.7,1400.7,66.732,660.3
4899,12.94,city,10.1,13.8,10.1,0.32,26.8,clear,large_ev,75,190,2400,full_load,553.9,2953.9,5.065,391.4
4900,20.96,arterial,9.9,36.1,34.7,0.719,23.0,clear,mid_ev,40,160,1900,full_load,397.8,2297.8,8.744,417.2
4901,16.08,highway,20.2,2.6,84.4,0.033,37.2,rain,mid_ev,40,160,1900,unladen,0.6,1900.6,10.011,622.6
4902,7.46,city,0.0,4.2,21.1,0.215,22.2,clear,large_ev,75,190,2400,unladen,28.5,2428.5,1.951,261.7
4903,35.18,arterial,6.9,11.3,42.2,0.269,35.4,rain,small_ev,24,140,1400,unladen,9.7,1409.7,8.071,229.4
4904,8.91,city,28.3,0.5,16.4,0.827,33.9,clear,mid_ev,40,160,1900,unladen,31.2,1931.2,5.662,635.6
4906,12.59,city,0.0,0.7,17.6,0.464,34.2,clear,mid_ev,40,160,1900,unladen,11.1,1911.1,4.766,378.4
4908,9.8,arterial,7.1,7.2,39.5,0.377,26.4,clear,small_ev,24,140,1400,half_load,154.7,1554.7,2.441,249.0
4909,47.26,highway,48.9,28.0,83.7,0.205,20.0,clear,small_ev,24,140,1400,half_load,155.4,1555.4,22.354,473.0
4910,12.4,arterial,27.6,3.3,41.4,0.46,37.3,clear,small_ev,24,140,1400,full_load,269.5,1669.5,3.92,316.0
4911,9.47,city,2.3,6.8,25.1,0.253,23.8,clear,mid_ev,40,160,1900,half_load,180.1,2080.1,2.695,284.4
4912,3.17,city,1.9,15.4,17.1,0.274,28.2,rain,small_ev,24,140,1400,half_load,129.3,1529.3,0.693,218.6
4914,4.59,city,4.7,11.2,28.0,0.756,32.1,rain,large_ev,75,190,2400,half_load,307.3,2707.3,4.146,903.5
4915,2.44,city,2.2,3.6,23.2,0.547,25.7,clear,small_ev,24,140,1400,full_load,298.3,1698.3,0.95,389.9
4916,171.36,highway,3.2,8.8,83.5,0.165,22.9,clear,small_ev,24,140,1400,full_load,286.5,1686.5,79.849,466.0
4917,72.12,highway,5.8,67.4,86.1,0.023,30.1,clear,large_ev,75,190,2400,unladen,49.7,2449.7,48.512,672.6
4918,29.52,highway,83.1,0.3,91.0,0.138,34.5,clear,small_ev,24,140,1400,unladen,14.9,1414.9,17.738,600.8
4919,101.96,highway,2.1,0.6,83.8,0.039,28.3,clear,large_ev,75,190,2400,full_load,552.4,2952.4,67.521,662.2
4920,7.28,city,17.6,45.3,20.3,0.52,24.9,clear,small_ev,24,140,1400,half_load,144.9,1544.9,2.41,331.0
4921,8.39,city,13.9,6.1,14.6,0.509,26.1,clear,large_ev,75,190,2400,unladen,17.2,2417.2,4.101,488.6
4922,6.5,city,1.8,19.8,15.0,0.219,41.4,rain,small_ev,24,140,1400,unladen,6.6,1406.6,1.22,187.7
4923,19.69,arterial,20.6,4.7,41.8,0.396,41.8,clear,mid_ev,40,160,1900,full_load,419.3,2319.3,9.157,465.0
4924,43.42,highway,16.6,26.8,84.2,0.008,33.9,clear,small_ev,24,140,1400,full_load,268.2,1668.2,21.808,502.2
4925,78.23,highway,14.9,16.2,77.5,0.06,27.8,heavy_rain,large_ev,75,190,2400,full_load,529.3,2929.3,49.447,632.1
4926,86.65,highway,132.3,48.3,81.3,0.101,27.9,clear,large_ev,75,190,2400,unladen,25.0,2425.0,51.422,593.4
4927,21.9,arterial,3.6,43.9,57.9,0.565,36.4,clear,small_ev,24,140,1400,unladen,21.7,1421.7,8.96,409.1
4928,1.84,city,10.8,0.2,32.3,0.928,27.5,clear,mid_ev,40,160,1900,full_load,405.7,2305.7,1.588,864.2
4929,4.51,city,3.8,34.3,25.3,0.953,31.5,clear,large_ev,75,190,2400,unladen,31.8,2431.8,3.989,883.5
4931,30.04,highway,121.3,18.0,85.7,0.178,35.2,clear,mid_ev,40,160,1900,full_load,386.8,2286.8,19.794,658.9
4932,137.74,highway,4.2,111.7,79.8,0.248,21.8,clear,large_ev,75,190,2400,half_load,297.3,2697.3,79.913,580.2
4934,8.21,city,5.3,14.4,18.3,0.634,31.2,clear,small_ev,24,140,1400,full_load,277.7,1677.7,3.763,458.5
4936,14.97,arterial,12.4,2.3,34.2,0.499,27.4,clear,small_ev,24,140,1400,full_load,284.8,1684.8,4.17,278.6
4937,83.09,highway,17.0,4.1,75.4,0.211,39.5,clear,large_ev,75,190,2400,half_load,325.3,2725.3,52.018,626.1
4938,3.6,city,3.2,2.2,25.0,0.549,27.8,clear,mid_ev,40,160,1900,full_load,419.4,2319.4,1.974,547.6
4939,40.72,highway,14.2,44.0,84.7,0.072,25.1,heavy_rain,mid_ev,40,160,1900,unladen,27.7,1927.7,23.801,584.4
4941,17.83,arterial,7.6,43.7,38.6,0.318,29.1,rain,large_ev,75,190,2400,unladen,3.9,2403.9,6.186,347.0
4942,8.82,city,0.4,19.6,19.4,0.491,36.5,clear,mid_ev,40,160,1900,unladen,26.6,1926.6,3.873,439.3
4944,38.43,highway,39.1,56.3,86.4,0.106,31.6,clear,mid_ev,40,160,1900,half_load,233.8,2133.8,23.119,601.6
4945,5.36,arterial,29.3,22.3,37.4,0.032,33.3,rain,mid_ev,40,160,1900,unladen,16.0,1916.0,1.003,187.2
4948,2.95,city,22.8,9.3,22.0,0.689,23.8,clear,large_ev,75,190,2400,unladen,42.1,2442.1,1.951,662.1
4949,34.46,arterial,75.6,17.1,40.5,0.607,37.9,clear,large_ev,75,190,2400,unladen,53.7,2453.7,18.247,529.5
4951,7.85,arterial,1.7,35.5,43.4,0.376,25.4,heavy_rain,mid_ev,40,160,1900,half_load,254.7,2154.7,2.691,342.8
4952,11.57,city,2.7,9.8,19.5,0.729,39.4,clear,small_ev,24,140,1400,full_load,289.4,1689.4,6.326,546.6
4953,8.89,arterial,20.9,21.4,62.1,0.812,34.0,clear,mid_ev,40,160,1900,full_load,423.3,2323.3,6.374,716.9
4954,21.42,highway,54.6,26.1,90.2,0.38,28.5,clear,small_ev,24,140,1400,unladen,14.4,1414.4,12.169,568.1
4955,23.74,arterial,64.1,10.8,55.3,0.364,32.0,clear,large_ev,75,190,2400,unladen,48.6,2448.6,12.079,508.8
4956,2.0,arterial,36.0,14.8,39.0,0.306,26.0,rain,mid_ev,40,160,1900,half_load,249.0,2149.0,0.725,362.6
4957,15.52,arterial,7.0,10.0,37.7,0.204,28.6,clear,large_ev,75,190,2400,half_load,298.1,2698.1,4.443,286.2
4958,38.43,arterial,12.3,18.2,36.4,0.334,25.0,clear,large_ev,75,190,2400,unladen,52.4,2452.4,11.975,311.6
4959,16.68,arterial,8.0,15.6,56.1,0.436,38.7,clear,mid_ev,40,160,1900,unladen,35.7,1935.7,8.056,482.9
4960,12.07,arterial,2.6,2.6,46.8,0.056,28.1,rain,small_ev,24,140,1400,unladen,11.0,1411.0,2.255,186.9
4961,144.08,highway,5.1,71.1,81.7,0.372,35.2,clear,small_ev,24,140,1400,half_load,151.4,1551.4,70.528,489.5
4962,1.13,city,9.0,3.7,22.9,0.223,25.1,clear,small_ev,24,140,1400,full_load,281.6,1681.6,0.246,217.0
4963,32.13,highway,77.5,213.7,81.6,0.155,30.0,clear,large_ev,75,190,2400,half_load,293.0,2693.0,20.933,651.5
4964,12.04,city,2.3,17.3,27.9,0.512,27.6,clear,large_ev,75,190,2400,unladen,53.1,2453.1,6.606,548.8
4965,21.74,city,6.1,11.2,23.1,0.26,29.2,clear,small_ev,24,140,1400,half_load,178.0,1578.0,4.725,217.4
4968,23.87,arterial,3.3,9.5,46.7,0.227,27.9,clear,small_ev,24,140,1400,full_load,289.3,1689.3,5.835,244.4
4969,53.89,arterial,17.6,13.8,42.0,0.117,33.0,clear,large_ev,75,190,2400,full_load,555.0,2955.0,15.661,290.6
4970,68.25,highway,49.7,24.7,91.4,0.032,27.7,heavy_rain,small_ev,24,140,1400,full_load,294.7,1694.7,39.761,582.6
4971,8.56,city,0.2,2.2,30.4,0.577,27.6,clear,large_ev,75,190,2400,half_load,325.4,2725.4,5.987,699.4
4972,10.78,arterial,8.0,5.9,37.4,0.38,30.9,clear,small_ev,24,140,1400,half_load,137.7,1537.7,2.484,230.3
4974,30.28,arterial,71.8,29.0,50.4,0.261,34.8,clear,mid_ev,40,160,1900,unladen,27.0,1927.0,10.61,350.4
4975,6.41,city,12.8,3.2,11.7,0.82,29.4,clear,mid_ev,40,160,1900,half_load,219.5,2119.5,4.466,697.2
4976,29.57,arterial,10.0,5.4,56.8,0.741,38.1,clear,mid_ev,40,160,1900,full_load,435.7,2335.7,20.157,681.7
4977,16.91,city,17.7,3.9,20.5,0.49,24.8,clear,small_ev,24,140,1400,half_load,145.5,1545.5,5.449,322.2
4978,2.04,city,9.8,15.6,16.3,0.968,33.0,heavy_rain,mid_ev,40,160,1900,full_load,402.0,2302.0,1.959,959.0
4979,4.76,city,1.3,11.4,36.6,0.883,22.3,clear,small_ev,24,140,1400,full_load,273.8,1673.8,2.81,590.6
4980,30.21,highway,9.5,7.7,87.1,0.176,35.8,clear,large_ev,75,190,2400,half_load,244.0,2644.0,23.931,792.2
4981,2.73,arterial,25.1,21.9,50.9,0.268,36.0,clear,large_ev,75,190,2400,half_load,293.2,2693.2,1.338,490.7
4982,34.49,highway,19.3,9.9,90.1,0.058,30.4,clear,mid_ev,40,160,1900,half_load,235.7,2135.7,21.869,634.1
4983,57.18,highway,34.0,71.2,75.9,0.102,35.7,clear,mid_ev,40,160,1900,unladen,44.1,1944.1,29.365,513.6
4984,5.08,city,19.3,15.3,6.5,0.559,29.7,clear,large_ev,75,190,2400,full_load,569.3,2969.3,3.262,641.5
4986,83.14,highway,68.1,0.2,72.2,0.357,27.3,clear,large_ev,75,190,2400,half_load,278.2,2678.2,46.472,558.9
4987,63.9,highway,25.5,22.3,83.3,0.048,31.5,clear,large_ev,75,190,2400,full_load,550.5,2950.5,41.602,651.1
4990,6.66,city,9.5,9.5,11.7,0.375,33.3,rain,small_ev,24,140,1400,half_load,146.8,1546.8,1.826,274.0
4991,14.45,arterial,7.7,4.5,48.7,0.181,27.5,clear,mid_ev,40,160,1900,half_load,265.9,2165.9,4.226,292.5
4992,16.04,city,2.5,5.6,18.5,0.444,31.0,clear,mid_ev,40,160,1900,full_load,407.4,2307.4,7.118,443.8
4993,32.4,arterial,22.1,2.2,42.8,0.608,22.3,clear,large_ev,75,190,2400,unladen,52.3,2452.3,14.475,446.7
4994,26.51,city,9.4,1.3,33.3,0.723,27.1,clear,mid_ev,40,160,1900,unladen,28.2,1928.2,15.699,592.2
4995,100.03,highway,23.7,8.9,96.2,0.496,20.2,clear,small_ev,24,140,1400,full_load,263.9,1663.9,61.671,616.5
4996,7.26,city,6.4,4.1,13.8,0.695,25.6,clear,small_ev,24,140,1400,half_load,133.8,1533.8,2.925,402.8
4997,46.04,highway,73.3,10.5,90.6,0.226,21.2,heavy_rain,large_ev,75,190,2400,half_load,299.1,2699.1,36.911,801.7
5000,12.34,city,10.3,24.4,19.7,0.655,33.2,clear,small_ev,24,140,1400,full_load,292.0,1692.0,5.84,473.1
5001,177.58,highway,56.1,139.9,98.7,0.076,28.8,heavy_rain,mid_ev,40,160,1900,unladen,17.0,1917.0,130.526,735.0
5002,97.68,highway,16.2,11.4,102.0,0.144,29.7,clear,large_ev,75,190,2400,half_load,288.1,2688.1,89.206,913.3
5003,2.42,city,1.8,0.3,11.5,0.9,28.7,rain,mid_ev,40,160,1900,unladen,29.7,1929.7,1.744,721.2
5004,16.54,arterial,29.7,11.9,63.0,0.351,25.9,clear,mid_ev,40,160,1900,unladen,13.0,1913.0,7.347,444.2
5005,67.9,highway,14.8,33.7,91.2,0.128,34.7,rain,small_ev,24,140,1400,half_load,159.3,1559.3,40.439,595.6
5009,12.36,arterial,50.9,86.5,53.5,0.281,27.9,clear,small_ev,24,140,1400,half_load,148.0,1548.0,3.581,289.7
5010,27.43,city,6.4,3.0,21.2,0.523,25.8,clear,large_ev,75,190,2400,unladen,12.7,2412.7,14.168,516.5
5012,118.98,highway,13.2,15.0,71.6,0.354,33.3,rain,large_ev,75,190,2400,full_load,557.8,2957.8,70.461,592.2
5014,12.33,arterial,56.8,5.3,39.0,0.49,30.5,clear,small_ev,24,140,1400,full_load,265.8,1665.8,3.861,313.2
5015,120.16,highway,40.6,11.7,106.5,0.058,29.0,clear,large_ev,75,190,2400,unladen,0.2,2400.2,118.093,982.8
5016,27.19,arterial,10.4,1.2,39.4,0.337,27.6,clear,small_ev,24,140,1400,full_load,275.0,1675.0,6.5,239.0
5017,37.2,highway,58.0,27.1,87.1,0.414,34.6,clear,large_ev,75,190,2400,half_load,283.8,2683.8,31.67,851.4
5018,8.36,city,0.3,3.2,33.6,0.483,39.8,clear,large_ev,75,190,2400,half_load,270.4,2670.4,6.085,728.1
5022,8.78,arterial,10.3,8.6,33.1,0.363,30.1,clear,small_ev,24,140,1400,unladen,28.3,1428.3,1.855,211.3
5023,7.78,city,3.4,13.8,18.9,0.419,31.9,rain,small_ev,24,140,1400,full_load,297.6,1697.6,2.534,325.9
5024,1.09,city,2.3,8.6,30.6,0.336,38.7,clear,mid_ev,40,160,1900,half_load,190.2,2090.2,0.386,355.3
5026,9.06,city,9.8,20.0,20.0,0.534,36.4,clear,mid_ev,40,160,1900,half_load,238.0,2138.0,4.607,508.6
5028,36.91,arterial,4.9,3.1,38.6,0.147,31.2,clear,large_ev,75,190,2400,full_load,593.6,2993.6,10.191,276.1
5029,96.47,highway,33.7,114.1,86.0,0.059,39.2,clear,large_ev,75,190,2400,half_load,301.1,2701.1,75.699,784.7
5030,4.96,city,0.6,1.2,18.1,0.67,29.9,clear,large_ev,75,190,2400,unladen,59.3,2459.3,3.341,674.1
5031,50.06,highway,62.8,40.3,82.4,0.103,35.1,clear,large_ev,75,190,2400,unladen,31.4,2431.4,35.022,699.7
5032,16.56,city,3.3,6.9,17.3,0.824,21.9,clear,small_ev,24,140,1400,full_load,267.9,1667.9,7.761,468.7
5033,7.83,arterial,18.8,18.7,37.3,0.781,39.2,clear,large_ev,75,190,2400,full_load,542.0,2942.0,5.796,740.2
5034,1.91,city,0.0,3.1,13.7,0.43,36.2,clear,mid_ev,40,160,1900,half_load,228.3,2128.3,0.814,426.2
5035,17.33,arterial,4.3,4.5,41.5,0.42,26.9,rain,small_ev,24,140,1400,half_load,136.7,1536.7,4.614,266.3
5037,7.21,arterial,14.9,61.2,40.4,0.742,37.0,clear,large_ev,75,190,2400,full_load,597.7,2997.7,4.647,644.2
5038,21.05,arterial,27.1,0.3,54.7,0.791,35.0,clear,large_ev,75,190,2400,full_load,575.2,2975.2,17.392,826.2
5039,12.34,city,8.9,6.5,14.0,0.462,31.2,clear,small_ev,24,140,1400,full_load,269.6,1669.6,4.11,333.0
5040,3.86,city,9.1,4.2,19.3,0.765,34.0,clear,small_ev,24,140,1400,half_load,123.0,1523.0,1.869,484.3
5041,44.4,arterial,39.9,3.9,46.0,0.37,29.4,clear,large_ev,75,190,2400,half_load,326.5,2726.5,19.212,432.7
5042,88.08,highway,57.9,4.2,81.6,0.36,22.2,rain,small_ev,24,140,1400,unladen,25.5,1425.5,38.831,440.9
5044,4.94,arterial,20.9,19.4,41.7,0.605,31.6,clear,small_ev,24,140,1400,full_load,284.1,1684.1,1.73,350.1
5046,1.07,city,13.0,26.3,24.0,0.385,36.3,heavy_rain,small_ev,24,140,1400,full_load,283.2,1683.2,0.352,329.9
5047,18.06,city,14.3,15.4,20.0,0.568,31.0,clear,small_ev,24,140,1400,full_load,262.4,1662.4,6.839,378.8
5048,153.76,highway,38.5,19.3,81.4,0.598,29.0,clear,mid_ev,40,160,1900,unladen,34.5,1934.5,87.491,569.0
5049,113.87,highway,45.2,100.6,91.4,0.204,36.7,clear,large_ev,75,190,2400,half_load,338.0,2738.0,96.94,851.3
5051,81.4,highway,3.0,16.9,98.7,0.045,30.3,clear,mid_ev,40,160,1900,full_load,398.2,2298.2,60.637,744.9
5052,2.22,city,3.9,5.8,26.9,0.601,33.5,clear,small_ev,24,140,1400,full_load,293.0,1693.0,0.984,442.5
5054,58.41,highway,44.6,50.8,86.0,0.018,32.6,clear,small_ev,24,140,1400,half_load,153.7,1553.7,29.351,502.5
5055,17.84,city,2.8,14.0,16.1,0.831,25.2,clear,small_ev,24,140,1400,unladen,16.3,1416.3,7.679,430.4
5056,5.79,city,0.6,1.7,26.8,0.328,33.6,clear,large_ev,75,190,2400,full_load,538.4,2938.4,2.722,469.8
5057,14.91,arterial,5.4,35.6,46.8,0.584,27.1,clear,mid_ev,40,160,1900,unladen,44.5,1944.5,5.771,387.0
5058,17.65,arterial,22.0,5.2,41.4,0.634,31.9,clear,small_ev,24,140,1400,unladen,27.5,1427.5,5.417,306.9
5059,3.33,city,22.2,13.1,17.8,0.821,25.8,rain,large_ev,75,190,2400,half_load,329.6,2729.6,3.014,906.5
5060,3.96,arterial,14.9,0.2,56.8,0.28,29.4,rain,mid_ev,40,160,1900,half_load,269.4,2169.4,1.704,430.2
5061,86.55,highway,7.0,2.1,65.8,0.043,27.0,rain,mid_ev,40,160,1900,full_load,444.7,2344.7,31.68,366.1
5062,2.43,city,0.7,1.5,22.1,0.385,37.1,clear,mid_ev,40,160,1900,unladen,11.8,1911.8,0.939,387.2
5063,10.64,city,6.1,20.1,20.2,0.951,26.1,clear,mid_ev,40,160,1900,full_load,412.5,2312.5,8.655,813.5
5064,6.56,arterial,31.1,4.5,44.4,0.401,36.8,clear,mid_ev,40,160,1900,full_load,392.0,2292.0,2.669,406.7
5065,40.82,arterial,21.2,13.4,44.2,0.187,26.0,clear,small_ev,24,140,1400,half_load,137.3,1537.3,8.555,209.6
5067,8.19,arterial,7.3,0.3,45.2,0.614,24.2,clear,large_ev,75,190,2400,half_load,296.1,2696.1,4.371,534.0
5068,1.34,city,5.0,14.8,18.3,0.19,35.8,clear,large_ev,75,190,2400,half_load,297.2,2697.2,0.426,316.8
5069,27.15,arterial,56.3,52.1,42.0,0.095,22.7,clear,mid_ev,40,160,1900,unladen,34.1,1934.1,5.62,207.0
5070,22.51,arterial,6.0,9.2,49.8,0.244,39.2,clear,small_ev,24,140,1400,full_load,298.8,1698.8,7.161,318.1
5072,26.38,highway,2.9,41.3,81.3,0.284,26.4,heavy_rain,small_ev,24,140,1400,unladen,9.6,1409.6,12.849,487.1
5074,7.71,city,13.9,0.6,27.2,0.881,36.4,clear,large_ev,75,190,2400,full_load,595.4,2995.4,8.857,1148.6
5075,59.32,highway,4.5,6.9,76.6,0.127,33.4,heavy_rain,large_ev,75,190,2400,half_load,342.8,2742.8,36.578,616.6
5077,150.17,highway,19.3,88.7,60.4,0.287,28.9,clear,mid_ev,40,160,1900,unladen,36.1,1936.1,52.655,350.6
5079,2.59,city,13.6,0.7,21.7,0.908,20.5,clear,small_ev,24,140,1400,unladen,28.5,1428.5,1.291,498.5
5081,39.95,arterial,8.3,5.3,53.0,0.035,38.3,clear,small_ev,24,140,1400,half_load,153.8,1553.8,10.668,267.1
5083,8.44,city,2.3,14.8,30.8,0.594,29.1,clear,large_ev,75,190,2400,full_load,522.1,2922.1,5.992,710.2
5084,3.84,city,19.3,9.5,24.0,0.303,29.7,clear,mid_ev,40,160,1900,unladen,5.2,1905.2,1.204,313.7
5085,18.83,city,8.7,1.2,15.9,0.519,28.1,clear,large_ev,75,190,2400,unladen,59.5,2459.5,10.15,539.0
5086,24.58,arterial,13.5,17.4,61.2,0.545,24.2,clear,large_ev,75,190,2400,unladen,57.0,2457.0,15.6,634.7
5087,37.18,arterial,34.7,8.5,36.5,0.038,27.0,clear,small_ev,24,140,1400,full_load,284.8,1684.8,5.326,143.3
5088,56.06,highway,35.8,25.3,96.3,0.22,26.7,clear,small_ev,24,140,1400,half_load,127.5,1527.5,33.544,598.3
5089,12.2,arterial,12.0,1.8,46.6,0.265,28.8,clear,large_ev,75,190,2400,full_load,552.6,2952.6,5.317,435.8
5090,8.91,arterial,6.7,4.8,35.0,0.197,40.3,clear,mid_ev,40,160,1900,full_load,431.5,2331.5,2.47,277.1
5091,65.73,highway,149.3,87.2,92.7,0.419,30.3,clear,large_ev,75,190,2400,full_load,528.4,2928.4,59.762,909.2
5093,4.9,city,6.7,15.9,26.7,0.741,34.9,clear,large_ev,75,190,2400,unladen,22.5,2422.5,3.999,816.5
5094,2.73,city,7.0,1.9,30.7,0.714,40.9,clear,small_ev,24,140,1400,unladen,19.7,1419.7,1.477,541.4
5095,7.4,city,0.5,8.1,28.6,0.346,38.3,clear,mid_ev,40,160,1900,full_load,410.5,2310.5,3.236,437.4
5096,4.27,city,5.9,4.3,22.1,0.348,22.4,clear,mid_ev,40,160,1900,half_load,268.6,2168.6,1.457,341.4
5097,74.05,highway,52.3,2.6,100.0,0.294,30.5,clear,mid_ev,40,160,1900,half_load,212.9,2112.9,56.64,764.9
5098,12.33,arterial,1.8,0.6,39.6,0.406,28.6,clear,mid_ev,40,160,1900,half_load,266.1,2166.1,3.999,324.3
5099,69.67,highway,226.6,39.3,103.1,0.04,32.6,clear,mid_ev,40,160,1900,half_load,214.0,2114.0,58.023,832.8
5100,10.8,city,0.5,11.5,27.4,0.557,29.3,clear,small_ev,24,140,1400,half_load,128.4,1528.4,3.895,360.6
5101,14.68,arterial,19.2,73.1,42.9,0.415,36.1,rain,small_ev,24,140,1400,unladen,26.7,1426.7,4.235,288.5
5102,9.5,city,2.8,1.2,12.6,0.092,29.3,clear,small_ev,24,140,1400,half_load,124.1,1524.1,0.942,99.2
5103,30.15,arterial,30.1,28.6,46.8,0.417,35.7,rain,large_ev,75,190,2400,unladen,53.0,2453.0,14.905,494.3
5104,22.35,arterial,14.0,2.1,45.7,0.842,27.4,clear,large_ev,75,190,2400,full_load,596.5,2996.5,15.232,681.4
5105,18.45,highway,69.1,20.8,85.0,0.168,35.4,rain,mid_ev,40,160,1900,unladen,33.8,1933.8,11.946,647.4
5107,7.7,arterial,17.9,2.4,43.1,0.447,34.3,clear,mid_ev,40,160,1900,full_load,432.8,2332.8,3.195,414.8
5108,8.76,arterial,69.5,34.8,41.5,0.558,31.6,clear,mid_ev,40,160,1900,unladen,2.1,1902.1,3.661,417.9
5109,11.34,city,0.8,6.6,24.4,0.482,36.9,clear,small_ev,24,140,1400,half_load,141.8,1541.8,4.12,363.3
5112,60.08,highway,19.4,87.1,77.9,0.074,29.7,clear,large_ev,75,190,2400,full_load,516.3,2916.3,35.613,592.8
5114,21.96,arterial,9.2,24.7,52.1,0.46,34.5,clear,mid_ev,40,160,1900,half_load,184.8,2084.8,10.299,468.9
5115,26.86,arterial,3.5,0.3,45.6,0.561,25.3,clear,small_ev,24,140,1400,full_load,292.1,1692.1,8.78,326.9
5116,8.79,city,32.8,1.4,14.2,0.11,41.6,clear,large_ev,75,190,2400,unladen,53.4,2453.4,2.124,241.7
5117,16.79,arterial,5.9,8.8,47.0,0.546,28.0,clear,large_ev,75,190,2400,full_load,527.3,2927.3,9.413,560.5
5118,15.25,city,5.2,9.2,25.2,0.886,27.8,clear,large_ev,75,190,2400,unladen,57.4,2457.4,13.126,860.8
5119,4.05,city,2.7,20.8,23.3,0.686,23.8,clear,mid_ev,40,160,1900,full_load,443.6,2343.6,2.526,623.5
5120,2.36,city,3.3,5.0,25.4,0.735,35.2,clear,large_ev,75,190,2400,unladen,39.1,2439.1,1.755,744.5
5122,14.77,city,6.9,1.8,24.4,0.763,23.9,clear,large_ev,75,190,2400,half_load,343.0,2743.0,12.535,848.7
5123,63.41,highway,18.2,34.6,72.7,0.253,32.5,clear,small_ev,24,140,1400,unladen,9.7,1409.7,24.211,381.8
5124,12.87,city,7.5,5.4,30.3,0.736,29.8,clear,mid_ev,40,160,1900,full_load,433.7,2333.7,9.038,702.3
5125,14.17,city,1.1,2.0,24.5,0.389,31.9,clear,small_ev,24,140,1400,full_load,273.0,1673.0,4.327,305.3
5126,64.63,highway,27.7,16.4,89.1,0.181,29.5,heavy_rain,large_ev,75,190,2400,full_load,587.6,2987.6,54.159,838.0
5127,99.13,highway,52.4,3.7,78.3,0.352,24.1,rain,mid_ev,40,160,1900,full_load,431.5,2331.5,57.181,576.8
5128,6.59,city,3.5,13.3,31.0,0.843,34.6,clear,mid_ev,40,160,1900,half_load,209.0,2109.0,4.894,743.0
5129,89.2,highway,55.7,23.6,75.9,0.361,31.7,clear,small_ev,24,140,1400,half_load,146.1,1546.1,38.89,436.0
5131,5.42,city,3.7,17.0,20.7,0.195,34.9,clear,mid_ev,40,160,1900,half_load,192.2,2092.2,1.306,240.9
5133,2.43,city,2.6,20.0,21.0,0.591,27.6,clear,mid_ev,40,160,1900,half_load,251.4,2151.4,1.27,522.5
5134,61.15,highway,44.8,0.9,93.4,0.174,32.0,clear,small_ev,24,140,1400,half_load,154.7,1554.7,38.74,633.5
5137,89.22,highway,17.1,22.9,98.7,0.396,28.4,clear,small_ev,24,140,1400,half_load,177.8,1577.8,59.502,666.9
5138,73.46,highway,14.0,0.3,76.5,0.136,34.5,clear,small_ev,24,140,1400,half_load,125.2,1525.2,34.257,466.3
5139,11.82,arterial,34.4,7.1,39.6,0.259,33.0,clear,small_ev,24,140,1400,half_load,155.6,1555.6,2.721,230.3
5140,111.43,highway,23.6,64.5,88.4,0.014,36.2,clear,mid_ev,40,160,1900,unladen,20.9,1920.9,74.098,665.0
5141,7.1,city,7.9,3.4,30.5,0.478,28.4,clear,small_ev,24,140,1400,half_load,177.9,1577.9,2.624,369.8
5142,9.7,arterial,39.7,7.9,43.2,0.356,26.5,clear,large_ev,75,190,2400,full_load,541.9,2941.9,4.406,454.4
5143,97.56,highway,13.7,6.8,92.5,0.008,39.0,rain,large_ev,75,190,2400,full_load,568.6,2968.6,88.867,910.9
5144,10.3,arterial,1.0,11.5,43.9,0.12,33.2,rain,mid_ev,40,160,1900,half_load,220.2,2120.2,2.628,255.1
5145,5.02,city,9.3,4.7,25.7,0.649,32.4,clear,small_ev,24,140,1400,half_load,167.5,1567.5,2.24,446.3
5146,3.57,city,6.4,7.6,18.1,0.442,31.8,rain,small_ev,24,140,1400,unladen,11.2,1411.2,1.08,302.5
5147,95.81,highway,1.7,24.5,83.1,0.049,29.2,clear,mid_ev,40,160,1900,unladen,17.4,1917.4,49.19,513.4
5148,57.44,highway,38.0,98.6,80.8,0.016,33.6,clear,small_ev,24,140,1400,unladen,17.0,1417.0,25.202,438.8
5149,5.73,city,8.6,1.6,31.1,0.844,35.1,clear,mid_ev,40,160,1900,full_load,449.8,2349.8,5.227,912.6
5150,2.53,city,2.1,0.8,18.2,0.708,24.7,clear,mid_ev,40,160,1900,half_load,227.3,2127.3,1.402,554.8
5151,11.19,city,16.6,9.8,9.9,0.843,33.0,clear,large_ev,75,190,2400,half_load,303.4,2703.4,9.803,875.7
5152,108.78,highway,178.7,102.8,78.8,0.013,27.7,rain,large_ev,75,190,2400,unladen,50.0,2450.0,66.559,611.9
5153,1.02,city,0.0,3.3,16.6,0.528,39.5,clear,mid_ev,40,160,1900,half_load,229.2,2129.2,0.535,522.7
5154,10.64,city,3.4,6.7,20.2,0.331,31.8,rain,mid_ev,40,160,1900,unladen,37.1,1937.1,3.113,292.5
5155,41.17,arterial,56.6,41.2,42.8,0.526,25.5,clear,mid_ev,40,160,1900,full_load,436.7,2336.7,17.173,417.2
5156,18.86,arterial,9.0,15.9,45.7,0.769,27.1,clear,small_ev,24,140,1400,unladen,17.9,1417.9,6.568,348.2
5157,32.94,highway,5.9,38.1,96.8,0.214,27.6,clear,mid_ev,40,160,1900,half_load,251.3,2151.3,23.21,704.6
5158,17.04,arterial,12.8,1.9,50.0,0.306,39.7,clear,small_ev,24,140,1400,full_load,286.4,1686.4,5.878,345.0
5159,12.14,city,7.1,9.3,21.5,0.542,27.1,heavy_rain,large_ev,75,190,2400,unladen,29.7,2429.7,6.88,566.6
5160,2.34,city,21.6,0.2,31.2,0.277,34.9,clear,mid_ev,40,160,1900,half_load,253.1,2153.1,0.959,409.5
5161,14.37,arterial,6.6,2.2,46.6,0.425,26.4,clear,large_ev,75,190,2400,unladen,8.0,2408.0,5.781,402.2
5162,5.47,city,13.1,17.7,20.4,0.523,23.1,clear,large_ev,75,190,2400,full_load,560.0,2960.0,3.32,606.5
5163,63.12,highway,68.5,87.5,88.4,0.563,31.4,clear,mid_ev,40,160,1900,unladen,14.2,1914.2,43.475,688.8
5164,43.4,arterial,8.8,1.0,41.9,0.665,24.7,clear,large_ev,75,190,2400,half_load,280.7,2680.7,23.853,549.6
5165,95.39,highway,18.6,14.9,98.9,0.17,28.7,clear,mid_ev,40,160,1900,full_load,439.5,2339.5,72.223,757.1
5166,52.32,highway,2.7,4.7,90.7,0.103,26.3,clear,small_ev,24,140,1400,unladen,11.5,1411.5,26.522,506.9
5167,6.67,arterial,10.8,13.7,51.0,0.588,22.4,clear,mid_ev,40,160,1900,half_load,235.1,2135.1,3.016,452.1
5168,99.2,highway,27.7,28.9,103.2,0.485,29.3,clear,large_ev,75,190,2400,full_load,554.6,2954.6,102.489,1033.2
5169,2.4,city,8.3,5.4,25.1,0.319,33.1,clear,small_ev,24,140,1400,full_load,297.8,1697.8,0.712,296.4
5170,100.6,highway,22.3,13.0,84.1,0.158,21.1,clear,large_ev,75,190,2400,unladen,54.3,2454.3,65.965,655.7
5171,65.49,highway,15.9,5.6,78.1,0.01,34.8,clear,large_ev,75,190,2400,unladen,26.3,2426.3,39.165,598.1
5172,37.38,highway,53.2,8.0,87.8,0.02,36.2,clear,small_ev,24,140,1400,unladen,11.3,1411.3,19.591,524.1
5173,7.0,city,0.6,3.3,20.7,0.912,30.1,clear,small_ev,24,140,1400,unladen,21.2,1421.2,3.421,489.0
5174,10.88,arterial,2.6,1.2,46.3,0.257,31.4,rain,small_ev,24,140,1400,unladen,25.1,1425.1,2.775,255.0
5175,20.69,arterial,1.9,31.7,32.8,0.723,25.9,clear,small_ev,24,140,1400,half_load,178.8,1578.8,6.393,308.9
5176,39.93,arterial,20.6,12.0,52.6,0.879,27.2,rain,mid_ev,40,160,1900,unladen,4.3,1904.3,21.601,541.0
5177,6.18,arterial,22.0,6.2,53.3,0.213,28.1,rain,large_ev,75,190,2400,unladen,12.7,2412.7,2.459,397.7
5178,11.3,arterial,20.1,16.6,61.5,0.341,34.1,heavy_rain,mid_ev,40,160,1900,unladen,0.8,1900.8,5.737,507.6
5179,104.71,highway,8.1,31.9,90.1,0.065,32.5,clear,large_ev,75,190,2400,half_load,333.1,2733.1,79.186,756.2
5180,74.29,highway,27.1,18.1,81.3,0.18,25.0,clear,mid_ev,40,160,1900,unladen,7.2,1907.2,38.132,513.3
5182,47.8,highway,13.9,17.6,85.3,0.321,22.7,clear,large_ev,75,190,2400,unladen,34.7,2434.7,31.744,664.2
5184,15.85,arterial,21.1,8.7,46.0,0.12,38.3,clear,small_ev,24,140,1400,full_load,294.2,1694.2,3.788,239.0
5185,9.42,city,0.4,15.5,29.9,0.457,27.3,clear,small_ev,24,140,1400,half_load,152.3,1552.3,3.071,326.0
5186,13.89,arterial,4.3,13.2,53.8,0.265,25.7,clear,small_ev,24,140,1400,half_load,136.6,1536.6,3.756,270.4
5187,29.38,arterial,20.4,19.7,48.7,0.372,38.3,clear,mid_ev,40,160,1900,unladen,25.8,1925.8,11.564,393.5
5188,12.35,city,16.2,11.8,19.2,0.382,36.8,clear,large_ev,75,190,2400,half_load,299.3,2699.3,6.214,503.2
5190,42.68,highway,136.9,15.2,84.0,0.27,25.8,clear,mid_ev,40,160,1900,half_load,217.0,2117.0,23.968,561.6
5192,20.58,city,8.5,2.4,16.1,0.468,37.3,clear,large_ev,75,190,2400,full_load,527.5,2927.5,13.033,633.2
5193,57.27,highway,13.7,14.1,87.4,0.146,32.6,heavy_rain,mid_ev,40,160,1900,half_load,183.8,2083.8,41.321,721.5
5194,23.36,arterial,14.1,1.8,42.5,0.316,40.3,rain,mid_ev,40,160,1900,unladen,28.5,1928.5,8.223,352.0
5196,36.15,arterial,24.8,5.1,27.3,0.283,37.0,rain,small_ev,24,140,1400,full_load,255.7,1655.7,7.364,203.7
5197,34.07,highway,12.8,32.5,96.3,0.062,32.1,clear,large_ev,75,190,2400,half_load,244.1,2644.1,29.596,868.8
5198,4.48,city,2.2,9.9,20.4,0.317,35.5,clear,mid_ev,40,160,1900,unladen,12.4,1912.4,1.382,308.2
5199,24.52,arterial,17.9,11.1,42.3,0.323,27.0,rain,mid_ev,40,160,1900,half_load,224.0,2124.0,7.829,319.3
5200,2.68,city,1.2,10.3,18.9,0.477,27.7,clear,small_ev,24,140,1400,half_load,135.8,1535.8,0.801,298.3
5201,79.58,highway,24.2,50.7,83.2,0.217,27.2,clear,large_ev,75,190,2400,unladen,51.2,2451.2,52.5,659.7
5202,22.99,arterial,37.8,1.8,42.1,0.753,22.8,clear,small_ev,24,140,1400,full_load,299.2,1699.2,8.433,366.9
5203,6.14,city,19.0,1.1,26.0,0.281,34.2,clear,mid_ev,40,160,1900,unladen,10.8,1910.8,1.81,294.6
5204,10.14,city,1.4,12.5,9.3,0.553,30.2,clear,small_ev,24,140,1400,unladen,2.4,1402.4,3.277,323.3
5205,112.63,highway,16.0,48.4,92.8,0.381,23.2,rain,mid_ev,40,160,1900,full_load,430.8,2330.8,81.966,727.8
5207,16.49,city,3.8,0.9,16.1,0.701,25.1,rain,large_ev,75,190,2400,unladen,14.4,2414.4,11.103,673.2
5208,24.17,highway,5.1,89.2,85.7,0.101,37.4,clear,large_ev,75,190,2400,unladen,14.8,2414.8,18.224,754.0
5209,1.37,city,0.5,8.9,21.6,0.607,20.1,clear,mid_ev,40,160,1900,half_load,187.6,2087.6,0.668,489.6
5210,9.09,arterial,42.3,115.3,40.7,0.554,27.3,clear,small_ev,24,140,1400,full_load,275.5,1675.5,2.822,310.6
5211,41.07,arterial,19.2,16.8,29.5,0.151,25.5,clear,mid_ev,40,160,1900,half_load,191.6,2091.6,7.098,172.8
5213,7.4,arterial,0.4,21.7,39.0,0.148,28.8,clear,mid_ev,40,160,1900,full_load,397.6,2297.6,1.715,231.8
5214,17.18,city,5.3,23.5,7.6,0.413,34.2,heavy_rain,small_ev,24,140,1400,half_load,169.9,1569.9,5.354,311.6
5215,68.43,highway,18.1,73.4,80.7,0.074,33.5,clear,mid_ev,40,160,1900,full_load,385.1,2285.1,36.488,533.2
5216,5.88,city,24.8,22.5,20.2,0.214,33.6,rain,large_ev,75,190,2400,half_load,300.9,2700.9,2.074,352.7
5217,28.75,arterial,42.0,10.8,38.6,0.634,32.2,clear,small_ev,24,140,1400,full_load,297.6,1697.6,9.668,336.3
5218,6.01,city,3.6,0.2,34.6,0.448,21.1,clear,small_ev,24,140,1400,full_load,290.9,1690.9,2.182,363.1
5219,8.51,city,26.2,23.4,29.5,0.336,25.6,clear,small_ev,24,140,1400,half_load,159.3,1559.3,2.337,274.6
5220,9.94,arterial,11.2,17.8,48.5,0.431,25.7,clear,mid_ev,40,160,1900,full_load,422.3,2322.3,3.866,389.1
5224,36.21,arterial,13.0,1.6,39.0,0.152,20.0,rain,mid_ev,40,160,1900,full_load,437.3,2337.3,8.308,229.4
5225,43.43,highway,14.1,86.6,103.3,0.394,21.6,clear,large_ev,75,190,2400,unladen,23.7,2423.7,41.074,945.8
5226,5.14,city,5.6,12.8,32.8,0.286,35.7,clear,mid_ev,40,160,1900,unladen,6.9,1906.9,1.837,357.6
5227,50.11,highway,90.3,59.5,86.3,0.08,36.1,clear,large_ev,75,190,2400,full_load,524.6,2924.6,37.98,757.9
5228,16.66,arterial,5.1,47.0,39.8,0.577,25.0,rain,small_ev,24,140,1400,full_load,284.2,1684.2,5.251,315.3
5229,14.37,arterial,39.5,11.7,43.4,0.198,41.2,clear,large_ev,75,190,2400,unladen,1.1,2401.1,5.651,393.2
5230,7.81,city,14.5,28.5,21.9,0.757,29.2,clear,large_ev,75,190,2400,unladen,57.2,2457.2,5.813,744.7
5231,14.14,arterial,30.3,64.0,47.8,0.564,24.4,rain,large_ev,75,190,2400,half_load,337.8,2737.8,7.89,557.9
5232,17.42,arterial,3.3,0.1,51.2,0.2,33.3,clear,large_ev,75,190,2400,full_load,591.5,2991.5,7.289,418.5
5233,90.61,highway,181.1,3.8,92.1,0.251,33.3,clear,large_ev,75,190,2400,full_load,599.3,2999.3,76.53,844.7
5235,13.91,city,0.3,11.6,26.0,0.807,40.9,clear,mid_ev,40,160,1900,full_load,423.8,2323.8,12.571,903.7
5236,5.44,city,8.3,3.2,15.0,0.844,33.2,clear,small_ev,24,140,1400,half_load,157.8,1557.8,2.805,515.9
5237,1.99,city,2.9,4.9,29.2,0.182,33.9,clear,small_ev,24,140,1400,full_load,264.3,1664.3,0.401,201.5
5238,11.06,arterial,5.2,8.8,47.0,0.732,36.9,clear,mid_ev,40,160,1900,unladen,10.8,1910.8,5.518,498.8
5239,81.42,highway,21.7,54.8,98.6,0.455,30.7,clear,large_ev,75,190,2400,half_load,285.0,2685.0,81.077,995.8
5240,25.75,city,5.4,2.1,25.3,0.776,34.6,clear,mid_ev,40,160,1900,full_load,425.0,2325.0,19.726,765.9
5241,21.39,arterial,71.0,44.5,32.4,0.334,25.1,clear,mid_ev,40,160,1900,half_load,233.3,2133.3,5.896,275.6
5242,21.99,arterial,37.9,21.5,39.7,0.749,29.2,clear,mid_ev,40,160,1900,full_load,449.3,2349.3,11.518,523.8
5243,38.2,highway,18.1,24.7,84.0,0.06,35.3,rain,large_ev,75,190,2400,half_load,261.2,2661.2,28.462,745.1
5245,2.0,arterial,51.7,31.2,49.9,0.554,33.6,clear,small_ev,24,140,1400,unladen,3.0,1403.0,0.79,394.8
5246,11.41,arterial,16.2,17.1,41.5,0.449,35.1,clear,mid_ev,40,160,1900,half_load,202.7,2102.7,4.178,366.2
5247,20.81,arterial,4.7,24.6,45.3,0.433,36.9,clear,small_ev,24,140,1400,unladen,6.4,1406.4,6.105,293.4
5248,13.24,arterial,2.8,6.7,39.1,0.32,25.5,clear,mid_ev,40,160,1900,half_load,187.9,2087.9,3.79,286.4
5250,4.55,city,0.6,2.9,23.6,0.745,36.4,rain,mid_ev,40,160,1900,full_load,412.5,2312.5,3.596,790.7
5251,17.98,arterial,32.2,13.4,40.7,0.45,28.5,clear,mid_ev,40,160,1900,full_load,432.2,2332.2,7.22,401.4
5252,32.86,highway,63.9,6.7,89.2,0.139,34.4,clear,small_ev,24,140,1400,full_load,297.3,1697.3,19.321,588.0
5254,192.91,highway,72.6,38.7,100.4,0.647,27.1,heavy_rain,large_ev,75,190,2400,half_load,356.8,2756.8,213.326,1105.8
5255,55.89,highway,96.7,2.8,71.3,0.261,33.8,rain,large_ev,75,190,2400,full_load,561.5,2961.5,34.166,611.3
5257,2.0,arterial,0.7,132.8,36.9,0.636,36.7,clear,small_ev,24,140,1400,half_load,135.8,1535.8,0.638,319.2
5259,7.16,arterial,101.5,5.4,44.4,0.244,42.0,clear,small_ev,24,140,1400,half_load,173.4,1573.4,2.577,360.0
5261,35.95,highway,53.2,26.0,83.0,0.223,34.1,clear,mid_ev,40,160,1900,full_load,404.1,2304.1,22.518,626.3
5262,3.48,city,12.2,5.5,23.5,0.959,27.5,clear,large_ev,75,190,2400,unladen,56.6,2456.6,3.461,993.7
5264,23.15,arterial,9.7,5.1,37.4,0.311,38.7,clear,small_ev,24,140,1400,unladen,10.9,1410.9,5.083,219.5
5265,13.97,city,2.0,8.5,19.3,0.634,32.0,clear,small_ev,24,140,1400,half_load,124.4,1524.4,5.646,404.3
5268,31.98,arterial,3.6,45.4,46.3,0.312,29.4,clear,large_ev,75,190,2400,half_load,265.4,2665.4,12.582,393.4
5269,3.03,arterial,2.5,0.2,32.9,0.497,25.2,clear,small_ev,24,140,1400,half_load,134.3,1534.3,0.74,243.8
5270,10.44,city,2.7,2.0,20.4,0.494,34.5,clear,small_ev,24,140,1400,full_load,289.8,1689.8,4.061,389.2
5271,11.31,arterial,12.1,0.4,42.5,0.239,23.3,clear,mid_ev,40,160,1900,full_load,408.4,2308.4,3.163,279.6
5272,57.15,highway,33.1,21.0,82.3,0.333,32.1,clear,large_ev,75,190,2400,full_load,553.0,2953.0,42.373,741.4
5273,6.02,city,2.5,6.0,25.5,0.282,37.1,clear,small_ev,24,140,1400,unladen,17.8,1417.8,1.422,236.5
5274,2.72,city,0.5,3.7,30.8,0.748,28.7,heavy_rain,large_ev,75,190,2400,unladen,59.8,2459.8,2.165,795.1
5275,155.69,highway,77.0,7.6,94.5,0.028,30.3,clear,small_ev,24,140,1400,unladen,29.4,1429.4,90.993,584.5
5276,15.22,city,22.5,13.0,36.5,0.517,41.6,clear,mid_ev,40,160,1900,full_load,387.1,2287.1,9.595,630.4
5277,126.92,highway,27.7,39.7,73.4,0.032,20.8,clear,mid_ev,40,160,1900,unladen,12.9,1912.9,51.777,408.0
5278,5.09,arterial,10.6,16.6,36.3,0.662,30.3,clear,small_ev,24,140,1400,full_load,283.1,1683.1,1.698,333.7
5279,93.02,highway,48.6,45.7,66.0,0.024,26.4,clear,large_ev,75,190,2400,half_load,279.1,2679.1,38.865,417.8
5280,109.32,highway,45.0,5.3,78.9,0.217,32.1,rain,small_ev,24,140,1400,unladen,9.7,1409.7,51.482,470.9
5281,14.98,city,30.4,18.2,19.4,0.46,33.6,heavy_rain,small_ev,24,140,1400,unladen,16.0,1416.0,5.088,339.7
5282,8.12,city,0.4,2.7,19.8,0.848,28.4,clear,large_ev,75,190,2400,full_load,572.6,2972.6,7.745,954.0
5283,30.46,highway,165.9,16.4,98.3,0.415,34.2,clear,small_ev,24,140,1400,unladen,3.7,1403.7,22.087,725.1
5284,129.28,highway,7.9,106.2,85.9,0.086,22.5,clear,small_ev,24,140,1400,unladen,1.2,1401.2,60.148,465.2
5285,17.04,arterial,32.0,4.0,31.9,0.527,34.4,clear,large_ev,75,190,2400,half_load,289.8,2689.8,7.514,441.0
5286,45.69,arterial,3.7,0.9,56.5,0.572,34.3,clear,small_ev,24,140,1400,half_load,170.4,1570.4,20.257,443.4
5287,85.94,highway,18.4,5.3,82.5,0.028,33.2,clear,small_ev,24,140,1400,half_load,164.4,1564.4,38.662,449.9
5289,2.26,arterial,41.0,12.3,57.8,0.58,39.3,clear,mid_ev,40,160,1900,unladen,23.0,1923.0,1.537,680.2
5290,82.21,highway,21.5,87.4,89.3,0.147,25.9,clear,large_ev,75,190,2400,half_load,332.9,2732.9,58.509,711.7
5291,2.14,city,1.2,10.1,25.8,0.379,35.0,rain,small_ev,24,140,1400,half_load,150.8,1550.8,0.664,310.0
5292,10.47,city,4.3,11.1,31.5,0.722,27.1,clear,large_ev,75,190,2400,half_load,339.0,2739.0,8.501,811.9
5294,26.65,city,4.1,4.8,6.7,0.147,29.3,clear,small_ev,24,140,1400,full_load,269.1,1669.1,3.512,131.8
5296,59.83,highway,77.7,26.8,111.4,0.224,34.6,clear,mid_ev,40,160,1900,half_load,258.6,2158.6,60.322,1008.2
5298,13.39,city,1.8,5.1,14.9,0.963,40.5,clear,mid_ev,40,160,1900,unladen,34.1,1934.1,11.183,835.4
5299,6.35,city,3.6,12.9,17.3,0.44,41.8,clear,mid_ev,40,160,1900,half_load,256.8,2156.8,3.121,491.7
5300,65.65,highway,18.9,22.8,91.1,0.027,32.1,clear,mid_ev,40,160,1900,half_load,263.3,2163.3,42.506,647.5
5301,9.14,arterial,1.5,13.9,40.0,0.297,33.7,clear,large_ev,75,190,2400,full_load,599.0,2999.0,3.678,402.5
5302,63.55,highway,14.1,21.2,79.5,0.017,25.8,clear,mid_ev,40,160,1900,unladen,40.3,1940.3,28.915,455.0
5303,11.47,city,5.2,7.7,31.6,0.336,37.3,rain,small_ev,24,140,1400,full_load,282.0,1682.0,4.242,369.8
5304,2.22,city,0.2,1.8,24.3,0.612,36.4,clear,small_ev,24,140,1400,unladen,21.3,1421.3,0.881,396.5
5305,196.02,highway,9.2,39.2,62.5,0.18,26.5,clear,small_ev,24,140,1400,half_load,177.4,1577.4,59.462,303.4
5306,24.52,arterial,7.4,11.3,39.3,0.809,35.8,clear,small_ev,24,140,1400,unladen,8.2,1408.2,9.18,374.4
5307,11.02,arterial,8.8,4.9,53.1,0.415,28.3,clear,small_ev,24,140,1400,unladen,5.1,1405.1,3.455,313.5
5308,13.72,arterial,30.8,12.9,41.0,0.307,33.6,clear,large_ev,75,190,2400,full_load,560.6,2960.6,5.91,430.7
5310,3.88,city,14.8,3.5,31.7,0.287,34.5,clear,small_ev,24,140,1400,half_load,129.0,1529.0,1.096,282.4
5311,8.44,city,3.6,34.9,13.2,0.355,40.0,clear,small_ev,24,140,1400,unladen,18.5,1418.5,2.06,244.0
5312,2.87,city,5.9,10.0,14.3,0.523,32.1,clear,small_ev,24,140,1400,half_load,124.5,1524.5,1.0,348.3
5314,17.08,arterial,41.5,2.8,47.2,0.233,27.5,rain,mid_ev,40,160,1900,full_load,410.8,2310.8,5.649,330.7
5315,6.72,city,7.6,0.0,34.5,0.771,20.0,clear,mid_ev,40,160,1900,full_load,405.3,2305.3,4.912,731.0
5316,61.07,highway,155.4,39.1,91.3,0.256,20.0,clear,small_ev,24,140,1400,unladen,0.4,1400.4,31.729,519.5
5317,8.29,arterial,1.7,1.9,39.8,0.257,20.7,rain,mid_ev,40,160,1900,full_load,447.6,2347.6,2.538,306.0
5319,8.15,city,5.6,11.9,20.4,0.6,28.5,clear,small_ev,24,140,1400,half_load,152.7,1552.7,3.145,385.6
5320,46.82,arterial,0.7,4.6,46.4,0.176,36.9,clear,small_ev,24,140,1400,full_load,274.6,1674.6,11.749,250.9
5321,3.54,city,11.6,34.5,16.1,0.904,31.7,rain,mid_ev,40,160,1900,half_load,203.3,2103.3,2.773,782.4
5322,7.74,city,3.8,2.8,14.9,0.277,28.7,clear,large_ev,75,190,2400,full_load,519.3,2919.3,2.882,372.2
5324,15.64,arterial,12.3,10.9,38.7,0.253,24.7,clear,small_ev,24,140,1400,full_load,278.8,1678.8,3.298,210.9
5325,7.02,city,17.4,15.3,31.3,0.757,38.1,clear,large_ev,75,190,2400,half_load,257.9,2657.9,6.912,984.1
5326,63.98,highway,84.7,22.2,71.1,0.343,23.4,clear,mid_ev,40,160,1900,full_load,412.2,2312.2,30.171,471.6
5327,1.38,city,3.0,2.5,14.4,0.722,33.5,clear,large_ev,75,190,2400,half_load,356.3,2756.3,1.129,819.8
5328,4.22,city,1.2,21.8,32.0,0.54,33.5,clear,mid_ev,40,160,1900,unladen,40.5,1940.5,2.022,479.2
5329,13.73,city,14.2,2.9,20.1,0.837,26.9,clear,mid_ev,40,160,1900,full_load,395.4,2295.4,10.25,746.5
5330,94.0,highway,45.1,23.8,77.4,0.332,25.5,clear,large_ev,75,190,2400,unladen,24.5,2424.5,55.45,589.9
5331,26.11,arterial,7.5,14.9,44.9,0.241,36.9,clear,large_ev,75,190,2400,half_load,325.6,2725.6,9.982,382.4
5333,17.86,arterial,24.0,8.7,43.2,0.604,26.0,clear,small_ev,24,140,1400,full_load,257.7,1657.7,5.9,330.3
5334,6.38,arterial,55.1,6.5,40.1,0.131,29.3,rain,small_ev,24,140,1400,unladen,23.0,1423.0,1.405,220.3
5335,31.77,arterial,30.2,34.0,45.7,0.463,32.3,clear,small_ev,24,140,1400,full_load,294.8,1694.8,10.623,334.3
5336,70.66,highway,22.6,21.9,74.6,0.037,30.4,clear,small_ev,24,140,1400,full_load,285.2,1685.2,26.968,381.7
5337,48.4,arterial,27.8,24.4,36.2,0.174,23.3,rain,mid_ev,40,160,1900,half_load,249.3,2149.3,10.43,215.5
5338,15.2,arterial,9.7,17.8,34.8,0.227,23.2,clear,large_ev,75,190,2400,unladen,34.2,2434.2,3.882,255.3
5339,86.61,highway,10.0,103.1,65.5,0.043,35.9,clear,large_ev,75,190,2400,full_load,577.4,2977.4,40.005,461.9
5340,83.68,highway,37.2,43.6,93.4,0.096,32.9,rain,mid_ev,40,160,1900,half_load,217.7,2117.7,58.162,695.0
5341,4.49,city,1.7,12.4,16.4,0.718,26.1,clear,mid_ev,40,160,1900,half_load,257.6,2157.6,2.618,582.8
5342,58.65,highway,28.0,83.5,90.0,0.201,28.2,clear,small_ev,24,140,1400,full_load,289.3,1689.3,32.348,551.6
5343,66.83,highway,18.2,36.9,93.1,0.093,36.2,clear,small_ev,24,140,1400,full_load,295.0,1695.0,40.962,612.9
5344,77.47,highway,7.4,32.8,70.4,0.24,25.1,clear,mid_ev,40,160,1900,half_load,181.6,2081.6,31.128,401.8
5345,13.53,city,11.3,5.6,21.4,0.844,37.8,clear,mid_ev,40,160,1900,full_load,403.2,2303.2,11.495,849.5
5346,9.84,arterial,28.5,57.7,56.6,0.232,26.2,clear,mid_ev,40,160,1900,half_load,264.6,2164.6,3.523,358.1
5347,21.92,arterial,21.7,31.5,45.1,0.443,34.4,clear,small_ev,24,140,1400,full_load,279.8,1679.8,7.162,326.7
5348,29.87,arterial,22.6,8.6,47.4,0.186,31.7,clear,large_ev,75,190,2400,half_load,255.9,2655.9,10.75,359.9
5349,12.37,city,13.7,4.4,25.6,0.799,28.7,clear,large_ev,75,190,2400,half_load,297.5,2697.5,10.69,863.9
5350,9.69,arterial,3.1,14.8,39.2,0.331,32.7,clear,mid_ev,40,160,1900,half_load,197.1,2097.1,2.659,274.4
5351,37.18,arterial,2.8,24.6,51.5,0.628,20.0,clear,mid_ev,40,160,1900,half_load,252.2,2152.2,16.512,444.2
5352,44.22,arterial,37.7,3.1,60.8,0.248,29.4,clear,small_ev,24,140,1400,full_load,268.8,1668.8,15.031,339.9
5353,74.86,highway,13.7,95.6,85.2,0.048,34.8,clear,small_ev,24,140,1400,unladen,18.5,1418.5,36.615,489.1
5354,5.02,city,5.0,1.1,21.9,0.235,30.1,clear,small_ev,24,140,1400,full_load,288.0,1688.0,1.066,212.1
5355,7.13,city,22.6,9.9,19.8,0.269,23.6,heavy_rain,small_ev,24,140,1400,half_load,125.5,1525.5,1.538,215.8
5356,201.89,highway,26.7,4.3,74.8,0.192,30.6,clear,mid_ev,40,160,1900,unladen,24.6,1924.6,88.44,438.1
5358,1.29,city,2.7,1.4,24.7,0.903,30.4,clear,large_ev,75,190,2400,half_load,343.0,2743.0,1.22,944.3
5360,28.9,arterial,4.5,17.4,65.7,0.152,33.6,clear,small_ev,24,140,1400,full_load,287.8,1687.8,10.727,371.2
5361,24.63,city,2.1,9.6,24.0,0.426,30.4,clear,large_ev,75,190,2400,unladen,47.8,2447.8,11.642,472.6
5362,21.44,arterial,29.7,22.6,37.9,0.612,26.7,heavy_rain,mid_ev,40,160,1900,half_load,183.7,2083.7,8.605,401.2
5363,6.6,city,4.4,13.1,17.7,0.72,26.9,clear,mid_ev,40,160,1900,half_load,197.1,2097.1,3.771,571.7
5364,53.0,highway,35.3,28.7,79.2,0.081,29.0,rain,large_ev,75,190,2400,full_load,561.5,2961.5,31.356,591.6
5365,21.49,arterial,2.9,11.8,47.2,0.462,35.2,clear,small_ev,24,140,1400,half_load,146.6,1546.6,6.969,324.2
5367,100.11,highway,23.5,78.2,99.3,0.154,42.0,clear,large_ev,75,190,2400,half_load,309.3,2709.3,103.817,1037.0
5368,23.3,city,4.4,13.4,23.4,0.746,37.6,clear,large_ev,75,190,2400,full_load,512.4,2912.4,22.933,984.1
5369,168.56,highway,37.2,91.2,75.3,0.306,36.9,clear,large_ev,75,190,2400,half_load,338.1,2738.1,106.086,629.4
5370,5.15,city,5.4,5.0,14.6,0.582,20.0,clear,large_ev,75,190,2400,unladen,11.4,2411.4,2.805,544.9
5372,13.9,arterial,17.9,21.9,37.6,0.409,35.5,clear,mid_ev,40,160,1900,unladen,13.7,1913.7,4.403,316.8
5373,2.26,city,4.9,1.2,15.5,0.271,27.4,clear,large_ev,75,190,2400,full_load,561.4,2961.4,0.84,371.2
5375,6.93,city,6.9,0.5,16.4,0.395,26.1,clear,mid_ev,40,160,1900,half_load,183.8,2083.8,2.398,346.3
5376,27.4,arterial,3.8,3.8,49.1,0.584,32.4,clear,large_ev,75,190,2400,half_load,331.7,2731.7,15.083,550.4
5377,39.02,highway,57.3,83.5,88.9,0.179,26.5,clear,mid_ev,40,160,1900,full_load,443.2,2343.2,23.452,601.0
5379,43.78,arterial,46.3,8.8,39.8,0.356,21.6,clear,mid_ev,40,160,1900,unladen,44.1,1944.1,12.483,285.2
5380,4.51,city,3.2,0.9,29.0,0.577,36.7,clear,mid_ev,40,160,1900,half_load,224.3,2124.3,2.604,577.7
5381,48.34,arterial,0.1,0.6,48.2,0.585,35.7,clear,large_ev,75,190,2400,half_load,254.5,2654.5,29.51,610.5
5382,8.93,city,3.3,9.0,30.4,0.663,37.7,clear,small_ev,24,140,1400,full_load,289.4,1689.4,4.872,545.8
5383,10.14,city,15.6,28.1,26.3,0.752,28.1,clear,mid_ev,40,160,1900,half_load,240.5,2140.5,6.564,647.3
5385,14.79,arterial,37.1,17.4,33.9,0.347,29.2,heavy_rain,mid_ev,40,160,1900,full_load,423.1,2323.1,4.989,337.3
5386,31.36,arterial,2.4,21.3,48.1,0.431,35.8,clear,mid_ev,40,160,1900,half_load,202.9,2102.9,13.033,415.6
5387,14.44,city,5.4,0.5,28.0,0.987,23.9,clear,mid_ev,40,160,1900,half_load,180.4,2080.4,11.088,768.0
5388,16.32,arterial,15.5,40.4,49.6,0.294,28.1,rain,large_ev,75,190,2400,half_load,290.7,2690.7,7.01,429.5
5390,11.0,city,23.2,4.2,28.3,0.436,24.7,clear,mid_ev,40,160,1900,half_load,227.5,2127.5,4.86,442.0
5391,29.3,arterial,2.9,3.1,39.2,0.85,30.9,clear,large_ev,75,190,2400,unladen,38.2,2438.2,16.905,576.9
5393,1.29,city,0.0,5.7,22.2,0.537,32.6,clear,mid_ev,40,160,1900,unladen,26.3,1926.3,0.612,475.0
5394,21.13,arterial,29.4,14.9,51.2,0.125,33.4,heavy_rain,mid_ev,40,160,1900,half_load,198.7,2098.7,6.785,321.1
5396,61.9,highway,3.9,4.4,68.2,0.247,32.6,clear,large_ev,75,190,2400,unladen,40.7,2440.7,30.334,490.1
5399,27.98,highway,91.7,30.8,92.7,0.307,35.0,clear,mid_ev,40,160,1900,full_load,424.5,2324.5,21.19,757.3
5400,90.12,highway,6.9,57.0,91.0,0.05,40.2,heavy_rain,mid_ev,40,160,1900,half_load,201.9,2101.9,74.865,830.7
5401,24.42,arterial,8.5,2.1,26.5,0.502,25.9,clear,mid_ev,40,160,1900,full_load,384.9,2284.9,7.596,311.1
5402,1.64,city,12.7,2.9,27.7,0.482,33.8,rain,small_ev,24,140,1400,full_load,276.0,1676.0,0.709,431.7
5403,21.23,arterial,57.7,6.6,27.5,0.092,36.2,rain,small_ev,24,140,1400,unladen,17.2,1417.2,2.952,139.1
5404,16.83,city,10.7,1.6,30.1,0.775,28.8,clear,large_ev,75,190,2400,unladen,15.4,2415.4,12.315,731.8
5405,13.76,city,8.7,0.8,14.1,0.62,41.1,clear,mid_ev,40,160,1900,half_load,255.5,2155.5,8.341,606.3
5406,4.12,city,6.3,8.9,26.3,0.77,30.0,clear,large_ev,75,190,2400,unladen,47.5,2447.5,3.261,791.7
5407,19.51,arterial,9.8,0.5,43.0,0.616,27.6,clear,large_ev,75,190,2400,full_load,555.9,2955.9,10.7,548.6
5408,18.45,highway,77.8,15.5,69.3,0.153,33.8,clear,mid_ev,40,160,1900,full_load,440.3,2340.3,8.575,464.8
5409,2.0,arterial,19.1,35.5,56.5,0.364,28.5,rain,small_ev,24,140,1400,half_load,159.3,1559.3,0.662,331.2
5410,12.17,arterial,27.5,8.9,41.9,0.473,42.0,heavy_rain,small_ev,24,140,1400,full_load,293.0,1693.0,5.253,431.6
5411,39.7,highway,33.5,26.5,93.8,0.223,20.0,clear,small_ev,24,140,1400,half_load,151.7,1551.7,23.162,583.4
5412,18.6,arterial,9.0,26.4,42.9,0.363,28.9,clear,large_ev,75,190,2400,unladen,23.9,2423.9,7.367,396.0
5413,31.94,arterial,51.3,11.3,48.2,0.344,40.1,clear,mid_ev,40,160,1900,half_load,180.6,2080.6,13.42,420.1
5414,14.72,city,2.8,13.1,13.4,0.379,31.4,clear,large_ev,75,190,2400,full_load,535.0,2935.0,7.199,489.0
5415,35.25,arterial,49.9,0.6,57.2,0.599,34.4,heavy_rain,large_ev,75,190,2400,unladen,12.2,2412.2,24.452,693.7
5416,6.7,city,11.2,17.4,13.8,0.343,22.5,clear,mid_ev,40,160,1900,half_load,265.2,2165.2,2.102,313.7
5417,17.78,arterial,21.7,21.3,38.8,0.356,30.0,clear,small_ev,24,140,1400,unladen,28.8,1428.8,3.989,224.4
5418,34.17,arterial,7.5,12.5,52.9,0.102,23.5,clear,mid_ev,40,160,1900,half_load,221.8,2121.8,10.314,301.8
5419,39.8,highway,16.9,23.1,86.2,0.144,25.4,clear,large_ev,75,190,2400,half_load,342.1,2742.1,27.596,693.4
5420,45.79,highway,18.9,15.3,92.0,0.035,25.1,clear,mid_ev,40,160,1900,half_load,263.7,2163.7,28.314,618.4
5421,2.6,city,8.5,0.3,12.3,0.397,31.4,clear,small_ev,24,140,1400,unladen,8.3,1408.3,0.657,252.9
5422,40.9,highway,7.0,19.8,95.5,0.158,22.6,clear,large_ev,75,190,2400,unladen,5.1,2405.1,32.091,784.7
5423,101.77,highway,33.1,26.7,95.1,0.015,25.8,clear,small_ev,24,140,1400,full_load,290.5,1690.5,55.583,546.2
5424,28.43,arterial,21.3,21.7,45.4,0.322,30.7,clear,small_ev,24,140,1400,unladen,15.0,1415.0,7.02,246.9
5425,27.54,highway,13.5,35.1,78.8,0.384,22.9,clear,small_ev,24,140,1400,full_load,286.3,1686.3,11.893,431.8
5428,6.84,city,0.8,0.1,5.0,0.77,27.9,clear,large_ev,75,190,2400,unladen,37.1,2437.1,4.702,687.7
5429,15.95,city,5.4,2.7,25.9,0.382,32.0,clear,small_ev,24,140,1400,half_load,126.3,1526.3,4.417,277.0
5430,1.0,city,12.2,4.4,21.8,0.739,36.8,clear,small_ev,24,140,1400,half_load,176.9,1576.9,0.549,549.1
5432,18.52,city,1.8,26.1,18.6,0.537,35.7,rain,mid_ev,40,160,1900,half_load,195.7,2095.7,9.609,518.9
5433,10.7,city,6.3,13.1,5.0,0.737,40.1,rain,mid_ev,40,160,1900,unladen,27.5,1927.5,6.663,622.9
5434,9.77,arterial,179.7,23.0,39.1,0.723,31.8,clear,mid_ev,40,160,1900,unladen,29.6,1929.6,5.103,522.6
5435,1.13,city,1.2,0.4,11.6,0.739,31.7,rain,large_ev,75,190,2400,unladen,54.4,2454.4,0.873,772.5
5436,39.04,arterial,3.0,14.0,46.5,0.646,20.0,clear,small_ev,24,140,1400,unladen,18.1,1418.1,12.241,313.5
5438,15.33,city,27.1,20.8,18.6,0.618,30.3,clear,mid_ev,40,160,1900,half_load,255.8,2155.8,8.03,523.8
5439,35.67,arterial,19.0,10.5,36.2,0.546,37.4,clear,mid_ev,40,160,1900,full_load,420.2,2320.2,14.814,415.3
5440,32.41,highway,86.3,74.9,84.0,0.205,32.3,clear,mid_ev,40,160,1900,unladen,17.6,1917.6,18.535,571.9
5441,3.2,arterial,8.7,20.5,46.8,0.619,20.0,rain,large_ev,75,190,2400,half_load,245.1,2645.1,1.723,538.6
5442,15.87,arterial,17.6,78.1,49.3,0.427,31.0,clear,mid_ev,40,160,1900,half_load,218.2,2118.2,6.409,403.7
5443,133.76,highway,8.8,47.4,86.8,0.013,31.2,rain,small_ev,24,140,1400,full_load,285.8,1685.8,68.044,508.7
5444,2.73,arterial,31.2,18.8,40.8,0.767,35.1,clear,large_ev,75,190,2400,half_load,274.7,2674.7,1.811,662.5
5445,33.53,arterial,23.4,5.7,37.2,0.772,26.9,clear,small_ev,24,140,1400,full_load,298.3,1698.3,11.769,351.0
5446,1.4,city,3.9,4.0,34.8,0.692,26.6,clear,small_ev,24,140,1400,full_load,288.3,1688.3,0.704,503.4
5448,6.4,city,2.2,2.4,12.4,0.216,30.2,rain,small_ev,24,140,1400,unladen,23.4,1423.4,1.022,159.7
5451,17.35,arterial,31.5,102.5,42.7,0.138,25.7,clear,large_ev,75,190,2400,unladen,15.9,2415.9,4.582,264.1
5452,22.67,highway,16.1,26.9,94.8,0.115,26.3,heavy_rain,small_ev,24,140,1400,half_load,177.4,1577.4,14.19,626.0
5454,5.34,city,15.7,5.8,19.6,0.512,30.3,clear,mid_ev,40,160,1900,full_load,437.2,2337.2,2.898,542.9
5455,5.89,arterial,1.1,7.9,46.9,0.185,32.3,clear,large_ev,75,190,2400,half_load,241.3,2641.3,2.116,359.1
5456,5.87,city,7.9,18.7,24.8,0.454,37.3,clear,small_ev,24,140,1400,full_load,267.2,1667.2,2.235,380.9
5457,7.52,city,4.1,2.6,20.7,0.719,33.1,heavy_rain,large_ev,75,190,2400,full_load,517.8,2917.8,7.17,953.7
5458,6.61,arterial,7.8,9.3,26.3,0.545,25.8,clear,mid_ev,40,160,1900,half_load,198.3,2098.3,2.069,312.9
5462,9.09,arterial,3.3,1.4,41.5,0.443,31.8,clear,small_ev,24,140,1400,full_load,257.3,1657.3,2.567,282.4
5463,14.9,arterial,4.6,7.3,44.6,0.17,29.6,clear,mid_ev,40,160,1900,full_load,447.2,2347.2,4.093,274.7
5465,31.68,highway,84.5,29.4,84.3,0.023,23.6,clear,large_ev,75,190,2400,full_load,573.5,2973.5,20.85,658.1
5466,6.2,city,5.0,0.2,24.6,0.256,33.1,clear,mid_ev,40,160,1900,unladen,30.0,1930.0,1.726,278.6
5467,7.28,city,1.9,0.7,11.6,0.28,30.3,clear,small_ev,24,140,1400,full_load,297.5,1697.5,1.572,216.1
5468,8.5,arterial,35.9,5.6,37.1,0.677,36.0,clear,mid_ev,40,160,1900,full_load,437.5,2337.5,4.429,521.3
5469,17.63,highway,103.7,10.3,94.0,0.035,33.0,rain,large_ev,75,190,2400,half_load,311.4,2711.4,15.476,877.6
5470,11.72,arterial,33.2,54.5,45.3,0.506,32.7,clear,large_ev,75,190,2400,full_load,576.0,2976.0,6.508,555.1
5471,11.46,arterial,1.7,28.9,43.4,0.212,36.7,clear,large_ev,75,190,2400,unladen,15.0,2415.0,3.687,321.8
5473,39.44,highway,91.9,95.6,89.6,0.529,35.3,clear,large_ev,75,190,2400,full_load,572.5,2972.5,35.599,902.5
5474,79.55,highway,110.3,0.5,73.9,0.113,21.4,clear,small_ev,24,140,1400,half_load,139.3,1539.3,30.665,385.5
5475,3.98,arterial,9.1,12.2,36.2,0.283,30.6,clear,small_ev,24,140,1400,unladen,16.1,1416.1,0.846,212.4
5476,13.63,arterial,12.0,35.6,53.3,0.442,28.9,clear,small_ev,24,140,1400,half_load,121.8,1521.8,4.267,313.0
5477,15.54,arterial,9.0,10.3,46.9,0.663,25.9,clear,small_ev,24,140,1400,full_load,298.2,1698.2,5.832,375.3
5478,23.6,arterial,39.1,15.7,44.7,0.505,29.5,clear,small_ev,24,140,1400,unladen,17.5,1417.5,6.795,288.0
5479,5.35,city,13.7,4.2,20.5,0.878,33.5,clear,small_ev,24,140,1400,full_load,260.7,1660.7,3.107,581.1
5480,134.13,highway,14.1,11.5,89.9,0.139,34.0,heavy_rain,large_ev,75,190,2400,full_load,514.3,2914.3,113.435,845.7
5481,25.43,highway,22.8,13.0,78.5,0.284,25.4,clear,large_ev,75,190,2400,unladen,7.7,2407.7,15.188,597.2
5482,21.94,highway,0.5,5.7,81.4,0.273,31.5,clear,mid_ev,40,160,1900,half_load,256.6,2156.6,12.663,577.2
5483,136.94,highway,3.2,59.2,100.4,0.198,23.6,clear,mid_ev,40,160,1900,unladen,30.2,1930.2,97.943,715.2
5484,96.3,highway,11.2,71.7,80.8,0.294,25.8,clear,small_ev,24,140,1400,half_load,163.6,1563.6,43.317,449.8
5485,24.65,city,8.3,4.4,26.8,0.603,28.2,clear,large_ev,75,190,2400,half_load,335.8,2735.8,17.168,696.6
5486,15.41,arterial,13.1,73.1,34.2,0.53,32.7,clear,mid_ev,40,160,1900,full_load,422.1,2322.1,5.831,378.3
5489,18.55,arterial,9.7,2.9,55.7,0.412,34.0,clear,mid_ev,40,160,1900,full_load,397.0,2297.0,9.022,486.3
5490,5.08,city,13.9,4.4,18.4,0.494,29.2,clear,mid_ev,40,160,1900,full_load,384.0,2284.0,2.421,476.9
5491,44.68,highway,53.0,15.2,60.2,0.076,33.1,clear,large_ev,75,190,2400,half_load,316.8,2716.8,18.531,414.7
5492,24.13,highway,111.1,124.9,88.4,0.462,38.2,rain,mid_ev,40,160,1900,unladen,44.0,1944.0,18.967,786.0
5493,5.16,arterial,35.0,4.8,35.4,0.414,26.6,clear,mid_ev,40,160,1900,unladen,0.5,1900.5,1.593,308.9
5494,9.6,city,7.7,8.5,20.2,0.735,27.9,clear,mid_ev,40,160,1900,full_load,410.7,2310.7,6.522,679.6
5497,48.43,highway,50.3,173.1,83.5,0.018,35.3,clear,mid_ev,40,160,1900,half_load,198.4,2098.4,27.812,574.3
5498,6.85,city,0.2,0.5,36.3,0.869,25.2,clear,mid_ev,40,160,1900,full_load,384.2,2284.2,5.439,794.4
5499,1.98,city,7.7,11.4,18.9,0.619,28.6,clear,mid_ev,40,160,1900,unladen,20.5,1920.5,0.876,442.7
5500,92.34,highway,49.9,9.7,103.7,0.097,29.5,rain,small_ev,24,140,1400,unladen,3.2,1403.2,60.861,659.1
5502,24.56,highway,15.6,67.4,93.7,0.035,27.1,clear,small_ev,24,140,1400,unladen,25.8,1425.8,13.308,541.8
5503,56.61,highway,2.9,61.8,80.7,0.287,35.6,clear,mid_ev,40,160,1900,half_load,203.5,2103.5,34.405,607.7
5504,6.42,city,6.4,6.9,24.7,0.059,33.3,rain,large_ev,75,190,2400,half_load,240.6,2640.6,1.224,190.8
5505,1.18,city,5.3,21.6,17.2,0.592,31.9,heavy_rain,mid_ev,40,160,1900,half_load,258.6,2158.6,0.628,533.9
5506,30.24,arterial,17.9,7.6,41.7,0.457,28.6,rain,small_ev,24,140,1400,unladen,10.1,1410.1,8.05,266.2
5507,53.41,highway,19.7,26.1,78.6,0.039,28.0,clear,mid_ev,40,160,1900,full_load,427.4,2327.4,25.407,475.7
5508,4.42,city,3.9,7.6,30.6,0.662,36.5,clear,mid_ev,40,160,1900,half_load,237.4,2137.4,2.957,669.4
5509,12.75,city,3.6,8.2,17.3,0.691,25.5,rain,small_ev,24,140,1400,unladen,16.2,1416.2,4.969,389.6
5511,29.7,city,5.4,3.6,27.9,0.707,32.8,rain,mid_ev,40,160,1900,full_load,384.4,2284.4,21.805,734.3
5512,117.4,highway,2.7,30.9,92.2,0.068,22.6,clear,mid_ev,40,160,1900,half_load,208.9,2108.9,71.64,610.2
5514,10.6,city,0.4,21.8,23.2,0.775,40.5,clear,mid_ev,40,160,1900,unladen,27.4,1927.4,7.791,734.9
5515,15.47,city,1.4,3.7,22.2,0.938,25.5,clear,small_ev,24,140,1400,full_load,259.0,1659.0,9.301,601.4
5517,1.05,city,9.6,2.1,14.5,0.889,36.0,clear,mid_ev,40,160,1900,half_load,221.9,2121.9,0.868,829.3
5518,14.53,city,17.1,7.7,26.9,0.398,37.4,clear,mid_ev,40,160,1900,full_load,391.7,2291.7,7.021,483.3
5519,2.83,city,1.8,0.3,21.7,0.727,20.0,heavy_rain,mid_ev,40,160,1900,half_load,245.3,2145.3,1.822,643.1
5520,6.67,city,8.2,10.9,19.6,0.317,28.7,clear,mid_ev,40,160,1900,unladen,0.7,1900.7,1.85,277.5
5521,1.92,city,9.8,4.3,15.1,0.468,32.7,clear,small_ev,24,140,1400,unladen,20.3,1420.3,0.56,292.1
5522,3.92,city,1.7,0.2,23.2,0.7,40.8,clear,small_ev,24,140,1400,half_load,134.1,1534.1,2.069,528.3
5524,114.84,highway,21.1,13.0,78.7,0.359,32.8,clear,mid_ev,40,160,1900,full_load,392.6,2292.6,60.97,530.9
5525,20.38,arterial,9.1,15.8,48.6,0.478,31.7,clear,small_ev,24,140,1400,unladen,9.7,1409.7,6.463,317.1
5526,4.23,city,9.2,4.3,20.1,0.792,29.3,clear,small_ev,24,140,1400,full_load,264.6,1664.6,2.16,510.8
5528,74.46,highway,87.2,55.0,90.5,0.489,35.9,rain,mid_ev,40,160,1900,full_load,399.5,2299.5,60.041,806.3
5529,4.35,city,0.5,5.3,20.5,0.647,27.1,clear,small_ev,24,140,1400,half_load,147.6,1547.6,1.83,420.8
5530,3.05,city,4.2,4.9,20.2,0.415,26.1,clear,large_ev,75,190,2400,half_load,350.4,2750.4,1.586,520.6
5531,78.45,highway,39.5,61.8,92.4,0.531,24.6,clear,large_ev,75,190,2400,unladen,45.8,2445.8,63.704,812.1
5532,13.53,highway,15.0,39.0,109.6,0.28,23.9,clear,large_ev,75,190,2400,unladen,15.3,2415.3,13.693,1012.3
5533,21.01,arterial,57.1,17.0,53.1,0.038,32.5,rain,mid_ev,40,160,1900,half_load,209.6,2109.6,6.182,294.3
5536,55.23,highway,97.5,19.0,91.8,0.14,29.6,clear,large_ev,75,190,2400,full_load,596.0,2996.0,43.898,794.8
5537,42.83,highway,46.8,10.3,73.1,0.214,32.5,clear,large_ev,75,190,2400,half_load,336.8,2736.8,24.495,571.9
5538,43.16,highway,49.8,6.2,92.1,0.567,28.5,clear,small_ev,24,140,1400,full_load,275.4,1675.4,26.786,620.6
5540,36.88,arterial,20.5,40.5,48.4,0.304,29.2,clear,large_ev,75,190,2400,half_load,289.3,2689.3,15.098,409.4
5542,7.94,arterial,35.0,9.3,36.4,0.522,38.3,clear,mid_ev,40,160,1900,half_load,202.6,2102.6,3.538,445.5
5544,22.69,arterial,2.6,11.3,44.8,0.285,25.8,heavy_rain,large_ev,75,190,2400,full_load,563.5,2963.5,9.292,409.6
5545,44.62,highway,45.7,5.8,83.5,0.379,25.3,rain,small_ev,24,140,1400,half_load,158.2,1558.2,22.247,498.6
5546,52.39,highway,114.6,94.5,86.1,0.061,33.4,clear,small_ev,24,140,1400,unladen,21.8,1421.8,26.724,510.1
5548,8.26,city,0.8,2.5,23.5,0.963,35.8,clear,large_ev,75,190,2400,half_load,273.6,2673.6,9.572,1158.5
5551,61.57,highway,48.4,44.6,73.8,0.502,36.5,rain,large_ev,75,190,2400,half_load,255.9,2655.9,43.963,714.0
5552,1.0,city,2.3,5.6,25.5,0.869,29.5,clear,mid_ev,40,160,1900,unladen,26.5,1926.5,0.64,639.6
5553,5.81,city,3.0,3.1,18.9,0.677,30.8,clear,large_ev,75,190,2400,unladen,15.9,2415.9,3.879,668.1
5554,7.6,city,1.2,0.7,17.3,0.331,26.3,clear,small_ev,24,140,1400,half_load,157.1,1557.1,1.849,243.3
5555,119.81,highway,5.6,4.6,75.5,0.186,32.2,rain,mid_ev,40,160,1900,unladen,32.8,1932.8,62.001,517.5
5558,3.76,city,0.8,7.3,17.0,0.403,38.2,clear,small_ev,24,140,1400,unladen,0.7,1400.7,1.049,279.3
5559,8.36,city,6.7,11.7,16.4,0.436,30.6,clear,small_ev,24,140,1400,half_load,164.5,1564.5,2.373,283.7
5560,50.21,highway,25.7,33.6,68.3,0.048,33.7,clear,large_ev,75,190,2400,unladen,59.1,2459.1,23.693,471.9
5561,49.55,highway,10.0,8.8,80.6,0.112,30.9,clear,large_ev,75,190,2400,full_load,550.6,2950.6,31.779,641.4
5562,64.36,highway,7.4,36.9,83.2,0.302,35.0,clear,mid_ev,40,160,1900,full_load,390.3,2290.3,41.756,648.8
5564,2.04,city,11.9,0.6,20.6,0.81,31.2,rain,large_ev,75,190,2400,half_load,348.1,2748.1,1.921,941.2
5565,59.03,highway,39.5,1.1,71.5,0.027,31.8,heavy_rain,small_ev,24,140,1400,half_load,136.2,1536.2,23.54,398.7
5566,2.15,city,3.1,10.2,31.7,0.215,37.2,clear,large_ev,75,190,2400,full_load,568.7,2968.7,0.861,400.4
5567,1.0,city,5.8,17.3,10.8,0.369,40.2,clear,small_ev,24,140,1400,unladen,10.8,1410.8,0.269,269.1
5568,22.39,city,4.5,2.1,18.6,0.421,31.0,clear,small_ev,24,140,1400,half_load,178.3,1578.3,6.982,311.9
5569,5.9,arterial,2.7,12.8,38.0,0.264,27.2,rain,mid_ev,40,160,1900,half_load,193.5,2093.5,1.531,259.5
5570,102.07,highway,39.8,8.0,78.9,0.247,27.3,rain,small_ev,24,140,1400,half_load,158.0,1558.0,45.209,442.9
5571,42.48,arterial,62.2,14.4,51.3,0.871,35.9,clear,large_ev,75,190,2400,full_load,513.8,2913.8,34.276,806.8
5572,13.85,arterial,18.0,8.3,42.7,0.413,32.8,clear,small_ev,24,140,1400,full_load,265.3,1665.3,4.092,295.4
5573,97.49,highway,26.9,43.6,97.6,0.136,32.3,clear,large_ev,75,190,2400,full_load,574.0,2974.0,88.671,909.5
5574,7.82,city,6.5,0.3,22.8,0.724,24.1,clear,large_ev,75,190,2400,full_load,571.4,2971.4,6.315,807.8
5576,25.92,arterial,5.9,40.0,33.4,0.219,31.1,clear,large_ev,75,190,2400,half_load,327.7,2727.7,7.08,273.2
5577,82.69,highway,3.1,23.2,83.6,0.263,23.8,clear,large_ev,75,190,2400,half_load,288.1,2688.1,55.195,667.5
5578,6.4,city,6.6,10.6,19.0,0.355,34.7,clear,large_ev,75,190,2400,unladen,38.1,2438.1,2.653,414.4
5579,16.22,city,6.0,27.7,17.1,0.609,35.5,rain,small_ev,24,140,1400,unladen,9.9,1409.9,6.246,385.0
5580,69.83,highway,21.6,13.5,77.7,0.23,23.7,clear,large_ev,75,190,2400,unladen,46.9,2446.9,40.834,584.8
5581,28.45,arterial,17.3,11.1,54.3,0.534,36.8,clear,small_ev,24,140,1400,half_load,134.7,1534.7,11.009,387.0
5582,32.71,arterial,1.6,22.1,44.9,0.538,22.4,clear,mid_ev,40,160,1900,full_load,383.3,2283.3,13.349,408.2
5583,28.86,highway,92.5,42.7,82.1,0.04,22.8,clear,large_ev,75,190,2400,unladen,11.1,2411.1,17.331,600.5
5584,20.24,arterial,9.5,45.9,48.0,0.335,28.9,rain,small_ev,24,140,1400,full_load,255.8,1655.8,6.318,312.2
5586,33.15,arterial,40.4,14.9,44.4,0.227,31.0,clear,large_ev,75,190,2400,unladen,20.8,2420.8,11.205,338.0
5587,104.67,highway,124.3,39.6,87.0,0.15,24.3,clear,large_ev,75,190,2400,half_load,341.6,2741.6,72.504,692.7
5588,178.5,highway,35.6,44.0,84.4,0.054,37.1,clear,large_ev,75,190,2400,half_load,305.1,2705.1,128.421,719.4
5589,83.61,highway,88.2,51.6,90.4,0.059,26.8,rain,small_ev,24,140,1400,full_load,297.7,1697.7,45.968,549.8
5592,8.44,city,11.9,15.1,9.9,0.823,28.9,clear,small_ev,24,140,1400,half_load,139.4,1539.4,4.047,479.6
5594,11.18,arterial,35.9,17.4,47.7,0.518,39.8,clear,large_ev,75,190,2400,half_load,343.1,2743.1,7.099,634.7
5595,85.81,highway,26.9,22.1,81.1,0.089,32.3,clear,mid_ev,40,160,1900,full_load,396.7,2296.7,45.17,526.4
5596,25.59,arterial,52.3,6.6,52.7,0.366,24.7,clear,mid_ev,40,160,1900,full_load,448.2,2348.2,10.448,408.3
5597,4.26,city,21.0,2.3,25.1,0.623,30.4,clear,small_ev,24,140,1400,unladen,14.5,1414.5,1.662,390.3
5598,41.09,highway,2.9,80.0,92.8,0.254,28.9,clear,mid_ev,40,160,1900,half_load,242.5,2142.5,27.35,665.7
5600,150.46,highway,19.8,62.4,70.9,0.124,37.5,clear,large_ev,75,190,2400,full_load,598.6,2998.6,84.46,561.4
5603,17.57,highway,50.1,20.5,91.1,0.058,29.6,clear,large_ev,75,190,2400,half_load,272.3,2672.3,13.519,769.2
5604,2.24,city,1.0,4.2,27.8,0.39,27.4,clear,mid_ev,40,160,1900,full_load,394.8,2294.8,0.959,427.4
5605,25.71,city,9.5,7.0,18.2,0.621,26.9,heavy_rain,large_ev,75,190,2400,full_load,578.2,2978.2,19.416,755.1
5606,13.41,city,2.2,6.6,17.9,0.593,36.2,clear,mid_ev,40,160,1900,unladen,16.9,1916.9,6.462,481.8
5608,163.73,highway,55.6,109.8,91.3,0.193,35.1,rain,mid_ev,40,160,1900,full_load,428.8,2328.8,122.236,746.6
5609,10.39,city,0.7,2.5,17.8,0.969,41.6,clear,large_ev,75,190,2400,full_load,519.1,2919.1,13.19,1269.0
5610,8.57,arterial,26.0,19.3,40.3,0.41,33.8,heavy_rain,mid_ev,40,160,1900,half_load,232.4,2132.4,3.223,376.3
5611,15.0,arterial,9.4,3.9,41.0,0.621,28.3,clear,small_ev,24,140,1400,unladen,19.5,1419.5,4.645,309.8
5612,2.3,city,2.5,3.0,18.9,0.709,36.3,clear,large_ev,75,190,2400,full_load,539.2,2939.2,1.983,861.8
5613,64.43,arterial,62.8,34.8,32.5,0.542,35.8,clear,large_ev,75,190,2400,full_load,526.7,2926.7,32.51,504.6
5614,7.07,city,6.1,12.5,22.1,0.482,31.5,rain,small_ev,24,140,1400,full_load,294.8,1694.8,2.553,361.3
5615,62.23,highway,25.0,67.2,96.2,0.07,38.7,clear,mid_ev,40,160,1900,unladen,28.1,1928.1,51.118,821.5
5616,70.21,highway,92.6,12.3,78.8,0.291,20.7,clear,mid_ev,40,160,1900,unladen,13.3,1913.3,34.787,495.5
5617,18.2,city,2.6,8.2,17.3,0.861,29.0,clear,small_ev,24,140,1400,unladen,7.9,1407.9,8.547,469.7
5618,7.24,city,10.4,12.7,25.3,0.149,36.7,rain,mid_ev,40,160,1900,half_load,246.1,2146.1,1.799,248.4
5620,12.17,arterial,1.2,12.8,30.3,0.053,28.4,clear,mid_ev,40,160,1900,half_load,237.3,2137.3,1.774,145.8
5621,10.95,city,0.5,0.4,28.7,0.64,36.5,clear,small_ev,24,140,1400,half_load,178.3,1578.3,5.224,477.3
5622,53.14,highway,11.1,51.7,77.2,0.104,25.3,rain,large_ev,75,190,2400,half_load,324.3,2724.3,28.809,542.1
5624,34.1,highway,50.4,57.7,70.5,0.171,32.0,clear,small_ev,24,140,1400,full_load,278.9,1678.9,13.003,381.3
5625,49.75,highway,19.9,24.5,83.5,0.564,27.8,heavy_rain,mid_ev,40,160,1900,full_load,441.0,2341.0,33.586,675.0
5626,44.47,arterial,45.5,25.7,53.3,0.818,27.0,clear,mid_ev,40,160,1900,unladen,35.4,1935.4,22.606,508.3
5627,61.5,highway,40.2,42.9,91.8,0.049,31.4,rain,small_ev,24,140,1400,unladen,23.6,1423.6,34.519,561.3
5629,56.64,highway,11.7,2.3,77.1,0.131,32.9,clear,mid_ev,40,160,1900,half_load,241.8,2141.8,29.2,515.5
5631,4.63,city,7.4,8.7,23.6,0.625,36.9,rain,small_ev,24,140,1400,full_load,286.7,1686.7,2.273,490.6
5632,10.91,city,12.6,22.9,23.7,0.712,34.7,clear,mid_ev,40,160,1900,full_load,413.9,2313.9,7.52,689.2
5633,15.4,arterial,13.2,14.2,47.1,0.62,28.2,clear,small_ev,24,140,1400,half_load,177.9,1577.9,5.73,372.1
5634,36.47,arterial,2.7,1.4,39.3,0.567,22.8,rain,small_ev,24,140,1400,unladen,10.9,1410.9,10.11,277.2
5635,7.51,city,8.4,31.1,26.7,0.207,27.3,rain,large_ev,75,190,2400,unladen,30.5,2430.5,2.345,312.1
5636,16.08,city,32.7,0.8,16.8,0.501,36.7,clear,large_ev,75,190,2400,full_load,571.8,2971.8,10.674,663.7
5637,12.02,city,1.1,0.4,18.3,0.293,28.2,clear,large_ev,75,190,2400,unladen,26.3,2426.3,4.101,341.2
5638,5.52,city,13.3,33.8,16.8,0.26,28.1,clear,large_ev,75,190,2400,half_load,327.1,2727.1,1.777,321.7
5639,7.41,city,0.1,18.3,29.0,0.306,28.7,clear,large_ev,75,190,2400,full_load,591.7,2991.7,3.373,454.9
5640,14.95,arterial,5.2,72.3,51.4,0.67,34.6,clear,small_ev,24,140,1400,full_load,259.6,1659.6,6.362,425.6
5641,60.22,highway,9.0,29.1,89.3,0.007,24.5,clear,small_ev,24,140,1400,full_load,292.6,1692.6,29.641,492.2
5642,13.71,city,9.4,10.3,21.7,0.505,26.1,rain,mid_ev,40,160,1900,full_load,397.1,2297.1,6.97,508.3
5643,112.81,highway,75.6,28.0,89.6,0.094,22.6,clear,large_ev,75,190,2400,unladen,8.0,2408.0,77.848,690.1
5644,81.11,highway,15.4,11.4,82.6,0.101,22.2,clear,mid_ev,40,160,1900,unladen,32.7,1932.7,39.407,485.8
5645,9.67,city,22.2,1.3,26.2,0.577,27.7,clear,large_ev,75,190,2400,half_load,320.4,2720.4,6.801,703.2
5646,46.31,highway,13.2,20.3,71.8,0.128,23.3,clear,large_ev,75,190,2400,half_load,263.8,2663.8,21.526,464.8
5648,34.66,arterial,9.1,21.4,41.7,0.409,37.8,clear,mid_ev,40,160,1900,unladen,5.2,1905.2,11.605,334.8
5649,139.39,highway,2.8,18.2,81.9,0.098,27.6,clear,small_ev,24,140,1400,full_load,288.0,1688.0,61.401,440.5
5652,13.19,arterial,25.8,60.1,40.2,0.543,36.4,rain,mid_ev,40,160,1900,full_load,383.0,2283.0,6.093,461.9
5653,31.88,highway,29.4,50.7,85.1,0.271,34.5,rain,large_ev,75,190,2400,half_load,281.2,2681.2,24.977,783.4
5654,16.45,city,15.9,0.7,27.5,0.735,20.0,clear,large_ev,75,190,2400,unladen,12.3,2412.3,11.953,726.6
5655,14.47,city,4.2,2.5,19.9,0.291,27.9,rain,mid_ev,40,160,1900,full_load,436.0,2336.0,4.86,335.8
5656,19.92,arterial,34.3,16.2,49.5,0.685,37.7,clear,mid_ev,40,160,1900,unladen,5.2,1905.2,10.886,546.4
5658,42.39,arterial,18.9,30.6,46.3,0.316,37.5,heavy_rain,mid_ev,40,160,1900,half_load,192.9,2092.9,16.578,391.1
5659,28.69,arterial,21.3,30.1,51.1,0.293,26.1,clear,large_ev,75,190,2400,half_load,335.3,2735.3,11.997,418.2
5660,3.37,city,7.2,3.0,22.8,0.806,24.9,clear,small_ev,24,140,1400,full_load,276.6,1676.6,1.831,543.1
5661,18.56,arterial,1.0,7.9,38.1,0.206,32.1,heavy_rain,small_ev,24,140,1400,half_load,164.6,1564.6,3.697,199.2
5663,2.91,city,0.4,4.8,22.4,0.455,38.5,clear,mid_ev,40,160,1900,full_load,396.7,2296.7,1.408,483.7
5664,14.45,city,10.7,8.1,19.7,0.784,30.1,clear,small_ev,24,140,1400,half_load,128.7,1528.7,6.654,460.4
5665,5.94,arterial,6.4,38.2,43.3,0.052,35.4,clear,small_ev,24,140,1400,half_load,120.6,1520.6,1.099,184.8
5666,12.87,arterial,62.5,7.8,61.2,0.496,35.8,clear,large_ev,75,190,2400,full_load,563.9,2963.9,9.498,737.9
5668,4.26,city,0.6,4.9,17.8,0.571,34.9,clear,small_ev,24,140,1400,half_load,128.3,1528.3,1.616,379.5
5669,22.63,city,7.8,3.6,13.2,0.309,30.7,clear,small_ev,24,140,1400,half_load,153.8,1553.8,5.153,227.7
5670,14.41,arterial,16.7,2.8,45.8,0.369,34.8,heavy_rain,mid_ev,40,160,1900,unladen,27.4,1927.4,5.594,388.1
5671,9.29,arterial,37.4,13.1,46.1,0.459,23.7,clear,small_ev,24,140,1400,full_load,287.5,1687.5,2.858,307.8
5672,16.78,city,2.2,8.3,24.2,0.867,33.4,clear,small_ev,24,140,1400,full_load,260.6,1660.6,10.291,613.1
5673,7.19,arterial,8.4,34.3,49.4,0.661,31.1,clear,large_ev,75,190,2400,half_load,251.8,2651.8,4.313,600.1
5674,48.68,highway,280.8,7.9,86.8,0.436,28.2,clear,small_ev,24,140,1400,half_load,158.1,1558.1,27.131,557.3
5675,3.93,city,1.2,4.0,20.2,0.685,25.8,clear,large_ev,75,190,2400,half_load,282.3,2682.3,2.922,743.9
5676,1.13,city,2.2,9.5,23.6,0.703,30.3,clear,large_ev,75,190,2400,full_load,567.4,2967.4,0.962,849.7
5677,9.42,city,2.0,8.0,19.6,0.536,23.8,clear,large_ev,75,190,2400,half_load,244.8,2644.8,5.591,593.8
5678,9.86,city,0.8,3.9,25.1,0.665,21.3,clear,small_ev,24,140,1400,full_load,272.7,1672.7,4.391,445.4
5679,26.84,arterial,23.1,2.5,59.8,0.657,36.7,clear,small_ev,24,140,1400,half_load,170.7,1570.7,13.087,487.5
5680,4.73,city,2.7,18.8,29.5,0.351,29.9,rain,small_ev,24,140,1400,unladen,2.9,1402.9,1.254,264.8
5681,101.15,highway,26.2,81.5,74.4,0.061,24.2,clear,small_ev,24,140,1400,unladen,7.0,1407.0,34.649,342.6
5682,4.76,city,56.3,2.9,25.3,0.419,31.8,clear,small_ev,24,140,1400,full_load,273.6,1673.6,1.817,381.6
5685,27.18,arterial,0.2,24.7,34.2,0.381,28.0,rain,mid_ev,40,160,1900,unladen,16.0,1916.0,7.591,279.2
5686,2.99,city,9.9,16.0,16.8,0.588,27.4,clear,small_ev,24,140,1400,half_load,141.1,1541.1,1.119,374.0
5687,56.5,highway,39.5,39.8,94.1,0.56,25.1,clear,large_ev,75,190,2400,half_load,307.5,2707.5,50.293,890.2
5689,32.84,highway,7.7,59.3,85.6,0.121,31.4,clear,small_ev,24,140,1400,half_load,156.4,1556.4,16.473,501.6
5695,105.89,highway,12.0,39.1,90.8,0.152,37.3,clear,large_ev,75,190,2400,unladen,40.9,2440.9,92.358,872.2
5697,10.63,arterial,4.2,0.4,55.2,0.469,32.7,clear,large_ev,75,190,2400,full_load,527.2,2927.2,5.818,547.4
5698,104.94,highway,87.1,35.0,89.6,0.181,28.8,clear,large_ev,75,190,2400,half_load,285.4,2685.4,80.076,763.0
5700,78.48,highway,91.7,5.2,95.8,0.101,38.5,rain,large_ev,75,190,2400,unladen,5.7,2405.7,81.042,1032.7
5701,73.55,highway,8.7,33.8,99.0,0.083,24.9,clear,small_ev,24,140,1400,full_load,294.1,1694.1,46.287,629.3
5703,21.33,arterial,2.2,2.0,25.8,0.085,23.3,rain,mid_ev,40,160,1900,full_load,426.3,2326.3,3.064,143.6
5704,5.85,arterial,20.4,8.5,43.1,0.266,25.9,clear,small_ev,24,140,1400,half_load,158.7,1558.7,1.396,238.6
5705,6.81,arterial,13.0,22.1,37.7,0.465,31.6,clear,mid_ev,40,160,1900,half_load,251.1,2151.1,2.349,344.9
5707,7.35,city,20.9,12.7,24.1,0.295,41.7,clear,mid_ev,40,160,1900,half_load,229.2,2129.2,2.86,389.1
5708,14.97,city,3.3,2.9,22.8,0.487,20.2,clear,large_ev,75,190,2400,unladen,42.7,2442.7,7.268,485.4
5709,57.42,highway,60.8,175.5,92.2,0.404,42.0,clear,small_ev,24,140,1400,unladen,4.9,1404.9,39.683,691.0
5710,9.59,arterial,34.2,8.9,32.7,0.689,31.4,clear,mid_ev,40,160,1900,half_load,251.3,2151.3,4.183,436.2
5712,64.01,highway,11.9,13.0,99.9,0.197,25.1,clear,large_ev,75,190,2400,unladen,40.3,2440.3,58.477,913.5
5713,20.45,city,13.0,18.4,17.3,0.787,31.0,rain,mid_ev,40,160,1900,unladen,43.2,1943.2,12.758,623.9
5714,33.37,highway,53.6,90.7,77.9,0.122,25.6,clear,large_ev,75,190,2400,unladen,55.5,2455.5,18.13,543.4
5715,27.82,arterial,8.2,1.4,48.6,0.431,33.0,clear,mid_ev,40,160,1900,half_load,200.0,2100.0,11.974,430.4
5717,9.36,city,0.2,2.9,26.9,0.55,38.1,clear,large_ev,75,190,2400,half_load,250.9,2650.9,6.99,746.5
5718,40.31,highway,57.9,35.3,74.9,0.136,37.6,rain,small_ev,24,140,1400,full_load,293.0,1693.0,19.942,494.7
5719,7.94,arterial,10.1,1.4,46.4,0.587,33.4,rain,mid_ev,40,160,1900,half_load,227.4,2127.4,3.826,481.8
5720,11.16,arterial,7.3,20.4,45.0,0.516,23.4,rain,small_ev,24,140,1400,full_load,274.2,1674.2,3.567,319.6
5721,12.09,arterial,79.1,52.6,47.8,0.355,34.7,clear,mid_ev,40,160,1900,half_load,205.0,2105.0,5.068,419.3
5722,40.1,arterial,73.2,4.0,41.9,0.167,27.5,rain,small_ev,24,140,1400,full_load,255.9,1655.9,8.28,206.5
5723,41.98,arterial,20.6,24.1,46.2,0.224,32.9,clear,large_ev,75,190,2400,unladen,11.1,2411.1,14.253,339.5
5724,13.49,city,11.9,1.3,20.2,0.79,35.4,clear,mid_ev,40,160,1900,half_load,185.6,2085.6,9.405,697.3
5725,3.01,city,10.7,4.6,21.4,0.292,26.3,clear,mid_ev,40,160,1900,unladen,21.1,1921.1,0.874,290.9
5727,23.58,highway,48.2,14.2,83.3,0.215,27.2,clear,large_ev,75,190,2400,half_load,359.8,2759.8,15.987,677.9
5728,7.02,arterial,2.8,5.7,43.0,0.596,25.3,rain,large_ev,75,190,2400,unladen,20.7,2420.7,3.414,486.2
5730,7.68,city,0.8,7.2,21.8,0.496,35.4,clear,small_ev,24,140,1400,full_load,285.2,1685.2,3.081,401.4
5731,58.76,highway,34.8,38.3,83.9,0.007,25.5,clear,small_ev,24,140,1400,full_load,298.9,1698.9,26.967,458.9
5732,114.62,highway,35.1,20.5,73.9,0.349,35.1,clear,mid_ev,40,160,1900,unladen,7.6,1907.6,59.769,521.4
5733,27.34,arterial,12.5,5.4,49.3,0.132,35.2,clear,mid_ev,40,160,1900,full_load,449.3,2349.3,8.422,308.0
5734,7.84,city,13.7,9.6,32.1,0.518,32.5,clear,large_ev,75,190,2400,full_load,599.0,2999.0,5.647,720.5
5736,46.22,highway,178.1,50.1,67.0,0.252,31.0,clear,small_ev,24,140,1400,full_load,262.9,1662.9,16.409,355.0
5737,20.48,arterial,2.8,22.5,42.0,0.455,33.5,clear,small_ev,24,140,1400,unladen,5.8,1405.8,5.6,273.4
5738,14.91,arterial,18.1,26.0,53.3,0.364,32.7,rain,mid_ev,40,160,1900,half_load,193.5,2093.5,5.935,398.0
5739,7.11,city,0.1,3.2,22.5,0.632,31.1,clear,small_ev,24,140,1400,unladen,28.1,1428.1,2.718,382.2
5740,112.96,highway,19.5,51.0,89.9,0.096,24.6,clear,small_ev,24,140,1400,unladen,1.6,1401.6,57.342,507.7
5741,6.05,city,8.0,3.5,18.5,0.222,41.6,clear,large_ev,75,190,2400,half_load,339.1,2739.1,2.472,408.7
5743,8.56,city,14.6,3.2,11.4,0.471,27.4,clear,large_ev,75,190,2400,half_load,274.3,2674.3,4.44,518.5
5744,19.87,arterial,27.0,19.9,44.1,0.474,25.0,clear,mid_ev,40,160,1900,unladen,29.2,1929.2,6.883,346.5
5746,35.8,highway,14.5,26.3,88.8,0.165,42.0,clear,small_ev,24,140,1400,unladen,5.9,1405.9,22.281,622.3
5748,13.6,city,8.5,16.6,21.7,0.132,36.9,heavy_rain,large_ev,75,190,2400,unladen,44.7,2444.7,3.53,259.6
5750,80.86,highway,151.7,6.6,75.4,0.658,25.9,clear,large_ev,75,190,2400,half_load,257.4,2657.4,54.279,671.3
5752,3.43,city,9.7,4.0,19.8,0.471,32.1,clear,small_ev,24,140,1400,full_load,267.7,1667.7,1.216,354.7
5753,2.13,city,22.4,5.9,16.4,0.24,24.4,clear,small_ev,24,140,1400,unladen,15.8,1415.8,0.4,187.5
5754,10.0,highway,55.8,101.6,86.2,0.116,34.2,clear,small_ev,24,140,1400,full_load,276.7,1676.7,5.089,508.9
5755,7.7,city,4.5,4.0,23.4,0.569,36.2,clear,small_ev,24,140,1400,half_load,165.8,1565.8,3.273,425.2
5758,101.55,highway,12.7,29.5,86.7,0.139,33.1,clear,mid_ev,40,160,1900,half_load,241.2,2141.2,64.069,630.9
5759,51.17,highway,12.9,16.1,95.5,0.387,29.2,clear,mid_ev,40,160,1900,full_load,402.5,2302.5,36.602,715.3
5760,6.15,city,2.4,2.4,27.2,0.093,26.1,clear,small_ev,24,140,1400,unladen,3.2,1403.2,0.773,125.6
5761,25.71,arterial,14.2,16.0,48.4,0.4,40.4,clear,large_ev,75,190,2400,full_load,592.0,2992.0,15.291,594.7
5763,177.79,highway,41.0,36.1,102.5,0.175,29.5,heavy_rain,large_ev,75,190,2400,full_load,537.9,2937.9,196.676,1106.2
5765,15.74,arterial,16.2,19.3,39.2,0.585,31.0,rain,large_ev,75,190,2400,half_load,314.0,2714.0,8.26,524.9
5766,156.23,highway,16.3,2.0,93.1,0.581,32.3,clear,small_ev,24,140,1400,half_load,134.7,1534.7,101.665,650.7
5767,3.68,city,10.6,1.1,31.2,0.403,41.6,clear,mid_ev,40,160,1900,full_load,443.9,2343.9,2.179,593.0
5768,6.09,arterial,47.4,3.5,49.5,0.092,33.3,clear,mid_ev,40,160,1900,full_load,407.5,2307.5,2.002,329.0
5769,8.1,arterial,36.7,21.8,52.5,0.302,28.5,heavy_rain,small_ev,24,140,1400,half_load,148.7,1548.7,2.612,322.3
5770,9.03,city,6.0,10.9,24.6,0.626,34.4,heavy_rain,mid_ev,40,160,1900,unladen,13.3,1913.3,5.24,580.2
5771,3.76,city,7.7,6.3,21.1,0.646,22.8,rain,small_ev,24,140,1400,half_load,176.4,1576.4,1.624,432.0
5772,21.19,highway,73.1,13.8,76.7,0.129,30.6,clear,small_ev,24,140,1400,unladen,10.9,1410.9,8.231,388.4
5774,6.0,city,0.8,3.0,17.7,0.582,38.1,clear,large_ev,75,190,2400,full_load,588.5,2988.5,4.629,771.3
5775,1.77,city,5.2,3.0,23.1,0.827,29.9,clear,small_ev,24,140,1400,unladen,5.7,1405.7,0.845,476.7
5776,141.03,highway,15.7,43.9,97.0,0.01,28.9,clear,mid_ev,40,160,1900,unladen,20.0,1920.0,96.034,680.9
5777,12.22,city,2.8,0.7,20.2,0.363,34.3,clear,mid_ev,40,160,1900,half_load,210.3,2110.3,4.46,365.0
5778,17.41,arterial,8.5,23.2,29.7,0.123,33.6,rain,large_ev,75,190,2400,half_load,264.4,2664.4,3.914,224.8
5779,29.58,highway,106.1,90.9,76.4,0.255,29.9,clear,large_ev,75,190,2400,full_load,510.3,2910.3,18.309,618.9
5781,85.62,highway,40.2,3.9,88.4,0.245,24.7,clear,mid_ev,40,160,1900,half_load,228.0,2128.0,51.439,600.8
5782,14.0,arterial,6.8,0.5,45.4,0.286,27.6,clear,large_ev,75,190,2400,unladen,6.3,2406.3,4.697,335.6
5783,9.12,city,6.3,2.7,31.6,0.861,34.2,clear,mid_ev,40,160,1900,half_load,266.9,2166.9,7.482,820.1
5784,129.97,highway,7.7,7.9,82.4,0.265,30.7,clear,small_ev,24,140,1400,half_load,136.5,1536.5,65.479,503.8
5785,27.33,arterial,39.2,33.2,48.6,0.285,29.2,rain,mid_ev,40,160,1900,unladen,9.3,1909.3,9.242,338.2
5786,26.67,arterial,2.5,4.0,49.2,0.073,21.2,clear,large_ev,75,190,2400,unladen,25.4,2425.4,7.093,266.0
5788,18.97,arterial,39.0,5.2,34.0,0.248,27.6,clear,small_ev,24,140,1400,half_load,137.0,1537.0,3.655,192.6
5789,5.9,city,3.4,7.7,29.7,0.405,32.6,clear,small_ev,24,140,1400,unladen,21.0,1421.0,1.816,307.9
5790,32.43,highway,15.1,25.6,84.3,0.145,30.1,rain,mid_ev,40,160,1900,full_load,396.2,2296.2,19.483,600.8
5791,14.54,city,0.0,1.5,22.2,0.867,39.9,clear,large_ev,75,190,2400,full_load,533.8,2933.8,16.623,1142.9
5794,5.28,city,3.9,2.4,27.2,0.662,32.6,clear,small_ev,24,140,1400,half_load,123.0,1523.0,2.333,442.1
5796,116.55,highway,64.0,18.0,75.0,0.171,28.4,rain,small_ev,24,140,1400,half_load,163.0,1563.0,46.42,398.3
5798,17.39,arterial,47.7,12.9,39.4,0.486,33.9,rain,large_ev,75,190,2400,half_load,242.1,2642.1,9.118,524.5
5800,77.01,highway,5.8,10.5,77.1,0.066,26.6,heavy_rain,mid_ev,40,160,1900,full_load,387.2,2287.2,39.441,512.2
5801,66.91,highway,8.9,30.0,86.1,0.529,29.7,clear,large_ev,75,190,2400,full_load,549.3,2949.3,56.741,848.1
5802,39.94,highway,30.4,0.2,95.8,0.153,22.4,clear,large_ev,75,190,2400,unladen,34.8,2434.8,32.41,811.4
5803,16.02,arterial,22.4,59.8,40.4,0.195,30.2,clear,small_ev,24,140,1400,unladen,29.0,1429.0,2.904,181.3
5804,39.56,highway,77.2,6.0,92.7,0.073,42.0,clear,mid_ev,40,160,1900,half_load,260.1,2160.1,32.759,828.1
5805,79.85,highway,68.3,65.4,67.0,0.099,32.7,clear,mid_ev,40,160,1900,half_load,203.1,2103.1,30.414,380.9
5806,5.56,city,7.7,4.9,21.9,0.543,35.5,rain,large_ev,75,190,2400,half_load,260.0,2660.0,3.652,657.1
5807,16.46,arterial,13.1,26.3,32.1,0.389,33.8,clear,mid_ev,40,160,1900,full_load,425.7,2325.7,5.359,325.5
5808,5.73,city,13.5,16.8,24.6,0.326,28.7,clear,mid_ev,40,160,1900,full_load,425.3,2325.3,2.115,369.2
5809,6.25,city,8.4,3.0,21.2,0.861,33.8,clear,small_ev,24,140,1400,unladen,29.5,1429.5,3.07,491.2
5810,28.21,highway,9.3,16.3,86.5,0.029,35.7,clear,large_ev,75,190,2400,half_load,278.1,2678.1,20.646,732.0
5811,6.37,arterial,47.7,20.8,35.6,0.256,24.9,clear,mid_ev,40,160,1900,full_load,447.3,2347.3,1.824,286.2
5812,43.94,arterial,1.4,7.0,41.2,0.189,31.5,clear,large_ev,75,190,2400,half_load,294.4,2694.4,14.026,319.2
5814,1.0,city,4.2,2.2,17.7,0.399,26.5,clear,large_ev,75,190,2400,half_load,340.5,2740.5,0.532,532.1
5815,43.66,highway,10.4,16.2,96.5,0.167,29.2,clear,large_ev,75,190,2400,half_load,248.2,2648.2,38.69,886.2
5818,19.77,arterial,17.5,5.4,45.7,0.276,33.5,clear,small_ev,24,140,1400,unladen,23.0,1423.0,4.918,248.7
5819,83.69,highway,36.7,8.8,84.4,0.227,29.0,rain,small_ev,24,140,1400,half_load,164.0,1564.0,43.996,525.7
5820,49.65,arterial,105.5,7.4,40.0,0.269,27.4,clear,mid_ev,40,160,1900,unladen,7.6,1907.6,12.868,259.2
5821,41.72,arterial,4.5,5.8,39.0,0.27,34.5,clear,mid_ev,40,160,1900,half_load,234.2,2134.2,12.402,297.3
5822,33.28,highway,51.7,46.0,91.1,0.203,33.7,clear,small_ev,24,140,1400,unladen,28.1,1428.1,18.002,541.0
5824,5.61,city,8.8,0.4,20.0,0.413,33.4,clear,mid_ev,40,160,1900,full_load,437.4,2337.4,2.389,425.8
5825,9.93,arterial,4.1,8.5,38.0,0.745,28.2,clear,large_ev,75,190,2400,half_load,275.1,2675.1,5.438,547.7
5826,10.33,city,10.1,0.0,21.5,0.363,29.0,clear,large_ev,75,190,2400,half_load,256.8,2656.8,4.575,443.0
5828,148.82,highway,7.7,117.0,87.7,0.137,28.8,rain,mid_ev,40,160,1900,unladen,32.9,1932.9,90.76,609.9
5830,16.76,city,1.5,1.6,12.5,0.61,38.4,clear,large_ev,75,190,2400,full_load,593.5,2993.5,14.471,863.2
5831,13.86,city,2.5,3.6,10.5,0.352,27.3,clear,large_ev,75,190,2400,unladen,33.8,2433.8,5.059,365.1
5832,12.38,city,0.1,3.6,15.7,0.376,34.8,rain,mid_ev,40,160,1900,full_load,406.1,2306.1,5.505,444.5
5833,133.53,highway,61.7,2.1,80.8,0.096,28.8,clear,mid_ev,40,160,1900,full_load,440.2,2340.2,69.413,519.8
5835,31.48,arterial,23.5,2.2,41.7,0.312,36.0,heavy_rain,mid_ev,40,160,1900,unladen,28.8,1928.8,10.448,331.9
5837,10.34,city,1.3,3.8,21.1,0.545,36.5,clear,large_ev,75,190,2400,unladen,52.8,2452.8,6.271,606.2
5838,36.54,highway,8.2,88.6,66.5,0.283,20.0,clear,mid_ev,40,160,1900,unladen,37.0,1937.0,13.754,376.5
5839,8.06,city,8.1,7.2,25.7,0.281,34.0,clear,large_ev,75,190,2400,unladen,13.7,2413.7,2.945,365.5
5840,87.68,highway,13.2,50.0,91.1,0.017,24.9,clear,large_ev,75,190,2400,full_load,512.1,2912.1,61.752,704.3
5841,149.96,highway,12.2,161.4,75.7,0.209,28.8,clear,large_ev,75,190,2400,unladen,21.4,2421.4,84.642,564.4
5843,12.45,city,8.1,18.7,26.1,0.468,31.3,clear,large_ev,75,190,2400,unladen,58.9,2458.9,6.761,543.0
5845,18.32,arterial,15.1,3.8,39.1,0.512,36.3,clear,small_ev,24,140,1400,full_load,272.7,1672.7,5.872,320.6
5847,39.0,arterial,25.2,22.7,35.0,0.432,35.0,rain,small_ev,24,140,1400,full_load,263.2,1663.2,11.266,288.9
5848,141.37,highway,9.0,65.6,70.4,0.033,34.0,clear,small_ev,24,140,1400,half_load,156.0,1556.0,54.902,388.4
5849,145.08,highway,51.2,34.3,105.0,0.115,33.6,clear,mid_ev,40,160,1900,half_load,252.0,2152.0,128.39,885.0
5850,1.08,city,6.2,5.9,29.6,0.672,27.5,rain,mid_ev,40,160,1900,half_load,232.0,2132.0,0.628,582.8
5851,1.96,city,3.9,8.7,30.3,0.038,40.6,rain,mid_ev,40,160,1900,unladen,4.6,1904.6,0.316,161.4
5852,13.83,arterial,8.4,5.6,46.7,0.25,32.4,clear,small_ev,24,140,1400,full_load,285.8,1685.8,3.605,260.8
5854,28.84,arterial,1.0,7.8,37.2,0.219,29.5,clear,mid_ev,40,160,1900,full_load,429.4,2329.4,7.228,250.7
5855,14.85,highway,70.2,9.2,86.7,0.195,35.6,clear,mid_ev,40,160,1900,unladen,35.2,1935.2,9.159,616.9
5856,18.05,arterial,47.0,5.0,51.3,0.474,33.4,rain,small_ev,24,140,1400,half_load,131.4,1531.4,6.125,339.4
5858,14.01,city,5.0,15.3,13.9,0.787,35.1,clear,mid_ev,40,160,1900,unladen,1.4,1901.4,8.576,612.3
5859,9.11,arterial,8.1,4.3,48.2,0.338,37.4,clear,mid_ev,40,160,1900,unladen,33.7,1933.7,3.283,360.2
5860,3.03,city,1.7,12.3,21.4,0.775,28.9,clear,large_ev,75,190,2400,full_load,575.1,2975.1,2.873,948.0
5861,30.85,arterial,34.0,18.4,49.0,0.118,29.7,clear,small_ev,24,140,1400,full_load,271.7,1671.7,6.815,220.9
5863,18.32,arterial,14.2,39.6,50.8,0.6,31.7,clear,small_ev,24,140,1400,full_load,267.8,1667.8,7.355,401.6
5864,3.57,city,4.6,11.6,23.2,0.639,30.0,clear,mid_ev,40,160,1900,full_load,393.7,2293.7,2.286,641.3
5865,50.78,arterial,0.7,19.9,46.6,0.681,40.5,clear,small_ev,24,140,1400,full_load,261.3,1661.3,22.643,445.9
5866,42.7,arterial,46.7,27.2,50.0,0.204,31.4,clear,large_ev,75,190,2400,half_load,264.6,2664.6,17.035,399.0
5868,8.2,city,2.0,18.7,19.1,0.531,31.7,clear,mid_ev,40,160,1900,unladen,35.8,1935.8,3.798,463.0
5869,15.46,city,2.6,7.9,15.1,0.642,26.9,clear,large_ev,75,190,2400,full_load,576.0,2976.0,10.516,680.0
5870,76.39,highway,4.0,5.9,93.1,0.586,36.6,clear,large_ev,75,190,2400,half_load,318.1,2718.1,70.401,921.6
5871,45.07,highway,24.2,122.7,76.9,0.249,30.0,clear,large_ev,75,190,2400,half_load,340.6,2740.6,27.696,614.5
5872,3.44,city,1.4,11.1,32.1,0.925,29.9,clear,mid_ev,40,160,1900,full_load,449.7,2349.7,2.912,846.6
5873,2.57,city,6.9,6.1,19.8,0.776,30.5,clear,small_ev,24,140,1400,unladen,21.5,1421.5,1.153,448.1
5874,13.31,city,26.4,2.8,29.6,0.837,30.1,clear,large_ev,75,190,2400,full_load,560.2,2960.2,13.244,995.3
5875,35.65,highway,12.8,15.7,68.6,0.546,24.7,clear,small_ev,24,140,1400,unladen,21.9,1421.9,13.321,373.7
5877,3.15,city,0.3,7.2,24.1,0.535,31.6,clear,large_ev,75,190,2400,full_load,592.1,2992.1,2.182,692.7
5878,47.02,arterial,3.1,8.8,43.4,0.323,29.5,clear,small_ev,24,140,1400,unladen,15.0,1415.0,10.811,229.9
5879,9.01,city,10.8,1.6,16.5,0.355,26.7,clear,large_ev,75,190,2400,half_load,291.0,2691.0,3.888,431.5
5880,8.19,arterial,7.3,7.0,35.7,0.562,35.8,rain,small_ev,24,140,1400,unladen,9.6,1409.6,2.502,305.5
5882,27.12,arterial,10.1,3.6,51.9,0.158,25.6,clear,large_ev,75,190,2400,unladen,43.9,2443.9,9.718,358.3
5883,6.87,city,9.2,5.7,19.4,0.207,30.3,clear,large_ev,75,190,2400,unladen,41.0,2441.0,1.983,288.6
5884,2.34,city,3.4,5.8,18.1,0.244,32.5,rain,small_ev,24,140,1400,full_load,269.7,1669.7,0.517,220.5
5885,6.31,city,8.3,3.7,17.9,0.622,26.4,clear,small_ev,24,140,1400,full_load,263.2,1663.2,2.563,406.0
5886,18.28,arterial,1.4,32.7,36.3,0.134,29.3,clear,small_ev,24,140,1400,half_load,166.0,1566.0,3.125,170.9
5887,9.98,city,21.5,15.1,24.9,0.187,26.9,clear,small_ev,24,140,1400,full_load,298.5,1698.5,1.851,185.5
5888,50.89,highway,26.9,82.0,89.2,0.028,28.4,clear,mid_ev,40,160,1900,unladen,6.7,1906.7,29.785,585.3
5889,8.86,city,5.3,1.8,31.1,0.153,32.2,clear,mid_ev,40,160,1900,unladen,0.6,1900.6,2.026,228.8
5890,22.8,city,32.6,9.1,29.6,0.214,33.7,clear,mid_ev,40,160,1900,unladen,22.6,1922.6,6.34,278.0
5891,30.05,highway,66.3,0.4,79.5,0.118,20.4,clear,small_ev,24,140,1400,half_load,171.7,1571.7,13.056,434.5
5892,34.41,arterial,5.0,3.9,51.8,0.19,32.9,clear,small_ev,24,140,1400,unladen,22.2,1422.2,8.664,251.8
5893,70.39,highway,57.8,42.6,87.0,0.003,35.5,rain,large_ev,75,190,2400,full_load,556.6,2956.6,52.275,742.7
5894,127.91,highway,5.0,4.5,84.0,0.219,30.8,clear,small_ev,24,140,1400,half_load,178.9,1578.9,59.852,467.9
5895,16.51,arterial,43.5,6.0,51.9,0.159,34.2,rain,small_ev,24,140,1400,unladen,1.0,1401.0,4.324,261.9
5896,4.54,city,0.9,19.8,19.6,0.478,33.3,clear,large_ev,75,190,2400,half_load,260.7,2660.7,2.457,541.7
5897,23.88,city,9.0,10.1,16.4,0.164,30.0,clear,small_ev,24,140,1400,half_load,144.1,1544.1,3.628,152.0
5898,1.83,city,3.3,1.1,13.7,0.071,22.5,clear,small_ev,24,140,1400,half_load,176.7,1576.7,0.162,88.4
5899,45.93,highway,111.3,45.7,84.1,0.426,23.6,clear,small_ev,24,140,1400,half_load,146.4,1546.4,23.246,506.1
5900,22.79,arterial,26.8,7.9,40.5,0.207,29.0,clear,large_ev,75,190,2400,full_load,573.0,2973.0,8.071,354.1
5901,67.45,highway,9.0,28.7,89.4,0.059,30.5,clear,small_ev,24,140,1400,half_load,172.6,1572.6,33.449,495.9
5902,3.82,city,28.5,1.0,21.5,0.708,32.3,clear,small_ev,24,140,1400,unladen,3.6,1403.6,1.722,451.2
5903,52.8,highway,2.9,13.0,76.6,0.163,37.1,clear,mid_ev,40,160,1900,full_load,414.9,2314.9,27.787,526.3
5904,17.87,arterial,2.7,3.1,46.7,0.601,32.4,clear,large_ev,75,190,2400,half_load,306.3,2706.3,9.74,544.9
5905,25.82,arterial,16.2,34.4,30.0,0.381,27.5,clear,large_ev,75,190,2400,half_load,275.2,2675.2,8.411,325.8
5906,10.82,arterial,23.5,8.6,43.2,0.201,29.7,clear,large_ev,75,190,2400,unladen,8.3,2408.3,3.384,312.6
5907,97.47,highway,39.2,56.0,78.4,0.293,33.2,clear,small_ev,24,140,1400,full_load,271.7,1671.7,46.338,475.4
5908,4.62,city,18.0,8.0,15.7,0.231,30.7,rain,large_ev,75,190,2400,unladen,25.1,2425.1,1.454,314.4
5909,6.4,city,9.3,5.2,21.7,0.679,42.0,rain,mid_ev,40,160,1900,full_load,440.7,2340.7,5.244,818.9
5910,2.36,city,3.5,15.3,19.3,0.408,34.2,clear,mid_ev,40,160,1900,full_load,416.3,2316.3,1.022,432.6
5912,5.86,arterial,1.4,56.0,37.6,0.374,38.0,rain,small_ev,24,140,1400,unladen,4.2,1404.2,1.477,251.9
5913,109.97,highway,62.4,62.9,88.2,0.05,29.3,clear,small_ev,24,140,1400,half_load,127.0,1527.0,54.53,495.9
5916,13.02,city,11.6,3.5,21.1,0.682,32.1,clear,mid_ev,40,160,1900,unladen,41.3,1941.3,7.23,555.3
5917,97.39,highway,66.7,47.4,88.4,0.037,29.5,clear,large_ev,75,190,2400,half_load,333.2,2733.2,66.04,678.1
5918,10.42,city,9.4,0.3,20.0,0.678,42.0,clear,mid_ev,40,160,1900,unladen,21.2,1921.2,6.666,639.5
5920,28.07,arterial,55.6,2.0,44.2,0.445,33.9,rain,large_ev,75,190,2400,half_load,357.8,2757.8,14.683,523.2
5921,1.07,city,10.0,10.1,17.0,0.245,40.9,clear,large_ev,75,190,2400,full_load,551.2,2951.2,0.504,472.8
5922,73.02,highway,9.1,91.0,93.0,0.202,21.7,clear,large_ev,75,190,2400,unladen,16.0,2416.0,57.065,781.5
5923,7.92,city,1.3,21.6,20.4,0.503,23.6,clear,mid_ev,40,160,1900,unladen,11.9,1911.9,3.01,380.0
5926,3.69,city,1.9,2.6,18.0,0.411,29.1,rain,mid_ev,40,160,1900,half_load,263.2,2163.2,1.523,412.4
5927,6.97,city,1.9,0.2,10.4,0.394,30.5,clear,mid_ev,40,160,1900,half_load,207.0,2107.0,2.541,364.7
5930,36.21,highway,54.5,117.2,99.8,0.201,29.9,rain,small_ev,24,140,1400,half_load,121.3,1521.3,24.581,678.8
5931,102.04,highway,24.9,55.3,97.9,0.513,28.9,clear,small_ev,24,140,1400,unladen,4.4,1404.4,64.979,636.8
5932,7.98,arterial,14.7,69.9,43.3,0.573,32.5,clear,large_ev,75,190,2400,half_load,264.8,2664.8,4.504,564.1
5933,44.98,arterial,1.6,5.0,47.7,0.241,31.7,clear,small_ev,24,140,1400,unladen,10.1,1410.1,11.02,245.0
5934,23.48,arterial,54.0,17.0,45.1,0.481,26.6,clear,small_ev,24,140,1400,half_load,143.2,1543.2,6.958,296.4
5936,21.05,arterial,10.3,18.8,46.9,0.659,25.3,clear,mid_ev,40,160,1900,unladen,13.5,1913.5,9.042,429.5
5937,39.53,arterial,48.7,6.9,57.0,0.291,40.5,clear,large_ev,75,190,2400,unladen,59.5,2459.5,22.196,561.4
5938,68.41,highway,0.4,29.0,59.3,0.157,28.0,clear,large_ev,75,190,2400,half_load,315.7,2715.7,27.541,402.6
5939,27.34,arterial,41.6,31.9,57.0,0.482,33.6,clear,small_ev,24,140,1400,half_load,159.2,1559.2,11.011,402.7
5940,68.5,highway,16.8,12.6,90.9,0.049,33.0,rain,small_ev,24,140,1400,half_load,130.9,1530.9,37.557,548.3
5942,7.12,city,10.6,4.1,24.6,0.745,24.4,clear,mid_ev,40,160,1900,half_load,232.8,2132.8,4.557,640.0
5943,1.11,city,1.4,7.9,16.4,0.404,29.7,clear,large_ev,75,190,2400,full_load,587.4,2987.4,0.517,466.4
5944,24.45,city,19.8,4.6,20.3,0.569,34.3,clear,large_ev,75,190,2400,unladen,48.2,2448.2,15.17,620.5
5945,7.7,city,13.4,21.1,25.2,0.856,38.3,clear,small_ev,24,140,1400,unladen,18.8,1418.8,4.242,550.9
5946,24.65,arterial,41.9,16.0,47.4,0.533,30.1,clear,mid_ev,40,160,1900,half_load,212.9,2112.9,10.389,421.4
5947,67.44,highway,0.1,32.8,85.8,0.347,30.2,heavy_rain,large_ev,75,190,2400,half_load,320.8,2720.8,55.984,830.1
5949,7.66,city,31.1,7.0,19.5,0.609,21.6,clear,mid_ev,40,160,1900,full_load,417.8,2317.8,4.128,539.0
5950,3.47,arterial,34.2,6.5,39.0,0.376,27.0,clear,mid_ev,40,160,1900,unladen,31.1,1931.1,1.163,335.1
5951,34.62,arterial,19.3,3.7,41.4,0.418,27.7,clear,mid_ev,40,160,1900,unladen,23.9,1923.9,10.767,311.0
5953,137.9,highway,3.8,45.3,75.5,0.09,29.8,clear,mid_ev,40,160,1900,full_load,410.7,2310.7,63.64,461.5
5955,17.17,arterial,14.6,51.2,43.8,0.599,34.9,clear,mid_ev,40,160,1900,full_load,401.4,2301.4,8.347,486.2
5956,31.16,arterial,44.2,22.1,48.4,0.705,31.9,rain,large_ev,75,190,2400,full_load,532.8,2932.8,22.616,725.8
5957,79.1,highway,86.6,8.9,86.0,0.133,30.0,clear,small_ev,24,140,1400,unladen,23.1,1423.1,38.97,492.7
5958,7.8,city,4.3,4.1,25.8,0.916,24.1,clear,large_ev,75,190,2400,unladen,32.9,2432.9,5.882,753.9
5959,22.57,highway,43.2,98.5,78.6,0.142,35.2,clear,large_ev,75,190,2400,half_load,311.3,2711.3,14.354,635.9
5960,10.26,city,27.8,18.2,23.5,0.09,35.1,heavy_rain,large_ev,75,190,2400,unladen,5.0,2405.0,2.391,233.1
5961,15.88,arterial,43.9,12.5,39.1,0.364,33.9,clear,small_ev,24,140,1400,unladen,4.1,1404.1,3.794,239.0
5963,13.55,arterial,1.4,0.6,39.3,0.371,20.6,clear,mid_ev,40,160,1900,unladen,41.2,1941.2,3.729,275.3
5964,6.32,city,2.1,1.9,23.6,0.59,24.4,clear,large_ev,75,190,2400,full_load,561.2,2961.2,4.457,704.8
5965,18.15,arterial,18.9,37.4,47.6,0.163,36.8,clear,small_ev,24,140,1400,full_load,270.0,1670.0,4.921,271.1
5966,2.29,city,16.6,8.5,16.1,0.676,30.7,clear,mid_ev,40,160,1900,unladen,0.9,1900.9,1.208,526.8
5967,9.52,city,0.4,9.4,14.1,0.448,36.4,rain,mid_ev,40,160,1900,full_load,441.6,2341.6,4.556,478.5
5968,9.2,city,2.4,0.4,23.0,0.786,40.2,clear,mid_ev,40,160,1900,full_load,413.1,2313.1,7.662,832.8
5970,12.28,city,1.4,2.5,36.5,0.769,36.0,clear,mid_ev,40,160,1900,unladen,44.0,1944.0,8.608,700.7
5971,22.91,city,0.1,3.7,20.1,0.502,39.2,clear,mid_ev,40,160,1900,full_load,426.2,2326.2,13.048,569.4
5972,9.79,arterial,26.5,17.8,41.9,0.216,27.9,clear,small_ev,24,140,1400,unladen,22.2,1422.2,1.911,195.3
5974,73.03,highway,71.0,16.2,81.9,0.129,31.8,rain,large_ev,75,190,2400,full_load,589.8,2989.8,48.222,660.3
5975,1.19,city,10.0,1.4,25.9,0.564,23.1,rain,small_ev,24,140,1400,full_load,257.0,1657.0,0.543,458.2
5978,66.2,highway,1.9,155.7,83.5,0.261,21.3,clear,small_ev,24,140,1400,full_load,280.8,1680.8,29.483,445.4
5979,106.84,highway,15.1,66.1,66.8,0.598,35.9,clear,large_ev,75,190,2400,full_load,587.8,2987.8,66.418,621.7
5980,34.95,arterial,5.2,22.6,47.1,0.297,33.0,clear,large_ev,75,190,2400,full_load,534.3,2934.3,15.457,442.3
5981,11.32,city,5.0,3.4,23.7,0.699,35.2,clear,small_ev,24,140,1400,unladen,28.6,1428.6,4.965,438.8
5982,42.2,arterial,41.5,23.6,38.9,0.584,32.6,heavy_rain,large_ev,75,190,2400,half_load,249.7,2649.7,21.541,510.5
5983,54.97,highway,12.1,1.0,87.9,0.491,37.0,rain,large_ev,75,190,2400,unladen,12.9,2412.9,48.459,881.5
5984,5.01,city,3.5,2.3,19.0,0.486,33.3,clear,small_ev,24,140,1400,full_load,263.3,1663.3,1.802,359.4
5985,66.27,highway,22.3,50.3,88.2,0.034,34.1,clear,large_ev,75,190,2400,half_load,312.1,2712.1,47.624,718.6
5986,8.32,arterial,30.8,25.3,61.7,0.416,37.8,clear,small_ev,24,140,1400,half_load,174.9,1574.9,3.824,459.6
5988,3.9,arterial,10.4,13.9,40.3,0.17,29.4,clear,mid_ev,40,160,1900,full_load,444.2,2344.2,0.909,233.3
5989,8.31,city,18.7,2.8,33.1,0.191,30.4,clear,large_ev,75,190,2400,unladen,58.3,2458.3,2.699,324.6
5990,7.4,city,6.6,2.2,16.4,0.799,22.8,clear,large_ev,75,190,2400,half_load,310.7,2710.7,5.857,791.6
5991,1.0,city,4.6,2.8,19.3,0.603,33.1,rain,mid_ev,40,160,1900,half_load,262.4,2162.4,0.607,607.4
5993,45.9,highway,5.7,6.6,78.6,0.145,36.5,clear,small_ev,24,140,1400,half_load,122.9,1522.9,21.479,468.0
5996,112.4,highway,22.2,15.6,83.3,0.119,33.7,clear,large_ev,75,190,2400,full_load,590.6,2990.6,80.034,712.0
5997,43.87,highway,28.9,26.3,78.2,0.288,22.9,clear,large_ev,75,190,2400,full_load,587.2,2987.2,27.721,631.9
5998,18.19,arterial,3.7,16.4,47.6,0.71,30.7,clear,small_ev,24,140,1400,unladen,17.0,1417.0,6.712,368.9
6000,9.57,city,2.4,19.4,15.7,0.825,36.1,clear,small_ev,24,140,1400,unladen,6.5,1406.5,4.681,489.1
6001,2.39,city,17.9,3.6,20.3,0.749,34.1,clear,large_ev,75,190,2400,half_load,277.9,2677.9,2.114,882.9
6002,8.88,arterial,15.8,32.0,38.2,0.795,25.7,rain,mid_ev,40,160,1900,half_load,180.4,2080.4,4.162,468.7
6003,8.06,arterial,20.7,9.1,55.4,0.561,25.8,clear,small_ev,24,140,1400,half_load,156.0,1556.0,2.964,367.9
6004,13.16,arterial,1.1,9.2,39.7,0.146,37.6,clear,small_ev,24,140,1400,unladen,29.9,1429.9,2.513,191.0
6005,11.25,arterial,7.7,1.5,34.6,0.217,32.5,clear,large_ev,75,190,2400,half_load,266.8,2666.8,3.186,283.3
6006,88.13,highway,8.4,18.5,88.7,0.191,30.4,clear,small_ev,24,140,1400,half_load,152.5,1552.5,49.58,562.6
6007,16.4,city,2.6,3.8,19.3,0.652,31.3,clear,mid_ev,40,160,1900,unladen,1.9,1901.9,8.392,511.7
6008,42.87,highway,28.6,6.9,94.9,0.325,21.0,heavy_rain,large_ev,75,190,2400,full_load,555.1,2955.1,40.167,936.9
6009,16.14,highway,63.1,22.6,80.1,0.174,32.5,clear,mid_ev,40,160,1900,full_load,397.6,2297.6,8.905,551.8
6010,2.49,arterial,9.6,1.1,48.6,0.545,42.0,heavy_rain,small_ev,24,140,1400,half_load,179.4,1579.4,1.156,464.9
6011,11.92,arterial,2.4,6.7,34.5,0.898,30.7,clear,large_ev,75,190,2400,unladen,16.5,2416.5,6.6,553.7
6012,16.89,arterial,16.7,5.6,44.3,0.351,29.6,clear,small_ev,24,140,1400,unladen,11.5,1411.5,4.051,239.8
6014,30.68,arterial,2.0,0.1,50.4,0.162,25.7,clear,mid_ev,40,160,1900,half_load,267.4,2167.4,8.849,288.4
6015,4.94,city,0.3,6.7,25.8,0.837,39.1,clear,mid_ev,40,160,1900,full_load,389.4,2289.4,4.423,895.9
6018,9.04,arterial,34.1,9.3,50.9,0.11,28.4,clear,large_ev,75,190,2400,half_load,315.1,2715.1,3.332,368.7
6019,3.0,city,10.5,5.8,26.2,0.556,28.1,clear,mid_ev,40,160,1900,unladen,41.4,1941.4,1.388,462.0
6020,61.93,highway,56.5,17.5,83.7,0.32,21.9,clear,mid_ev,40,160,1900,half_load,223.1,2123.1,36.049,582.1
6021,50.23,highway,1.6,29.7,84.4,0.17,38.1,rain,mid_ev,40,160,1900,full_load,445.6,2345.6,34.016,677.3
6023,9.38,city,61.4,6.1,29.7,0.85,24.5,rain,large_ev,75,190,2400,full_load,567.3,2967.3,9.829,1047.5
6024,2.78,city,5.7,6.3,21.4,0.791,30.3,clear,large_ev,75,190,2400,unladen,49.6,2449.6,2.18,784.0
6025,4.88,city,25.1,3.4,33.2,0.676,30.1,rain,mid_ev,40,160,1900,full_load,431.6,2331.6,3.519,721.3
6026,1.34,city,3.3,3.6,33.6,0.674,26.3,rain,small_ev,24,140,1400,half_load,124.1,1524.1,0.639,478.3
6027,13.03,city,3.1,7.4,27.3,0.497,21.3,clear,small_ev,24,140,1400,unladen,23.8,1423.8,3.954,303.5
6028,54.76,highway,44.9,49.4,99.5,0.065,24.2,rain,mid_ev,40,160,1900,unladen,29.5,1929.5,39.397,719.4
6029,6.61,city,1.8,6.2,14.3,0.763,28.3,clear,mid_ev,40,160,1900,unladen,6.4,1906.4,3.444,520.9
6030,96.49,highway,136.0,66.4,89.7,0.044,28.5,clear,small_ev,24,140,1400,full_load,276.7,1676.7,51.304,531.7
6032,56.68,highway,64.8,29.5,76.4,0.202,30.6,clear,large_ev,75,190,2400,full_load,585.1,2985.1,33.97,599.3
6033,18.59,highway,15.1,39.9,96.1,0.097,32.0,clear,small_ev,24,140,1400,half_load,161.5,1561.5,11.922,641.2
6034,11.0,arterial,23.2,3.6,38.6,0.661,31.7,clear,mid_ev,40,160,1900,full_load,427.4,2327.4,5.201,472.9
6035,63.14,highway,49.5,30.4,102.9,0.074,26.8,clear,large_ev,75,190,2400,unladen,10.2,2410.2,57.397,909.1
6036,9.96,city,5.3,5.3,21.8,0.512,33.3,rain,mid_ev,40,160,1900,full_load,397.1,2297.1,5.254,527.3
6037,88.52,highway,26.1,35.8,95.0,0.266,34.4,clear,mid_ev,40,160,1900,full_load,423.4,2323.4,67.447,762.0
6038,145.93,highway,9.8,5.4,91.3,0.044,34.7,clear,large_ev,75,190,2400,half_load,345.8,2745.8,120.062,822.7
6039,88.2,highway,99.6,11.1,71.7,0.158,26.4,clear,mid_ev,40,160,1900,unladen,4.6,1904.6,37.035,419.9
6040,53.68,highway,4.4,50.6,86.2,0.076,30.4,rain,small_ev,24,140,1400,unladen,6.8,1406.8,27.909,519.9
6041,9.01,city,10.8,17.7,22.3,0.734,27.3,clear,small_ev,24,140,1400,full_load,273.7,1673.7,4.495,498.8
6043,122.34,highway,3.5,43.4,77.3,0.165,28.5,clear,mid_ev,40,160,1900,full_load,395.3,2295.3,59.878,489.4
6044,5.64,city,5.1,1.2,20.4,0.314,42.0,clear,mid_ev,40,160,1900,full_load,386.1,2286.1,2.362,418.7
6045,21.59,highway,25.2,9.6,71.4,0.337,21.6,clear,mid_ev,40,160,1900,full_load,392.8,2292.8,9.914,459.2
6047,23.83,arterial,3.6,2.7,38.9,0.041,33.6,clear,small_ev,24,140,1400,unladen,27.0,1427.0,3.364,141.2
6048,15.43,city,2.1,10.3,22.4,0.506,40.0,clear,mid_ev,40,160,1900,full_load,386.5,2286.5,8.946,580.0
6049,4.99,city,3.8,9.8,24.6,0.785,26.9,heavy_rain,mid_ev,40,160,1900,full_load,446.9,2346.9,3.879,777.1
6050,14.17,arterial,42.4,9.3,43.4,0.49,31.3,clear,small_ev,24,140,1400,unladen,9.1,1409.1,3.863,272.7
6051,17.59,arterial,14.8,8.5,60.6,0.48,28.8,clear,mid_ev,40,160,1900,unladen,29.7,1929.7,8.333,473.9
6053,80.96,highway,110.7,13.7,94.5,0.046,34.4,clear,small_ev,24,140,1400,half_load,155.7,1555.7,49.758,614.6
6054,19.31,city,1.2,6.6,23.0,0.529,30.4,clear,small_ev,24,140,1400,half_load,149.6,1549.6,6.867,355.7
6055,17.08,arterial,5.9,12.1,40.5,0.47,40.9,clear,small_ev,24,140,1400,unladen,14.8,1414.8,5.108,299.0
6056,3.42,city,6.7,24.6,16.4,0.207,37.4,clear,mid_ev,40,160,1900,full_load,444.6,2344.6,0.945,276.4
6057,15.28,city,0.6,1.3,9.5,0.499,33.5,clear,mid_ev,40,160,1900,full_load,406.5,2306.5,7.659,501.1
6058,43.12,arterial,5.2,3.8,45.9,0.42,32.9,clear,small_ev,24,140,1400,unladen,10.6,1410.6,11.461,265.8
6059,28.61,city,33.2,23.4,27.2,0.463,42.0,clear,small_ev,24,140,1400,half_load,128.3,1528.3,11.22,392.2
6061,33.1,arterial,75.3,12.3,51.0,0.618,34.3,clear,mid_ev,40,160,1900,unladen,2.7,1902.7,15.912,480.7
6062,78.41,highway,22.5,23.4,96.8,0.577,30.1,clear,large_ev,75,190,2400,unladen,31.6,2431.6,71.778,915.5
6064,152.27,highway,1.4,74.8,72.0,0.201,34.9,clear,small_ev,24,140,1400,unladen,17.3,1417.3,61.347,402.9
6065,105.95,highway,1.7,21.0,63.3,0.501,26.6,heavy_rain,small_ev,24,140,1400,full_load,273.9,1673.9,37.936,358.1
6066,14.34,city,1.8,14.8,18.5,0.377,34.5,clear,small_ev,24,140,1400,full_load,262.1,1662.1,4.296,299.5
6067,3.91,city,17.4,12.2,22.0,0.348,30.7,clear,mid_ev,40,160,1900,full_load,445.0,2345.0,1.542,394.3
6068,6.21,city,0.2,2.0,24.7,0.613,36.5,clear,small_ev,24,140,1400,full_load,282.0,1682.0,2.798,450.9
6069,64.84,highway,2.2,12.5,84.4,0.179,27.7,clear,small_ev,24,140,1400,full_load,297.2,1697.2,30.226,466.1
6070,1.01,city,3.3,1.0,27.3,0.325,31.0,clear,large_ev,75,190,2400,half_load,337.7,2737.7,0.469,465.5
6071,18.6,arterial,56.5,10.6,55.2,0.45,35.0,rain,mid_ev,40,160,1900,full_load,405.5,2305.5,9.804,527.0
6072,17.45,city,5.2,7.4,29.2,0.54,32.1,clear,mid_ev,40,160,1900,full_load,430.7,2330.7,9.722,557.0
6073,69.57,highway,62.1,5.6,63.5,0.017,38.4,rain,small_ev,24,140,1400,half_load,128.0,1528.0,24.039,345.5
6074,29.03,arterial,9.6,10.5,46.9,0.134,27.2,clear,large_ev,75,190,2400,half_load,338.3,2738.3,9.394,323.6
6075,8.86,arterial,50.9,4.1,45.1,0.565,33.3,rain,small_ev,24,140,1400,half_load,138.9,1538.9,3.294,371.6
6076,28.62,arterial,18.4,24.4,46.7,0.117,22.2,clear,large_ev,75,190,2400,half_load,255.1,2655.1,8.638,301.8
6077,60.76,highway,142.4,19.2,79.9,0.056,30.8,clear,small_ev,24,140,1400,half_load,152.9,1552.9,26.38,434.1
6078,4.01,city,22.8,0.4,33.5,0.635,26.6,clear,mid_ev,40,160,1900,unladen,23.8,1923.8,2.037,508.1
6079,11.47,city,50.1,3.5,20.1,0.411,33.7,clear,mid_ev,40,160,1900,half_load,205.1,2105.1,4.603,401.3
6080,6.96,arterial,8.8,29.8,39.3,0.698,30.6,clear,mid_ev,40,160,1900,full_load,418.9,2318.9,3.161,454.5
6081,8.91,city,2.4,0.9,21.7,0.737,37.2,clear,small_ev,24,140,1400,full_load,273.2,1673.2,4.944,554.7
6082,30.54,highway,10.0,25.5,74.4,0.016,21.3,rain,mid_ev,40,160,1900,full_load,398.2,2298.2,13.917,455.7
6084,9.58,arterial,1.2,0.6,34.2,0.334,33.8,rain,mid_ev,40,160,1900,full_load,394.3,2294.3,3.188,332.6
6085,5.76,arterial,53.6,8.5,47.4,0.263,35.6,clear,large_ev,75,190,2400,half_load,315.2,2715.2,2.63,456.4
6086,18.31,arterial,0.9,1.1,41.0,0.315,33.3,heavy_rain,large_ev,75,190,2400,full_load,572.5,2972.5,8.358,456.5
6087,57.9,arterial,23.2,1.7,36.8,0.134,28.2,heavy_rain,small_ev,24,140,1400,unladen,16.5,1416.5,9.715,167.8
6089,1.1,city,0.4,16.6,18.4,0.81,34.8,clear,mid_ev,40,160,1900,full_load,423.3,2323.3,0.835,757.5
6090,30.31,city,9.5,6.2,19.1,0.509,36.9,clear,large_ev,75,190,2400,half_load,270.7,2670.7,18.11,597.5
6091,6.27,arterial,12.0,11.7,57.0,0.501,31.8,clear,small_ev,24,140,1400,full_load,276.7,1676.7,2.571,409.8
6092,63.56,highway,53.8,3.3,64.1,0.04,38.3,clear,large_ev,75,190,2400,half_load,298.5,2698.5,28.524,448.8
6094,45.02,highway,21.9,60.1,74.2,0.033,24.5,clear,small_ev,24,140,1400,full_load,275.0,1675.0,16.638,369.6
6095,15.95,arterial,5.1,0.1,50.0,0.06,32.5,rain,small_ev,24,140,1400,unladen,20.8,1420.8,3.688,231.2
6096,17.55,arterial,43.3,6.8,48.4,0.428,40.3,clear,small_ev,24,140,1400,half_load,147.5,1547.5,6.283,358.1
6098,1.66,city,1.5,12.7,25.0,0.317,32.2,clear,large_ev,75,190,2400,unladen,42.0,2442.0,0.616,371.4
6099,55.15,highway,28.8,4.4,86.1,0.05,30.8,heavy_rain,mid_ev,40,160,1900,half_load,268.5,2168.5,33.334,604.4
6100,48.26,highway,46.4,4.0,81.7,0.318,26.1,heavy_rain,small_ev,24,140,1400,half_load,123.9,1523.9,25.697,532.4
6101,30.54,arterial,3.8,19.8,45.2,0.127,20.0,clear,large_ev,75,190,2400,half_load,279.6,2679.6,8.632,282.6
6103,8.57,city,3.0,1.6,20.5,0.544,32.7,clear,large_ev,75,190,2400,half_load,313.0,2713.0,5.317,620.2
6104,15.73,arterial,1.2,1.7,49.2,0.213,32.7,rain,mid_ev,40,160,1900,full_load,433.7,2333.7,5.373,341.7
6105,1.53,city,0.2,18.0,14.1,0.492,33.7,clear,large_ev,75,190,2400,half_load,277.4,2677.4,0.882,578.2
6106,1.0,city,5.9,9.8,17.1,0.786,26.8,rain,large_ev,75,190,2400,full_load,531.7,2931.7,0.889,889.4
6107,39.29,highway,5.9,4.5,80.4,0.272,29.6,clear,mid_ev,40,160,1900,half_load,193.2,2093.2,21.104,537.2
6108,75.81,highway,20.3,27.0,84.8,0.078,26.6,clear,mid_ev,40,160,1900,half_load,207.6,2107.6,41.22,543.8
6111,25.73,arterial,23.0,34.8,59.3,0.376,22.5,clear,large_ev,75,190,2400,half_load,347.2,2747.2,13.982,543.4
6113,170.93,highway,56.1,16.6,71.1,0.278,29.9,clear,large_ev,75,190,2400,unladen,34.3,2434.3,88.136,515.6
6114,4.47,city,0.5,4.7,20.6,0.135,37.3,clear,large_ev,75,190,2400,full_load,513.3,2913.3,1.278,285.9
6115,102.71,highway,21.0,6.1,81.8,0.417,24.1,clear,large_ev,75,190,2400,half_load,262.3,2662.3,67.415,656.4
6119,81.67,highway,17.4,14.0,76.3,0.174,33.7,clear,mid_ev,40,160,1900,half_load,259.3,2159.3,42.883,525.1
6120,23.56,arterial,47.2,5.1,44.0,0.348,34.3,clear,small_ev,24,140,1400,half_load,140.9,1540.9,6.166,261.7
6121,28.06,city,16.8,3.9,24.2,0.921,42.0,clear,large_ev,75,190,2400,half_load,328.5,2728.5,33.849,1206.4
6122,35.03,arterial,2.6,15.1,44.6,0.698,28.3,clear,mid_ev,40,160,1900,half_load,187.3,2087.3,15.281,436.3
6125,6.72,city,2.6,0.9,26.4,0.255,26.8,clear,mid_ev,40,160,1900,unladen,33.0,1933.0,1.907,283.8
6126,91.04,highway,0.9,28.1,94.3,0.253,30.4,rain,mid_ev,40,160,1900,unladen,4.1,1904.1,63.744,700.2
6127,98.62,highway,35.0,98.8,90.2,0.211,27.9,clear,large_ev,75,190,2400,full_load,568.4,2968.4,73.761,748.0
6128,41.5,arterial,34.5,5.8,40.3,0.259,24.6,clear,mid_ev,40,160,1900,unladen,1.0,1901.0,9.788,235.9
6129,13.29,city,2.2,10.5,12.6,0.426,30.0,clear,large_ev,75,190,2400,half_load,341.0,2741.0,6.662,501.4
6130,1.87,city,5.6,2.1,10.0,0.862,32.0,clear,small_ev,24,140,1400,half_load,128.5,1528.5,1.023,546.1
6132,8.79,city,1.4,4.4,29.2,0.495,28.6,rain,small_ev,24,140,1400,unladen,24.5,1424.5,3.009,342.4
6134,17.0,arterial,11.7,6.6,49.1,0.546,35.7,clear,large_ev,75,190,2400,full_load,596.7,2996.7,11.057,650.4
6135,58.04,highway,0.9,48.6,73.8,0.251,23.5,clear,large_ev,75,190,2400,unladen,9.8,2409.8,29.939,515.9
6136,14.59,arterial,32.8,77.7,58.4,0.225,37.6,clear,small_ev,24,140,1400,half_load,143.1,1543.1,4.991,342.2
6137,8.0,city,7.3,12.7,24.9,0.51,36.4,clear,mid_ev,40,160,1900,half_load,214.4,2114.4,4.204,525.4
6138,91.86,highway,63.3,28.7,93.6,0.255,20.7,clear,large_ev,75,190,2400,full_load,563.3,2963.3,74.083,806.5
6139,5.51,city,8.5,0.6,31.5,0.715,33.8,clear,mid_ev,40,160,1900,half_load,254.3,2154.3,3.846,698.3
6141,15.35,arterial,3.4,70.0,50.0,0.341,30.6,clear,small_ev,24,140,1400,half_load,139.4,1539.4,4.455,290.3
6142,50.77,highway,65.3,48.5,89.7,0.22,20.0,clear,small_ev,24,140,1400,unladen,10.3,1410.3,26.012,512.4
6143,9.1,arterial,12.0,0.4,43.3,0.485,42.0,clear,small_ev,24,140,1400,unladen,13.3,1413.3,3.098,340.5
6144,23.14,arterial,1.1,30.6,36.6,0.171,30.5,heavy_rain,mid_ev,40,160,1900,unladen,30.7,1930.7,4.824,208.5
6145,114.54,highway,45.8,106.5,103.9,0.194,35.2,clear,large_ev,75,190,2400,full_load,545.7,2945.7,119.337,1041.9
6146,34.32,highway,99.6,24.4,92.9,0.288,25.0,clear,large_ev,75,190,2400,full_load,510.8,2910.8,30.51,889.1
6147,111.58,highway,167.9,17.8,71.2,0.357,21.9,clear,mid_ev,40,160,1900,half_load,269.4,2169.4,49.676,445.2
6148,2.8,city,3.0,0.5,11.4,0.488,29.3,clear,mid_ev,40,160,1900,half_load,207.8,2107.8,1.229,439.0
6149,2.64,city,5.7,0.0,25.5,0.682,31.1,rain,large_ev,75,190,2400,full_load,569.3,2969.3,2.35,891.7
6150,112.25,highway,6.6,18.4,71.8,0.097,22.0,heavy_rain,mid_ev,40,160,1900,unladen,5.1,1905.1,48.175,429.2
6151,10.15,city,8.4,12.0,24.5,0.791,32.1,clear,small_ev,24,140,1400,full_load,297.5,1697.5,5.662,557.8
6152,42.55,highway,2.5,34.0,83.9,0.197,25.6,clear,small_ev,24,140,1400,full_load,293.3,1693.3,19.673,462.3
6153,18.41,arterial,13.5,8.9,53.6,0.3,40.3,heavy_rain,small_ev,24,140,1400,full_load,278.5,1678.5,7.351,399.2
6155,56.09,highway,8.3,34.0,78.5,0.107,34.6,clear,large_ev,75,190,2400,half_load,249.5,2649.5,34.54,615.8
6156,4.75,city,15.4,0.9,29.0,0.299,35.7,clear,large_ev,75,190,2400,full_load,539.5,2939.5,2.359,496.3
6157,107.86,highway,67.0,35.8,84.9,0.471,30.5,clear,mid_ev,40,160,1900,half_load,234.6,2134.6,70.643,655.0
6158,31.49,arterial,1.2,54.2,24.0,0.014,40.3,clear,mid_ev,40,160,1900,unladen,29.6,1929.6,3.698,117.4
6159,4.4,city,19.3,5.1,19.4,0.58,37.2,rain,mid_ev,40,160,1900,full_load,402.1,2302.1,2.857,649.5
6161,6.12,arterial,5.5,2.7,52.9,0.267,35.6,clear,large_ev,75,190,2400,unladen,4.5,2404.5,2.665,435.2
6163,19.05,arterial,14.8,0.2,54.5,0.727,28.3,rain,small_ev,24,140,1400,half_load,127.0,1527.0,8.288,435.1
6164,5.3,city,0.4,1.1,14.3,0.669,42.0,clear,small_ev,24,140,1400,unladen,17.5,1417.5,2.374,448.2
6165,1.0,city,7.5,4.3,22.6,0.718,26.6,rain,small_ev,24,140,1400,half_load,147.2,1547.2,0.44,439.7
6166,18.68,city,20.6,18.5,17.1,0.704,33.9,clear,small_ev,24,140,1400,full_load,295.2,1695.2,8.687,465.1
6167,20.92,arterial,10.3,10.0,39.1,0.408,33.8,clear,mid_ev,40,160,1900,half_load,260.4,2160.4,7.105,339.7
6168,45.65,arterial,0.7,7.4,57.8,0.469,35.6,clear,small_ev,24,140,1400,half_load,131.3,1531.3,18.222,399.2
6169,10.49,arterial,23.6,4.8,44.2,0.25,28.5,rain,mid_ev,40,160,1900,unladen,37.1,1937.1,2.96,282.3
6170,23.4,arterial,1.4,16.1,37.1,0.293,24.2,clear,large_ev,75,190,2400,unladen,23.8,2423.8,6.917,295.6
6171,19.68,arterial,79.3,16.2,43.4,0.436,35.3,heavy_rain,large_ev,75,190,2400,unladen,27.8,2427.8,9.928,504.4
6173,117.38,highway,10.0,59.8,98.7,0.232,31.1,rain,large_ev,75,190,2400,half_load,339.7,2739.7,108.297,922.6
6174,13.03,city,5.4,7.8,30.0,0.902,36.9,clear,small_ev,24,140,1400,half_load,166.4,1566.4,7.987,612.9
6175,8.82,arterial,30.3,10.7,40.1,0.261,31.5,clear,small_ev,24,140,1400,unladen,28.0,1428.0,1.96,222.3
6176,12.76,city,0.5,20.1,26.8,0.398,33.4,clear,small_ev,24,140,1400,full_load,261.5,1661.5,4.248,332.9
6178,2.81,city,1.4,0.4,12.8,0.823,26.3,rain,small_ev,24,140,1400,full_load,279.4,1679.4,1.525,542.2
6179,16.75,arterial,8.9,35.4,45.6,0.193,35.4,clear,large_ev,75,190,2400,half_load,250.6,2650.6,5.883,351.2
6180,24.87,arterial,10.2,0.6,31.6,0.422,40.3,clear,large_ev,75,190,2400,half_load,342.8,2742.8,9.82,394.9
6182,118.62,highway,108.2,1.0,86.3,0.194,20.8,clear,large_ev,75,190,2400,half_load,312.9,2712.9,79.682,671.7
6184,26.0,highway,36.2,28.7,90.3,0.349,29.1,clear,large_ev,75,190,2400,unladen,54.8,2454.8,20.509,788.9
6185,96.47,highway,36.4,33.7,86.7,0.274,26.9,clear,small_ev,24,140,1400,unladen,5.7,1405.7,49.122,509.2
6186,28.97,arterial,2.1,54.0,28.2,0.157,34.9,clear,mid_ev,40,160,1900,full_load,398.7,2298.7,5.75,198.5
6187,37.36,arterial,5.8,17.4,46.7,0.693,38.6,heavy_rain,small_ev,24,140,1400,full_load,272.8,1672.8,18.202,487.2
6188,13.23,arterial,24.1,2.2,43.0,0.442,29.4,clear,large_ev,75,190,2400,full_load,568.9,2968.9,6.225,470.4
6189,2.6,city,32.0,4.2,18.8,0.568,32.1,clear,mid_ev,40,160,1900,full_load,388.5,2288.5,1.577,606.5
6190,3.63,city,4.7,0.5,27.2,0.662,30.1,rain,small_ev,24,140,1400,full_load,295.9,1695.9,1.762,485.0
6193,34.77,arterial,7.2,13.5,44.0,0.542,27.5,rain,mid_ev,40,160,1900,unladen,36.0,1936.0,13.317,383.0
6194,15.34,city,1.0,2.3,14.2,0.54,42.0,clear,mid_ev,40,160,1900,half_load,221.6,2121.6,8.856,577.4
6195,2.51,city,16.7,3.5,31.5,0.469,36.3,clear,mid_ev,40,160,1900,unladen,10.5,1910.5,1.222,487.3
6198,13.17,arterial,49.2,25.8,42.5,0.347,32.7,clear,mid_ev,40,160,1900,unladen,18.6,1918.6,4.231,321.3
6199,14.03,arterial,4.3,17.7,46.4,0.821,27.9,clear,small_ev,24,140,1400,unladen,4.8,1404.8,5.216,371.8
6200,6.84,city,14.2,8.8,20.6,0.561,36.2,clear,small_ev,24,140,1400,unladen,10.2,1410.2,2.571,375.7
6201,117.84,highway,37.2,71.4,74.9,0.019,26.7,clear,mid_ev,40,160,1900,half_load,183.3,2083.3,49.551,420.5
6202,7.03,city,10.7,2.6,28.5,0.927,30.0,clear,mid_ev,40,160,1900,half_load,261.6,2161.6,5.639,801.9
6203,66.0,highway,27.2,1.9,93.1,0.167,42.0,heavy_rain,small_ev,24,140,1400,half_load,146.2,1546.2,50.949,772.0
6204,73.55,highway,45.2,95.8,90.3,0.193,36.9,clear,small_ev,24,140,1400,full_load,270.6,1670.6,45.263,615.4
6205,15.34,arterial,67.0,97.6,36.1,0.124,37.5,clear,large_ev,75,190,2400,unladen,31.9,2431.9,3.91,254.9
6208,5.41,city,2.4,11.8,22.9,0.662,26.9,clear,large_ev,75,190,2400,unladen,53.8,2453.8,3.325,614.3
6209,85.45,highway,49.3,30.4,93.3,0.22,29.1,clear,large_ev,75,190,2400,half_load,353.5,2753.5,67.238,786.9
6210,72.65,highway,30.4,27.8,92.4,0.18,37.0,clear,small_ev,24,140,1400,half_load,163.3,1563.3,47.434,653.0
6212,32.16,arterial,15.9,13.7,47.7,0.201,22.3,clear,large_ev,75,190,2400,unladen,9.2,2409.2,10.557,328.2
6213,148.93,highway,22.9,72.1,91.7,0.2,27.2,heavy_rain,mid_ev,40,160,1900,full_load,427.3,2327.3,100.988,678.1
6214,62.62,arterial,50.7,0.2,49.1,0.608,33.5,clear,large_ev,75,190,2400,unladen,34.4,2434.4,36.011,575.0
6216,1.06,city,0.2,2.8,23.6,0.176,28.5,heavy_rain,small_ev,24,140,1400,unladen,15.0,1415.0,0.17,160.5
6217,150.49,highway,26.8,48.4,100.1,0.203,23.3,clear,large_ev,75,190,2400,full_load,532.4,2932.4,129.451,860.2
6218,50.22,highway,48.5,12.6,84.3,0.217,22.8,rain,mid_ev,40,160,1900,full_load,411.9,2311.9,30.555,608.4
6219,61.26,highway,132.3,12.3,103.2,0.051,33.5,rain,mid_ev,40,160,1900,full_load,441.4,2341.4,53.726,877.0
6220,11.07,arterial,2.8,12.1,43.1,0.276,32.1,clear,small_ev,24,140,1400,full_load,277.3,1677.3,2.741,247.5
6223,1.0,city,4.8,2.2,16.8,0.666,27.9,clear,mid_ev,40,160,1900,full_load,387.4,2287.4,0.605,605.1
6224,13.98,arterial,5.1,3.5,25.9,0.479,35.1,clear,small_ev,24,140,1400,unladen,11.2,1411.2,3.083,220.5
6227,68.76,highway,29.0,23.2,89.8,0.3,27.8,clear,mid_ev,40,160,1900,full_load,394.7,2294.7,46.687,679.0
6228,50.8,highway,3.3,17.1,90.1,0.151,25.5,clear,mid_ev,40,160,1900,full_load,384.1,2284.1,31.537,620.8
6229,4.47,city,4.6,7.5,14.8,0.671,30.2,clear,large_ev,75,190,2400,full_load,560.4,2960.4,3.458,774.3
6230,7.89,city,3.4,0.6,22.4,0.129,27.0,heavy_rain,large_ev,75,190,2400,unladen,30.9,2430.9,1.826,231.6
6231,51.01,highway,99.9,23.9,81.5,0.059,27.1,clear,small_ev,24,140,1400,unladen,25.1,1425.1,22.248,436.1
6232,7.78,city,25.8,4.9,10.0,0.815,24.2,clear,large_ev,75,190,2400,full_load,564.9,2964.9,6.456,830.1
6233,10.09,arterial,23.6,9.9,54.0,0.441,25.5,clear,large_ev,75,190,2400,half_load,298.2,2698.2,5.238,519.1
6234,45.07,highway,19.2,6.8,94.8,0.485,23.3,heavy_rain,small_ev,24,140,1400,unladen,16.4,1416.4,28.608,634.8
6237,3.58,city,4.7,2.5,32.9,0.703,30.1,clear,small_ev,24,140,1400,unladen,0.0,1400.0,1.548,431.9
6238,36.71,highway,65.2,6.5,80.8,0.057,35.7,clear,mid_ev,40,160,1900,full_load,420.5,2320.5,21.149,576.1
6240,1.96,city,7.0,12.6,29.1,0.426,21.8,clear,small_ev,24,140,1400,full_load,281.9,1681.9,0.599,305.3
6241,10.62,arterial,1.8,23.3,33.9,0.251,39.7,clear,small_ev,24,140,1400,unladen,30.0,1430.0,2.11,198.6
6243,176.28,highway,32.7,34.1,87.2,0.292,30.9,rain,mid_ev,40,160,1900,full_load,410.5,2310.5,116.409,660.4
6245,16.15,arterial,3.9,10.6,42.3,0.597,38.7,clear,large_ev,75,190,2400,full_load,519.6,2919.6,9.715,601.6
6246,12.94,city,6.6,1.4,18.2,0.621,25.8,clear,small_ev,24,140,1400,full_load,264.2,1664.2,5.716,441.8
6247,109.64,highway,6.6,16.5,61.2,0.03,22.4,clear,mid_ev,40,160,1900,unladen,38.1,1938.1,33.689,307.3
6248,9.56,city,0.3,8.5,18.1,0.66,34.1,clear,mid_ev,40,160,1900,full_load,430.5,2330.5,6.473,677.0
6249,9.41,city,5.7,14.7,22.0,0.249,28.5,clear,large_ev,75,190,2400,half_load,354.5,2754.5,3.169,336.8
6250,5.94,city,10.1,11.9,11.4,0.713,33.4,clear,mid_ev,40,160,1900,unladen,26.5,1926.5,3.275,551.4
6252,6.11,city,16.6,49.5,22.6,0.669,30.1,clear,mid_ev,40,160,1900,half_load,268.7,2168.7,3.572,584.8
6254,44.07,highway,1.8,184.9,77.0,0.275,25.5,clear,large_ev,75,190,2400,half_load,306.1,2706.1,26.899,610.4
6255,8.98,arterial,71.5,5.8,60.7,0.566,36.5,clear,small_ev,24,140,1400,unladen,1.7,1401.7,4.387,488.3
6256,5.21,city,5.1,6.3,17.9,0.616,29.2,clear,small_ev,24,140,1400,full_load,277.5,1677.5,2.124,407.6
6258,46.67,arterial,14.5,46.3,53.3,0.316,31.3,clear,mid_ev,40,160,1900,full_load,431.8,2331.8,18.539,397.3
6259,5.57,city,2.7,0.4,11.5,0.93,29.9,clear,large_ev,75,190,2400,half_load,294.0,2694.0,5.28,947.6
6260,8.38,city,4.6,0.9,17.7,0.782,33.4,clear,large_ev,75,190,2400,full_load,543.7,2943.7,7.843,935.4
6261,7.17,city,2.6,12.1,28.7,0.808,30.8,clear,mid_ev,40,160,1900,unladen,10.9,1910.9,4.436,618.9
6262,2.13,city,1.1,6.7,22.1,0.459,26.5,rain,large_ev,75,190,2400,unladen,29.5,2429.5,1.082,508.4
6263,49.63,highway,19.6,23.5,93.2,0.109,31.3,clear,mid_ev,40,160,1900,unladen,32.9,1932.9,32.754,660.0
6264,7.12,city,3.4,23.7,17.5,0.588,34.2,clear,small_ev,24,140,1400,full_load,297.4,1697.4,3.002,421.5
6265,5.41,city,2.9,4.8,21.8,0.787,32.3,clear,mid_ev,40,160,1900,half_load,217.5,2117.5,3.511,649.1
6266,7.61,city,0.6,8.1,19.1,0.17,36.4,rain,large_ev,75,190,2400,full_load,516.7,2916.7,2.504,329.1
6269,16.1,city,7.1,3.3,22.9,0.658,29.5,rain,small_ev,24,140,1400,full_load,262.0,1662.0,7.295,453.1
6270,11.34,arterial,20.7,23.5,51.7,0.044,41.9,clear,large_ev,75,190,2400,full_load,591.9,2991.9,4.493,396.2
6271,45.49,highway,39.1,0.4,93.8,0.016,29.8,clear,large_ev,75,190,2400,unladen,25.5,2425.5,35.644,783.5
6272,53.14,arterial,29.1,32.8,40.6,0.185,20.0,clear,small_ev,24,140,1400,full_load,265.9,1665.9,10.458,196.8
6275,28.59,arterial,69.7,27.3,48.8,0.145,29.5,clear,small_ev,24,140,1400,unladen,2.5,1402.5,6.318,221.0
6276,19.39,arterial,35.3,13.0,56.4,0.825,38.7,clear,large_ev,75,190,2400,half_load,326.4,2726.4,16.842,868.5
6277,9.74,city,2.9,8.5,28.7,0.732,40.5,heavy_rain,mid_ev,40,160,1900,full_load,421.9,2321.9,8.739,897.0
6278,10.72,arterial,6.5,22.9,40.0,0.251,27.9,clear,large_ev,75,190,2400,half_load,328.2,2728.2,3.38,315.2
6279,47.48,highway,18.3,109.7,82.6,0.095,27.8,clear,small_ev,24,140,1400,full_load,258.1,1658.1,21.628,455.5
6280,77.76,highway,42.0,17.1,71.7,0.14,38.0,clear,mid_ev,40,160,1900,unladen,11.0,1911.0,38.255,492.0
6281,71.54,highway,17.3,22.9,92.5,0.119,29.0,clear,large_ev,75,190,2400,full_load,538.3,2938.3,58.214,813.8
6282,5.11,arterial,50.4,2.7,52.0,0.412,24.2,rain,small_ev,24,140,1400,full_load,263.7,1663.7,2.058,402.6
6283,4.87,city,16.2,10.8,25.7,0.382,33.7,heavy_rain,large_ev,75,190,2400,unladen,8.6,2408.6,2.456,504.6
6284,34.92,arterial,7.3,5.3,50.4,0.364,31.4,clear,large_ev,75,190,2400,unladen,1.8,2401.8,15.785,452.0
6285,57.04,highway,20.6,30.6,82.1,0.169,36.9,rain,small_ev,24,140,1400,unladen,3.3,1403.3,29.27,513.1
6286,32.01,arterial,17.1,8.4,42.3,0.323,24.4,clear,small_ev,24,140,1400,full_load,292.8,1692.8,7.76,242.4
6287,9.79,city,6.8,1.0,24.8,0.55,25.0,rain,small_ev,24,140,1400,full_load,266.0,1666.0,3.926,400.8
6288,9.62,city,3.2,7.0,24.8,0.493,22.3,clear,small_ev,24,140,1400,full_load,276.0,1676.0,3.425,355.9
6289,219.98,highway,4.1,22.9,67.9,0.058,32.6,clear,mid_ev,40,160,1900,full_load,385.1,2285.1,83.681,380.4
6290,10.86,city,4.5,6.4,18.3,0.44,35.6,clear,small_ev,24,140,1400,full_load,291.0,1691.0,3.549,326.7
6291,12.64,city,5.2,11.3,17.0,0.887,22.8,clear,large_ev,75,190,2400,unladen,17.9,2417.9,9.742,770.7
6293,4.99,city,3.1,4.0,25.9,0.181,35.9,clear,mid_ev,40,160,1900,full_load,409.3,2309.3,1.282,257.2
6294,6.19,city,12.4,4.5,27.0,0.383,27.1,clear,large_ev,75,190,2400,full_load,592.5,2992.5,3.467,560.3
6296,151.15,highway,74.2,12.0,82.1,0.203,24.7,clear,small_ev,24,140,1400,full_load,264.6,1664.6,66.655,441.0
6297,56.31,highway,47.9,6.5,77.2,0.278,27.6,clear,small_ev,24,140,1400,half_load,126.5,1526.5,23.958,425.5
6298,7.86,arterial,14.8,6.3,43.6,0.162,21.9,clear,large_ev,75,190,2400,unladen,33.0,2433.0,2.255,286.9
6299,3.61,city,14.9,0.5,16.6,0.2,33.6,rain,small_ev,24,140,1400,unladen,14.1,1414.1,0.695,192.8
6300,116.7,highway,276.0,80.8,82.7,0.032,33.4,rain,small_ev,24,140,1400,full_load,257.7,1657.7,58.367,500.1
6301,6.72,city,2.9,39.2,20.8,0.493,30.0,heavy_rain,small_ev,24,140,1400,full_load,284.0,1684.0,2.615,389.1
6302,3.49,city,0.4,10.7,17.9,0.738,38.2,rain,mid_ev,40,160,1900,full_load,400.0,2300.0,2.636,754.7
6303,20.13,arterial,15.9,20.0,61.1,0.394,24.7,clear,mid_ev,40,160,1900,unladen,1.2,1901.2,9.066,450.4
6304,61.3,highway,27.0,3.5,80.3,0.064,25.3,clear,mid_ev,40,160,1900,half_load,207.9,2107.9,27.889,454.9
6305,11.51,city,10.6,15.7,22.3,0.522,32.3,clear,large_ev,75,190,2400,full_load,586.5,2986.5,7.883,684.9
6307,113.39,highway,72.1,21.1,81.4,0.267,33.3,clear,mid_ev,40,160,1900,full_load,447.4,2347.4,68.695,605.8
6308,23.31,highway,39.0,95.5,82.2,0.022,29.4,clear,mid_ev,40,160,1900,full_load,418.1,2318.1,11.883,509.7
6309,24.93,arterial,4.1,18.0,46.5,0.598,28.3,heavy_rain,small_ev,24,140,1400,unladen,10.8,1410.8,8.54,342.5
6310,89.69,highway,11.6,38.5,66.5,0.294,36.7,clear,mid_ev,40,160,1900,full_load,436.9,2336.9,39.863,444.4
6311,68.47,highway,116.5,6.5,95.6,0.291,21.1,rain,large_ev,75,190,2400,full_load,518.3,2918.3,60.448,882.8
6314,21.58,arterial,41.5,21.7,45.8,0.719,36.7,clear,large_ev,75,190,2400,unladen,17.0,2417.0,13.287,615.7
6315,15.85,arterial,28.3,2.2,45.1,0.263,34.6,clear,large_ev,75,190,2400,half_load,251.6,2651.6,6.403,404.0
6316,77.91,highway,12.0,7.0,69.9,0.035,38.3,clear,mid_ev,40,160,1900,full_load,437.4,2337.4,37.28,478.5
6317,10.33,city,1.8,1.7,25.1,0.936,31.1,clear,large_ev,75,190,2400,half_load,336.0,2736.0,10.843,1049.9
6318,73.3,highway,21.8,14.0,86.3,0.069,30.2,clear,small_ev,24,140,1400,half_load,171.1,1571.1,38.405,524.0
6321,45.09,highway,89.0,23.3,74.4,0.09,25.1,clear,large_ev,75,190,2400,unladen,47.0,2447.0,23.83,528.5
6322,9.15,city,5.6,6.0,23.1,0.556,27.2,clear,large_ev,75,190,2400,full_load,512.6,2912.6,6.38,697.0
6323,1.49,city,12.8,7.9,11.7,0.405,21.5,clear,large_ev,75,190,2400,half_load,333.7,2733.7,0.726,487.7
6325,105.36,highway,12.3,43.3,86.9,0.224,33.9,clear,small_ev,24,140,1400,half_load,140.8,1540.8,56.811,539.2
6327,5.51,city,2.4,3.2,17.1,0.987,30.5,clear,small_ev,24,140,1400,unladen,24.1,1424.1,2.953,535.9
6328,80.19,highway,14.4,1.5,97.7,0.143,33.8,rain,mid_ev,40,160,1900,unladen,41.5,1941.5,62.593,780.5
6330,7.61,city,0.1,34.3,10.7,0.051,37.3,clear,large_ev,75,190,2400,half_load,292.7,2692.7,1.17,153.9
6331,136.26,highway,0.5,38.4,87.7,0.159,27.8,clear,small_ev,24,140,1400,half_load,177.0,1577.0,68.123,500.0
6332,74.43,highway,28.1,7.3,85.8,0.268,30.7,clear,mid_ev,40,160,1900,unladen,16.1,1916.1,45.482,611.0
6333,2.52,city,1.3,1.1,8.8,0.889,30.1,clear,large_ev,75,190,2400,half_load,289.8,2689.8,2.174,864.2
6336,26.52,arterial,11.1,6.2,42.8,0.231,28.8,clear,large_ev,75,190,2400,half_load,311.7,2711.7,8.769,330.7
6337,5.76,city,4.3,3.5,26.5,0.398,33.0,rain,small_ev,24,140,1400,half_load,130.0,1530.0,1.897,329.3
6338,5.91,city,18.8,8.1,19.1,0.805,33.2,rain,large_ev,75,190,2400,full_load,582.9,2982.9,6.294,1064.4
6339,44.34,highway,61.7,5.1,90.2,0.055,35.3,clear,mid_ev,40,160,1900,half_load,197.2,2097.2,29.951,675.4
6340,44.58,arterial,36.5,13.1,20.0,0.263,36.5,clear,small_ev,24,140,1400,half_load,143.5,1543.5,7.338,164.6
6342,16.97,arterial,9.0,25.4,44.1,0.347,32.4,clear,small_ev,24,140,1400,unladen,21.8,1421.8,4.227,249.1
6344,13.77,arterial,29.0,29.7,41.0,0.303,30.0,clear,small_ev,24,140,1400,unladen,19.7,1419.7,2.943,213.7
6345,79.66,highway,29.8,52.8,77.0,0.456,22.9,clear,mid_ev,40,160,1900,full_load,414.7,2314.7,41.287,518.3
6346,48.41,highway,53.0,32.1,86.3,0.022,35.0,heavy_rain,mid_ev,40,160,1900,full_load,420.2,2320.2,31.303,646.6
6347,6.38,arterial,4.5,7.6,51.8,0.706,34.9,rain,large_ev,75,190,2400,full_load,582.9,2982.9,5.066,793.6
6348,28.8,highway,24.2,9.6,76.8,0.24,28.9,heavy_rain,small_ev,24,140,1400,half_load,168.1,1568.1,13.421,466.0
6350,1.48,city,0.4,4.9,15.6,0.483,26.3,clear,mid_ev,40,160,1900,unladen,17.5,1917.5,0.552,374.3
6351,19.39,arterial,3.9,29.0,38.9,0.16,33.4,rain,small_ev,24,140,1400,unladen,21.1,1421.1,3.531,182.0
6352,67.42,highway,72.2,58.6,79.2,0.109,32.1,clear,small_ev,24,140,1400,half_load,125.4,1525.4,29.037,430.7
6353,13.24,arterial,1.1,56.5,56.2,0.16,39.7,clear,large_ev,75,190,2400,unladen,57.2,2457.2,6.326,477.8
6354,131.96,highway,11.7,8.8,98.4,0.041,29.3,clear,large_ev,75,190,2400,full_load,523.9,2923.9,108.924,825.4
6356,10.4,city,0.2,1.1,12.7,0.569,33.9,rain,small_ev,24,140,1400,unladen,2.5,1402.5,3.776,362.9
6357,45.51,highway,17.9,99.3,91.3,0.08,33.1,clear,small_ev,24,140,1400,full_load,265.5,1665.5,25.495,560.2
6360,5.6,city,9.3,12.2,25.8,0.325,30.0,rain,mid_ev,40,160,1900,full_load,407.2,2307.2,2.149,383.4
6361,108.19,highway,1.1,5.4,82.7,0.219,36.7,clear,large_ev,75,190,2400,half_load,253.1,2653.1,82.7,764.4
6362,22.05,arterial,3.9,37.9,40.2,0.221,38.4,clear,large_ev,75,190,2400,half_load,256.6,2656.6,8.152,369.8
6363,10.29,city,18.1,2.8,19.0,0.486,39.9,clear,small_ev,24,140,1400,unladen,15.1,1415.1,3.468,337.0
6364,16.86,arterial,31.5,44.4,35.6,0.668,24.3,clear,large_ev,75,190,2400,unladen,11.2,2411.2,7.623,452.0
6365,4.67,arterial,2.3,17.3,44.6,0.84,32.7,clear,small_ev,24,140,1400,full_load,294.8,1694.8,2.14,457.9
6367,4.62,arterial,1.5,11.9,42.0,0.253,37.5,clear,mid_ev,40,160,1900,full_load,430.5,2330.5,1.595,345.3
6369,13.2,city,5.3,0.3,16.6,0.813,23.2,heavy_rain,mid_ev,40,160,1900,full_load,406.4,2306.4,10.058,761.7
6370,34.7,arterial,19.5,3.7,28.3,0.542,28.1,clear,small_ev,24,140,1400,unladen,17.6,1417.6,7.449,214.7
6371,43.34,highway,60.5,21.9,82.7,0.128,32.3,clear,small_ev,24,140,1400,unladen,1.2,1401.2,19.704,454.6
6373,132.02,highway,6.9,7.5,80.3,0.004,30.4,clear,mid_ev,40,160,1900,unladen,20.8,1920.8,65.493,496.1
6374,3.75,city,13.4,3.8,26.6,0.649,42.0,rain,mid_ev,40,160,1900,unladen,3.0,1903.0,2.469,658.0
6375,6.29,city,13.0,27.0,20.8,0.876,33.8,clear,small_ev,24,140,1400,full_load,282.6,1682.6,3.639,578.1
6376,10.13,city,8.3,42.8,22.8,0.697,27.6,clear,large_ev,75,190,2400,full_load,566.6,2966.6,8.171,806.3
6377,21.79,arterial,17.2,0.5,39.0,0.556,29.2,clear,mid_ev,40,160,1900,half_load,189.0,2089.0,8.282,380.1
6378,22.93,highway,38.0,16.5,97.5,0.307,29.6,clear,mid_ev,40,160,1900,full_load,430.1,2330.1,17.601,767.5
6379,5.1,city,5.6,14.9,19.0,0.419,25.9,clear,large_ev,75,190,2400,unladen,17.3,2417.3,2.093,410.7
6382,79.2,highway,112.6,53.5,100.5,0.092,31.1,clear,large_ev,75,190,2400,half_load,351.8,2751.8,74.738,943.6
6383,7.56,city,3.7,6.3,18.6,0.885,32.2,clear,small_ev,24,140,1400,half_load,163.4,1563.4,4.255,562.8
6384,21.11,city,1.5,1.8,23.8,0.513,21.3,clear,large_ev,75,190,2400,half_load,295.8,2695.8,12.432,589.0
6386,15.21,city,2.7,15.4,19.2,0.594,35.5,rain,small_ev,24,140,1400,unladen,9.6,1409.6,5.684,373.6
6387,15.91,city,26.2,6.9,20.6,0.295,34.3,clear,small_ev,24,140,1400,full_load,256.1,1656.1,4.253,267.4
6388,104.74,highway,153.4,46.4,70.2,0.342,35.6,clear,mid_ev,40,160,1900,unladen,20.9,1920.9,49.591,473.5
6389,34.3,highway,166.3,51.6,101.6,0.099,29.1,clear,mid_ev,40,160,1900,unladen,18.5,1918.5,27.902,813.6
6390,10.28,arterial,6.3,1.3,41.5,0.574,26.8,clear,mid_ev,40,160,1900,unladen,37.5,1937.5,3.614,351.4
6391,7.18,city,12.3,6.1,24.0,0.477,26.8,clear,large_ev,75,190,2400,half_load,256.9,2656.9,3.91,544.3
6392,53.76,highway,11.8,152.3,90.8,0.298,36.1,clear,large_ev,75,190,2400,full_load,599.0,2999.0,44.845,834.2
6394,10.41,city,2.6,1.7,17.3,0.886,28.4,rain,mid_ev,40,160,1900,full_load,401.6,2301.6,8.2,787.5
6395,44.82,highway,74.5,84.0,85.6,0.104,27.7,rain,small_ev,24,140,1400,full_load,278.1,1678.1,22.552,503.1
6396,1.0,city,2.8,7.1,24.2,0.566,33.8,clear,large_ev,75,190,2400,full_load,562.1,2962.1,0.782,781.8
6397,91.22,highway,7.8,60.7,88.4,0.082,37.3,clear,large_ev,75,190,2400,full_load,569.4,2969.4,72.184,791.3
6399,15.57,arterial,15.0,47.0,56.2,0.598,29.2,rain,small_ev,24,140,1400,full_load,295.7,1695.7,6.705,430.6
6400,13.29,arterial,2.3,5.5,32.7,0.375,29.1,rain,mid_ev,40,160,1900,half_load,244.1,2144.1,3.929,295.7
6402,7.64,arterial,16.1,8.3,33.3,0.452,23.5,clear,mid_ev,40,160,1900,full_load,397.1,2297.1,2.379,311.3
6403,50.5,arterial,8.1,3.1,38.7,0.66,30.7,clear,large_ev,75,190,2400,full_load,540.0,2940.0,27.173,538.1
6404,37.39,arterial,13.0,14.2,35.9,0.17,25.6,clear,small_ev,24,140,1400,full_load,286.8,1686.8,6.438,172.2
6405,9.18,arterial,21.4,15.5,62.8,0.063,29.4,clear,large_ev,75,190,2400,full_load,535.9,2935.9,4.114,448.1
6406,17.96,arterial,2.2,7.5,49.3,0.426,23.2,clear,large_ev,75,190,2400,full_load,529.1,2929.1,8.774,488.6
6407,3.14,city,3.2,3.0,24.5,0.318,32.4,clear,small_ev,24,140,1400,full_load,278.1,1678.1,0.842,268.5
6408,37.91,highway,121.0,50.1,92.9,0.378,26.0,rain,mid_ev,40,160,1900,half_load,242.3,2142.3,27.671,729.9
6409,4.28,city,13.0,8.5,13.7,0.942,34.6,clear,large_ev,75,190,2400,half_load,315.9,2715.9,4.534,1058.1
6410,4.15,city,37.6,2.2,5.9,0.591,33.8,rain,small_ev,24,140,1400,unladen,8.7,1408.7,1.576,379.9
6413,12.01,city,0.5,1.1,23.9,0.553,24.7,heavy_rain,large_ev,75,190,2400,half_load,259.5,2659.5,7.8,649.4
6414,14.15,city,2.0,1.5,19.1,0.83,28.7,clear,large_ev,75,190,2400,unladen,19.2,2419.2,10.264,725.3
6415,26.27,highway,46.9,1.7,72.4,0.412,31.2,clear,large_ev,75,190,2400,full_load,550.5,2950.5,16.163,615.3
6416,13.42,arterial,32.5,23.5,42.0,0.767,41.8,clear,mid_ev,40,160,1900,half_load,218.6,2118.6,7.735,576.5
6417,7.46,city,4.0,16.6,16.6,0.479,20.0,heavy_rain,small_ev,24,140,1400,unladen,4.4,1404.4,2.223,297.8
6418,51.53,highway,109.3,10.2,92.9,0.159,25.6,clear,small_ev,24,140,1400,unladen,10.5,1410.5,28.246,548.1
6420,87.14,highway,16.2,12.0,86.7,0.082,29.3,rain,large_ev,75,190,2400,half_load,287.5,2687.5,61.861,709.9
6421,6.63,city,35.3,1.8,19.7,0.421,20.0,clear,mid_ev,40,160,1900,unladen,40.3,1940.3,2.546,384.1
6423,9.98,city,8.6,0.8,22.1,0.187,31.2,clear,large_ev,75,190,2400,half_load,341.3,2741.3,2.978,298.4
6424,3.57,city,1.0,1.0,18.4,0.439,33.8,clear,small_ev,24,140,1400,full_load,272.4,1672.4,1.05,294.5
6425,27.34,arterial,67.9,6.7,34.9,0.105,28.5,clear,mid_ev,40,160,1900,half_load,261.0,2161.0,5.237,191.6
6426,20.7,arterial,21.0,25.8,44.6,0.519,25.0,clear,mid_ev,40,160,1900,half_load,224.4,2124.4,7.905,381.9
6427,53.76,highway,6.6,34.0,81.4,0.189,33.7,clear,small_ev,24,140,1400,unladen,23.8,1423.8,24.901,463.2
6428,41.51,arterial,1.9,5.2,49.5,0.318,28.9,clear,large_ev,75,190,2400,full_load,576.0,2976.0,18.917,455.7
6430,5.82,city,7.7,16.3,30.8,0.765,26.8,clear,large_ev,75,190,2400,half_load,257.8,2657.8,4.725,811.7
6431,13.72,arterial,25.0,62.1,48.5,0.449,25.2,rain,mid_ev,40,160,1900,unladen,3.4,1903.4,5.131,374.0
6434,7.71,city,10.0,1.2,19.4,0.449,38.9,rain,large_ev,75,190,2400,full_load,535.6,2935.6,4.998,648.1
6435,91.08,highway,59.3,11.6,75.4,0.185,30.0,clear,large_ev,75,190,2400,full_load,552.7,2952.7,54.452,597.9
6437,85.61,highway,58.0,11.9,80.8,0.076,33.0,rain,small_ev,24,140,1400,unladen,22.4,1422.4,37.916,442.9
6438,50.9,highway,33.6,3.0,70.5,0.022,32.5,clear,small_ev,24,140,1400,half_load,128.1,1528.1,18.626,365.9
6442,5.19,city,3.4,9.3,21.8,0.435,31.1,heavy_rain,mid_ev,40,160,1900,full_load,442.6,2342.6,2.625,505.6
6443,9.14,city,3.5,10.1,6.7,0.79,34.0,clear,large_ev,75,190,2400,unladen,51.6,2451.6,7.212,789.4
6445,2.35,city,1.9,25.0,15.8,0.313,34.4,clear,mid_ev,40,160,1900,unladen,23.1,1923.1,0.694,295.2
6446,6.71,city,4.8,20.8,23.3,0.783,33.5,clear,small_ev,24,140,1400,unladen,8.6,1408.6,3.015,449.2
6447,48.73,highway,54.3,44.9,85.3,0.096,25.9,rain,small_ev,24,140,1400,full_load,294.1,1694.1,24.589,504.6
6448,10.39,city,0.1,6.4,32.7,0.371,27.2,clear,large_ev,75,190,2400,full_load,513.6,2913.6,5.553,534.7
6450,1.0,city,1.2,4.8,19.4,0.513,24.8,clear,large_ev,75,190,2400,half_load,293.5,2693.5,0.559,559.0
6452,10.28,city,7.7,0.7,23.4,0.362,33.0,clear,small_ev,24,140,1400,unladen,26.1,1426.1,2.664,259.0
6455,44.96,arterial,2.3,14.9,51.6,0.506,26.2,clear,mid_ev,40,160,1900,full_load,401.0,2301.0,20.125,447.7
6457,25.02,arterial,2.8,42.7,47.5,0.132,35.5,clear,large_ev,75,190,2400,half_load,266.8,2666.8,8.861,354.1
6458,43.65,arterial,4.1,27.2,25.2,0.457,23.7,clear,small_ev,24,140,1400,full_load,296.5,1696.5,9.298,213.0
6460,12.04,arterial,6.9,18.5,36.2,0.455,29.1,clear,large_ev,75,190,2400,full_load,539.5,2939.5,5.363,445.5
6461,25.93,highway,9.9,11.9,75.6,0.576,28.1,clear,large_ev,75,190,2400,half_load,268.2,2668.2,17.015,656.1
6463,39.06,arterial,26.8,13.6,34.8,0.507,36.4,clear,large_ev,75,190,2400,half_load,295.0,2695.0,18.534,474.5
6464,8.09,city,6.3,5.0,15.1,0.754,30.1,clear,mid_ev,40,160,1900,full_load,407.1,2307.1,5.965,737.4
6465,27.25,arterial,2.1,28.2,42.0,0.663,31.8,clear,large_ev,75,190,2400,full_load,537.8,2937.8,17.305,635.1
6466,3.31,city,14.7,14.9,15.8,0.396,21.5,clear,small_ev,24,140,1400,half_load,126.9,1526.9,0.905,273.2
6467,9.58,arterial,40.9,30.5,49.6,0.796,32.4,clear,large_ev,75,190,2400,half_load,306.7,2706.7,6.793,708.7
6468,57.95,arterial,20.3,25.6,39.9,0.189,24.8,rain,mid_ev,40,160,1900,half_load,257.1,2157.1,14.198,245.0
6469,3.17,city,4.5,1.5,33.8,0.827,33.1,clear,large_ev,75,190,2400,unladen,24.5,2424.5,2.638,833.2
6470,46.34,highway,42.5,0.7,77.8,0.147,21.0,clear,mid_ev,40,160,1900,unladen,15.9,1915.9,21.649,467.2
6471,126.81,highway,9.9,1.5,65.9,0.05,34.6,clear,mid_ev,40,160,1900,half_load,239.3,2139.3,49.806,392.8
6472,17.11,arterial,27.3,6.3,61.4,0.776,28.3,clear,mid_ev,40,160,1900,half_load,228.0,2128.0,10.821,632.5
6474,18.6,arterial,47.6,18.8,44.1,0.528,35.2,clear,small_ev,24,140,1400,unladen,7.4,1407.4,5.679,305.3
6475,3.67,arterial,17.3,8.3,32.8,0.267,31.5,clear,small_ev,24,140,1400,full_load,263.9,1663.9,0.77,209.6
6477,3.91,city,12.7,1.1,30.0,0.477,28.7,clear,mid_ev,40,160,1900,unladen,2.9,1902.9,1.743,445.8
6478,23.75,highway,55.6,50.5,87.6,0.147,25.7,clear,small_ev,24,140,1400,half_load,179.1,1579.1,12.098,509.3
6479,5.08,arterial,2.4,16.0,43.9,0.524,39.8,rain,small_ev,24,140,1400,half_load,167.5,1567.5,1.9,373.6
6480,5.54,city,1.7,6.8,30.5,0.13,28.7,rain,mid_ev,40,160,1900,half_load,193.1,2093.1,1.252,226.0
6481,9.88,city,1.8,14.8,19.4,0.664,31.8,rain,mid_ev,40,160,1900,unladen,5.9,1905.9,5.442,551.0
6482,137.78,highway,24.6,1.9,89.2,0.249,25.8,clear,mid_ev,40,160,1900,unladen,8.3,1908.3,86.714,629.4
6483,9.42,city,0.8,0.6,17.2,0.552,32.9,clear,mid_ev,40,160,1900,full_load,423.4,2323.4,5.16,547.6
6484,7.41,arterial,16.3,5.2,53.4,0.148,27.6,heavy_rain,small_ev,24,140,1400,full_load,283.7,1683.7,2.16,291.5
6485,15.69,city,3.1,8.6,29.7,0.743,26.2,clear,large_ev,75,190,2400,half_load,260.5,2660.5,12.295,783.5
6486,9.33,arterial,20.4,26.8,34.3,0.307,25.0,clear,small_ev,24,140,1400,unladen,10.9,1410.9,1.689,181.1
6488,16.86,arterial,25.4,11.4,56.5,0.307,37.5,clear,large_ev,75,190,2400,unladen,29.9,2429.9,8.697,515.9
6489,40.28,arterial,11.5,45.3,58.9,0.405,37.9,clear,small_ev,24,140,1400,unladen,6.2,1406.2,16.104,399.8
6490,22.93,arterial,15.1,6.0,48.1,0.185,30.8,clear,mid_ev,40,160,1900,full_load,422.3,2322.3,7.12,310.5
6491,12.88,city,11.5,2.7,26.4,0.658,21.8,clear,large_ev,75,190,2400,unladen,32.7,2432.7,8.821,684.7
6492,59.3,highway,110.6,16.3,110.2,0.07,35.8,clear,mid_ev,40,160,1900,unladen,17.9,1917.9,55.585,937.4
6493,191.57,highway,1.9,10.7,83.6,0.072,28.7,clear,small_ev,24,140,1400,half_load,137.9,1537.9,90.827,474.1
6494,21.64,arterial,2.3,17.5,65.4,0.496,23.8,clear,large_ev,75,190,2400,unladen,35.6,2435.6,13.195,609.8
6495,102.82,highway,7.0,27.6,102.7,0.171,31.8,clear,large_ev,75,190,2400,unladen,35.8,2435.8,95.74,931.1
6496,70.5,highway,34.5,54.4,80.9,0.012,22.4,clear,large_ev,75,190,2400,half_load,252.2,2652.2,40.411,573.2
6497,3.03,city,7.2,20.3,22.8,0.447,29.9,clear,mid_ev,40,160,1900,unladen,24.6,1924.6,1.185,391.7
6499,5.16,city,3.3,12.6,23.4,0.553,32.5,clear,small_ev,24,140,1400,full_load,256.5,1656.5,2.127,411.8
6500,21.05,arterial,57.4,25.5,37.7,0.767,25.7,clear,large_ev,75,190,2400,full_load,544.4,2944.4,12.355,587.0
6502,2.31,city,6.4,2.2,31.6,0.561,32.6,rain,large_ev,75,190,2400,full_load,567.0,2967.0,1.903,825.4
6504,19.0,city,7.3,4.8,19.1,0.36,30.6,clear,large_ev,75,190,2400,full_load,547.6,2947.6,8.764,461.2
6506,52.93,arterial,1.3,27.7,50.5,0.227,25.8,clear,mid_ev,40,160,1900,unladen,36.7,1936.7,15.124,285.7
6507,3.12,city,32.6,27.0,22.8,0.731,29.7,rain,mid_ev,40,160,1900,half_load,234.9,2134.9,2.126,680.6
6510,8.23,arterial,0.4,32.4,31.4,0.616,31.7,clear,large_ev,75,190,2400,full_load,561.2,2961.2,4.173,507.2
6511,14.07,arterial,66.2,0.9,49.7,0.412,33.0,clear,small_ev,24,140,1400,half_load,157.6,1557.6,4.941,351.1
6513,7.54,arterial,41.2,13.0,54.8,0.307,34.1,rain,large_ev,75,190,2400,half_load,303.5,2703.5,4.359,578.0
6514,2.78,city,5.3,17.8,21.7,0.672,27.6,clear,small_ev,24,140,1400,unladen,9.2,1409.2,1.083,389.9
6515,10.42,arterial,9.7,8.6,43.4,0.576,38.4,rain,large_ev,75,190,2400,unladen,1.8,2401.8,5.806,557.4
6516,52.57,arterial,88.7,26.9,36.1,0.703,29.6,clear,large_ev,75,190,2400,unladen,29.6,2429.6,26.095,496.4
6517,10.89,arterial,8.0,0.1,29.1,0.395,35.9,heavy_rain,large_ev,75,190,2400,unladen,34.5,2434.5,4.104,376.9
6518,10.93,arterial,1.9,2.9,44.3,0.567,21.2,clear,small_ev,24,140,1400,full_load,269.2,1669.2,3.425,313.4
6519,138.47,highway,39.9,19.7,80.8,0.005,24.9,clear,large_ev,75,190,2400,full_load,583.0,2983.0,83.103,600.1
6520,3.5,city,0.0,4.4,16.5,0.556,27.2,clear,mid_ev,40,160,1900,unladen,37.7,1937.7,1.488,425.5
6521,12.13,city,1.9,13.6,21.2,0.613,29.0,clear,small_ev,24,140,1400,unladen,27.9,1427.9,4.33,356.9
6522,121.94,highway,46.7,8.0,72.0,0.068,30.6,rain,mid_ev,40,160,1900,full_load,382.9,2282.9,54.178,444.3
6523,21.13,highway,184.3,58.2,89.0,0.3,33.3,heavy_rain,small_ev,24,140,1400,full_load,274.4,1674.4,14.118,668.3
6524,20.99,highway,75.8,16.3,83.7,0.045,24.8,clear,mid_ev,40,160,1900,full_load,405.3,2305.3,11.001,524.1
6525,12.66,city,0.2,7.1,21.1,0.208,27.1,clear,small_ev,24,140,1400,full_load,269.7,1669.7,2.325,183.6
6526,17.08,arterial,32.9,7.1,49.6,0.488,20.4,clear,small_ev,24,140,1400,half_load,127.7,1527.7,5.387,315.4
6528,40.99,highway,62.4,11.0,91.8,0.049,27.4,clear,small_ev,24,140,1400,half_load,153.5,1553.5,21.893,534.2
6530,8.25,city,8.5,11.0,25.5,0.121,30.5,clear,small_ev,24,140,1400,half_load,164.7,1564.7,1.243,150.7
6531,62.97,highway,128.9,104.2,88.4,0.552,41.6,rain,mid_ev,40,160,1900,unladen,41.2,1941.2,50.385,800.2
6532,6.82,arterial,9.0,2.9,41.8,0.03,36.3,clear,large_ev,75,190,2400,half_load,287.1,2687.1,1.794,263.0
6533,76.3,highway,17.1,3.4,87.2,0.474,29.5,clear,mid_ev,40,160,1900,unladen,39.5,1939.5,47.393,621.2
6537,49.69,highway,19.9,27.9,87.4,0.038,27.0,rain,large_ev,75,190,2400,unladen,56.8,2456.8,33.072,665.5
6539,10.57,city,16.3,12.5,26.4,0.517,34.4,clear,large_ev,75,190,2400,unladen,9.5,2409.5,5.991,566.9
6540,8.21,arterial,0.1,8.2,56.8,0.417,23.6,rain,mid_ev,40,160,1900,unladen,29.2,1929.2,3.413,415.7
6541,61.29,highway,23.6,25.5,85.0,0.127,24.0,clear,small_ev,24,140,1400,half_load,167.6,1567.6,28.436,464.0
6544,3.4,city,13.1,1.1,21.3,0.175,27.9,clear,small_ev,24,140,1400,half_load,136.7,1536.7,0.63,185.3
6545,73.38,highway,48.8,160.5,82.1,0.532,35.1,clear,small_ev,24,140,1400,full_load,281.5,1681.5,39.043,532.1
6546,9.04,city,6.8,0.4,24.6,0.821,26.7,clear,mid_ev,40,160,1900,unladen,30.1,1930.1,5.862,648.5
6547,9.2,arterial,57.5,11.3,46.6,0.335,27.2,clear,large_ev,75,190,2400,half_load,287.1,2687.1,4.05,440.4
6548,18.49,city,4.4,7.1,20.5,0.87,25.3,rain,small_ev,24,140,1400,half_load,174.5,1574.5,10.15,549.0
6549,14.84,arterial,22.8,16.6,43.0,0.413,35.3,rain,large_ev,75,190,2400,half_load,317.6,2717.6,7.413,499.7
6550,23.9,city,6.0,2.5,26.2,0.431,33.5,clear,mid_ev,40,160,1900,full_load,386.8,2286.8,11.447,478.9
6551,69.68,highway,42.4,71.0,87.9,0.157,26.6,clear,small_ev,24,140,1400,full_load,258.9,1658.9,35.077,503.4
6552,47.39,arterial,16.8,9.0,50.2,0.47,24.0,clear,mid_ev,40,160,1900,full_load,426.3,2326.3,20.738,437.6
6553,1.29,city,25.0,24.4,25.2,0.587,30.9,rain,large_ev,75,190,2400,half_load,251.2,2651.2,0.915,707.8
6555,38.71,highway,90.2,42.0,95.0,0.357,34.0,clear,small_ev,24,140,1400,unladen,1.3,1401.3,25.917,669.5
6556,141.84,highway,52.8,117.1,102.9,0.113,28.9,clear,mid_ev,40,160,1900,full_load,441.8,2341.8,113.375,799.3
6558,2.83,city,17.2,11.2,19.3,0.508,29.3,clear,small_ev,24,140,1400,full_load,299.7,1699.7,1.018,359.1
6559,65.93,highway,65.2,42.1,103.0,0.209,30.8,heavy_rain,small_ev,24,140,1400,full_load,286.1,1686.1,48.117,729.9
6561,42.68,highway,119.8,78.1,84.3,0.054,31.9,clear,small_ev,24,140,1400,half_load,172.4,1572.4,20.131,471.6
6563,13.2,city,3.9,30.1,20.3,0.477,31.7,clear,large_ev,75,190,2400,half_load,241.3,2641.3,7.273,550.8
6564,52.51,highway,68.2,10.3,83.5,0.062,32.7,clear,mid_ev,40,160,1900,full_load,406.4,2306.4,30.89,588.2
6566,71.77,highway,41.4,10.5,95.2,0.291,24.4,clear,large_ev,75,190,2400,full_load,529.6,2929.6,56.704,790.1
6567,4.29,city,3.2,0.4,23.0,0.497,26.0,clear,large_ev,75,190,2400,unladen,33.4,2433.4,2.195,512.0
6568,25.86,arterial,80.3,10.3,30.3,0.368,27.8,clear,large_ev,75,190,2400,unladen,47.7,2447.7,8.509,329.1
6569,62.33,highway,9.3,37.8,82.9,0.025,32.2,clear,mid_ev,40,160,1900,unladen,15.0,1915.0,32.78,525.9
6571,113.95,highway,8.7,22.9,83.1,0.523,41.5,clear,large_ev,75,190,2400,half_load,354.2,2754.2,102.229,897.1
6572,10.72,highway,41.8,100.0,78.4,0.251,38.2,rain,large_ev,75,190,2400,unladen,11.5,2411.5,7.676,715.9
6574,18.56,city,2.3,6.7,22.3,0.505,40.5,rain,mid_ev,40,160,1900,unladen,36.6,1936.6,9.063,488.3
6575,18.82,highway,2.8,31.8,75.8,0.034,31.1,rain,large_ev,75,190,2400,unladen,38.8,2438.8,10.678,567.2
6576,5.59,city,0.3,7.6,29.2,0.871,35.6,clear,mid_ev,40,160,1900,half_load,261.6,2161.6,4.556,815.8
6577,41.63,highway,2.0,34.9,86.7,0.249,37.0,heavy_rain,large_ev,75,190,2400,full_load,578.6,2978.6,36.504,876.9
6579,57.45,highway,42.0,25.4,80.6,0.055,20.0,heavy_rain,mid_ev,40,160,1900,full_load,403.7,2303.7,30.515,531.1
6581,85.21,highway,0.3,46.4,87.5,0.296,24.2,clear,mid_ev,40,160,1900,unladen,24.0,1924.0,51.406,603.3
6582,12.32,arterial,35.7,46.3,34.3,0.23,29.8,clear,small_ev,24,140,1400,unladen,19.9,1419.9,2.079,168.7
6583,6.3,arterial,26.3,1.0,39.9,0.227,32.8,clear,small_ev,24,140,1400,half_load,133.6,1533.6,1.446,229.7
6584,161.34,highway,113.5,5.3,73.1,0.094,28.0,clear,small_ev,24,140,1400,unladen,24.1,1424.1,57.571,356.8
6585,21.68,highway,49.0,149.2,104.2,0.051,35.0,rain,small_ev,24,140,1400,full_load,261.5,1661.5,17.214,793.9
6586,43.87,highway,4.4,4.6,80.5,0.417,24.7,clear,mid_ev,40,160,1900,unladen,15.7,1915.7,24.121,549.8
6587,83.51,highway,109.0,7.6,78.8,0.248,24.6,rain,large_ev,75,190,2400,full_load,576.9,2976.9,54.864,656.9
6588,9.67,city,4.2,4.6,15.2,0.456,33.9,clear,large_ev,75,190,2400,full_load,576.9,2976.9,5.532,572.1
6589,65.89,highway,10.0,68.4,78.3,0.542,37.1,clear,mid_ev,40,160,1900,full_load,420.0,2320.0,40.471,614.3
6590,22.78,arterial,42.7,19.6,30.5,0.491,23.5,clear,large_ev,75,190,2400,unladen,3.7,2403.7,8.22,360.8
6591,6.59,city,0.5,2.4,25.1,0.431,37.8,clear,large_ev,75,190,2400,half_load,294.4,2694.4,3.656,555.0
6592,7.84,city,4.0,7.2,16.0,0.71,34.9,clear,large_ev,75,190,2400,unladen,39.8,2439.8,5.588,713.2
6593,59.4,highway,29.8,12.1,80.9,0.573,33.7,rain,large_ev,75,190,2400,full_load,536.4,2936.4,46.072,775.6
6594,20.22,arterial,4.1,2.2,58.6,0.147,33.5,clear,small_ev,24,140,1400,full_load,273.7,1673.7,5.947,294.1
6595,8.06,arterial,39.9,2.5,38.2,0.209,35.0,clear,mid_ev,40,160,1900,half_load,203.9,2103.9,2.32,287.8
6596,9.63,city,1.0,13.4,30.0,0.734,36.0,clear,mid_ev,40,160,1900,unladen,38.4,1938.4,6.163,639.7
6598,9.39,arterial,45.3,12.9,41.9,0.295,28.7,clear,large_ev,75,190,2400,full_load,575.8,2975.8,3.964,422.3
6599,1.85,city,59.0,5.1,18.1,0.602,24.1,rain,large_ev,75,190,2400,half_load,348.3,2748.3,1.622,875.0
6600,1.98,city,0.1,10.0,25.7,0.728,39.1,heavy_rain,small_ev,24,140,1400,unladen,12.3,1412.3,1.02,514.5
6601,12.1,arterial,7.8,1.8,51.5,0.371,32.9,clear,large_ev,75,190,2400,full_load,517.6,2917.6,6.483,535.6
6602,14.63,arterial,45.6,16.3,39.8,0.291,27.0,clear,mid_ev,40,160,1900,unladen,17.8,1917.8,3.955,270.3
6603,22.97,arterial,5.8,28.0,58.4,0.138,40.1,clear,large_ev,75,190,2400,full_load,542.8,2942.8,11.226,488.7
6604,6.62,city,2.7,1.6,15.8,0.518,39.5,clear,mid_ev,40,160,1900,half_load,221.8,2121.8,3.388,511.7
6605,6.99,city,14.7,0.3,33.5,0.685,41.5,clear,mid_ev,40,160,1900,full_load,446.8,2346.8,5.802,830.1
6606,27.45,arterial,13.6,14.6,54.2,0.191,25.5,clear,mid_ev,40,160,1900,unladen,39.3,1939.3,8.21,299.0
6607,39.43,highway,12.0,1.9,82.7,0.159,20.0,clear,large_ev,75,190,2400,half_load,314.1,2714.1,24.333,617.1
6608,19.16,arterial,23.2,4.7,41.8,0.34,26.0,clear,mid_ev,40,160,1900,half_load,226.4,2126.4,5.661,295.5
6609,8.85,city,1.2,4.7,18.1,0.779,30.9,clear,small_ev,24,140,1400,unladen,20.0,1420.0,3.866,436.8
6610,7.12,arterial,2.3,7.6,39.5,0.474,31.5,rain,small_ev,24,140,1400,full_load,267.3,1667.3,2.076,291.4
6612,6.99,city,13.8,18.3,23.4,0.925,25.7,clear,mid_ev,40,160,1900,half_load,230.0,2130.0,5.074,726.1
6613,65.15,highway,51.9,36.3,77.5,0.014,39.5,clear,large_ev,75,190,2400,half_load,310.5,2710.5,42.935,659.0
6614,18.38,highway,9.0,20.2,73.4,0.215,38.8,clear,large_ev,75,190,2400,half_load,348.5,2748.5,11.434,621.9
6615,35.24,arterial,4.3,48.3,43.5,0.306,36.6,heavy_rain,mid_ev,40,160,1900,half_load,183.7,2083.7,12.618,358.0
6616,43.4,highway,88.9,45.1,82.3,0.179,27.9,clear,small_ev,24,140,1400,full_load,299.5,1699.5,19.484,449.0
6617,38.14,highway,64.6,4.8,86.3,0.202,32.4,clear,mid_ev,40,160,1900,half_load,268.9,2168.9,24.373,639.0
6618,7.77,city,4.2,8.7,23.2,0.15,36.4,clear,mid_ev,40,160,1900,unladen,43.5,1943.5,1.61,207.3
6619,45.19,highway,13.3,27.4,86.2,0.418,34.7,clear,mid_ev,40,160,1900,half_load,210.1,2110.1,30.981,685.6
6620,28.36,arterial,35.9,8.1,36.8,0.554,28.4,clear,large_ev,75,190,2400,unladen,33.3,2433.3,11.952,421.4
6621,7.02,city,28.9,1.5,20.8,0.814,22.9,clear,mid_ev,40,160,1900,full_load,424.7,2324.7,5.164,735.6
6622,9.49,city,9.3,24.1,22.5,0.712,23.4,rain,large_ev,75,190,2400,full_load,553.8,2953.8,8.113,854.8
6623,65.11,highway,65.1,35.0,72.6,0.117,22.4,clear,large_ev,75,190,2400,full_load,570.2,2970.2,33.627,516.5
6624,9.66,arterial,1.5,1.3,49.6,0.061,30.5,clear,mid_ev,40,160,1900,half_load,210.7,2110.7,2.361,244.4
6625,10.59,city,3.9,2.8,24.9,0.742,31.6,rain,large_ev,75,190,2400,half_load,340.4,2740.4,9.237,872.0
6626,80.9,highway,72.0,11.9,74.0,0.098,26.6,clear,large_ev,75,190,2400,full_load,531.9,2931.9,44.803,553.8
6628,21.7,arterial,1.4,1.3,37.1,0.299,31.1,clear,large_ev,75,190,2400,full_load,519.3,2919.3,7.974,367.4
6629,11.7,arterial,5.3,1.5,48.6,0.33,32.3,clear,small_ev,24,140,1400,unladen,5.2,1405.2,3.226,275.8
6630,241.24,highway,4.5,11.2,84.3,0.601,27.1,clear,large_ev,75,190,2400,unladen,28.6,2428.6,163.28,676.9
6633,12.75,arterial,7.2,36.3,33.2,0.584,27.6,clear,mid_ev,40,160,1900,half_load,208.7,2108.7,4.232,331.8
6634,7.13,arterial,9.5,46.7,38.9,0.354,35.5,clear,mid_ev,40,160,1900,full_load,427.3,2327.3,2.399,336.5
6636,70.63,highway,108.2,28.6,86.0,0.59,37.2,clear,mid_ev,40,160,1900,full_load,425.2,2325.2,53.0,750.4
6637,1.0,city,0.2,8.1,35.9,0.527,30.7,clear,mid_ev,40,160,1900,full_load,409.3,2309.3,0.538,538.5
6638,32.77,arterial,6.8,5.0,51.5,0.32,33.7,clear,mid_ev,40,160,1900,unladen,9.0,1909.0,12.204,372.5
6639,19.3,arterial,83.3,6.0,44.2,0.29,30.4,rain,small_ev,24,140,1400,half_load,155.9,1555.9,5.44,281.8
6640,10.62,city,4.0,6.4,22.4,0.641,30.5,clear,mid_ev,40,160,1900,unladen,18.3,1918.3,5.379,506.7
6641,150.74,highway,11.4,55.7,94.9,0.399,33.5,clear,small_ev,24,140,1400,unladen,4.9,1404.9,99.864,662.5
6642,84.03,highway,92.2,11.5,77.0,0.156,42.0,clear,large_ev,75,190,2400,unladen,57.9,2457.9,56.326,670.3
6644,2.7,city,14.4,3.9,17.3,0.691,20.2,rain,small_ev,24,140,1400,half_load,152.7,1552.7,1.188,440.5
6645,68.96,highway,22.6,47.3,104.0,0.35,29.2,clear,small_ev,24,140,1400,half_load,168.1,1568.1,49.336,715.4
6646,6.07,city,0.9,7.6,32.9,0.296,21.5,clear,mid_ev,40,160,1900,unladen,37.5,1937.5,1.918,315.9
6647,56.42,highway,102.8,172.8,69.4,0.153,34.9,clear,mid_ev,40,160,1900,half_load,256.6,2156.6,22.755,403.4
6648,7.28,arterial,74.3,30.1,53.6,0.704,32.6,clear,small_ev,24,140,1400,half_load,164.9,1564.9,3.363,461.7
6649,12.84,arterial,22.7,7.6,33.8,0.668,30.7,clear,mid_ev,40,160,1900,half_load,250.0,2150.0,5.477,426.6
6650,13.43,arterial,0.0,3.2,42.4,0.322,42.0,clear,small_ev,24,140,1400,half_load,136.3,1536.3,3.869,288.0
6651,140.42,highway,1.7,40.9,102.2,0.038,31.5,clear,large_ev,75,190,2400,unladen,4.6,2404.6,137.297,977.7
6652,4.72,city,0.4,4.8,23.0,0.689,23.2,clear,small_ev,24,140,1400,unladen,8.6,1408.6,1.771,375.4
6654,10.96,city,0.3,0.3,23.0,0.746,37.8,rain,large_ev,75,190,2400,full_load,569.4,2969.4,11.317,1032.7
6655,6.61,city,34.9,3.8,20.7,0.375,25.2,clear,large_ev,75,190,2400,unladen,15.0,2415.0,2.909,440.1
6656,59.18,highway,42.9,64.8,90.9,0.3,28.0,heavy_rain,small_ev,24,140,1400,half_load,157.0,1557.0,36.625,618.8
6657,11.15,arterial,4.8,38.7,40.3,0.555,42.0,clear,mid_ev,40,160,1900,unladen,42.0,1942.0,4.912,440.6
6658,69.49,highway,19.8,36.3,100.3,0.358,33.4,clear,small_ev,24,140,1400,half_load,168.4,1568.4,49.003,705.2
6659,10.79,city,6.5,12.5,22.1,0.284,32.4,rain,large_ev,75,190,2400,unladen,54.1,2454.1,3.759,348.3
6660,7.82,city,11.0,7.3,20.7,0.574,26.5,clear,large_ev,75,190,2400,half_load,315.9,2715.9,5.138,657.4
6661,5.38,city,4.2,4.3,36.7,0.328,41.9,clear,small_ev,24,140,1400,unladen,10.3,1410.3,1.861,345.9
6662,36.68,highway,35.5,89.3,84.3,0.554,40.2,clear,mid_ev,40,160,1900,full_load,415.0,2315.0,27.43,747.8
6663,65.36,highway,8.2,53.7,68.7,0.268,36.6,rain,small_ev,24,140,1400,full_load,256.0,1656.0,24.777,379.1
6664,83.89,highway,13.6,56.9,70.4,0.087,36.6,clear,large_ev,75,190,2400,unladen,39.8,2439.8,42.286,504.0
6666,14.26,arterial,17.2,14.2,54.9,0.323,27.7,clear,large_ev,75,190,2400,full_load,539.8,2939.8,7.15,501.3
6667,9.43,city,0.7,0.5,21.0,0.929,30.9,clear,large_ev,75,190,2400,half_load,291.3,2691.3,9.135,968.5
6668,77.56,highway,79.5,21.4,94.5,0.029,38.3,rain,mid_ev,40,160,1900,full_load,422.6,2322.6,59.235,763.7
6669,103.94,highway,20.4,48.3,87.5,0.193,29.4,rain,large_ev,75,190,2400,full_load,588.0,2988.0,78.31,753.4
6670,101.61,highway,20.1,36.5,84.3,0.149,26.7,clear,mid_ev,40,160,1900,full_load,398.5,2298.5,56.196,553.1
6672,163.1,highway,3.5,12.1,85.0,0.05,30.1,heavy_rain,large_ev,75,190,2400,full_load,582.0,2982.0,126.117,773.2
6677,27.38,highway,21.4,17.4,83.9,0.241,29.8,rain,small_ev,24,140,1400,half_load,129.3,1529.3,13.953,509.7
6678,9.25,arterial,2.9,0.7,51.7,0.325,23.3,clear,mid_ev,40,160,1900,half_load,230.3,2130.3,3.31,358.0
6679,186.46,highway,11.4,56.4,93.7,0.37,25.4,clear,mid_ev,40,160,1900,half_load,226.8,2126.8,132.098,708.4
6680,8.34,city,6.9,0.3,23.2,0.637,35.0,clear,large_ev,75,190,2400,half_load,318.7,2718.7,6.634,795.6
6681,10.61,arterial,68.7,20.5,37.8,0.914,27.3,clear,small_ev,24,140,1400,half_load,168.1,1568.1,4.09,385.4
6682,67.44,highway,124.3,0.1,93.0,0.347,40.5,clear,large_ev,75,190,2400,half_load,248.2,2648.2,67.503,1000.9
6683,46.53,highway,54.4,20.1,95.3,0.309,31.4,rain,large_ev,75,190,2400,unladen,47.1,2447.1,42.941,922.9
6684,25.08,arterial,26.4,30.1,33.0,0.408,24.2,clear,small_ev,24,140,1400,unladen,15.2,1415.2,5.285,210.7
6685,35.27,arterial,40.5,11.7,46.6,0.148,26.9,rain,large_ev,75,190,2400,half_load,241.2,2641.2,11.915,337.8
6686,62.79,highway,7.5,2.5,80.0,0.221,32.4,rain,large_ev,75,190,2400,half_load,288.8,2688.8,42.576,678.1
6687,8.14,city,3.9,4.7,21.0,0.55,39.6,clear,small_ev,24,140,1400,unladen,9.2,1409.2,2.961,363.8
6689,25.91,city,2.6,4.0,23.5,0.451,29.1,rain,mid_ev,40,160,1900,unladen,40.9,1940.9,10.093,389.5
6690,4.61,city,6.7,1.8,29.1,0.884,25.6,clear,large_ev,75,190,2400,full_load,599.7,2999.7,4.877,1058.6
6691,4.64,city,11.7,2.8,23.0,0.479,25.7,clear,small_ev,24,140,1400,unladen,10.6,1410.6,1.328,286.0
6692,4.97,city,7.2,5.2,13.7,0.44,33.3,clear,small_ev,24,140,1400,half_load,153.3,1553.3,1.566,314.8
6693,76.22,highway,104.1,43.2,100.0,0.57,31.6,clear,small_ev,24,140,1400,full_load,268.1,1668.1,55.69,730.7
6694,63.1,highway,29.3,49.2,95.7,0.335,35.8,clear,small_ev,24,140,1400,unladen,20.5,1420.5,41.933,664.6
6695,13.02,arterial,6.1,10.0,30.4,0.17,36.3,clear,large_ev,75,190,2400,half_load,355.3,2755.3,3.367,258.6
6696,56.51,highway,124.1,19.8,87.4,0.322,31.5,clear,small_ev,24,140,1400,half_load,155.8,1555.8,30.738,543.9
6697,4.98,city,6.8,0.4,32.9,0.657,38.6,heavy_rain,large_ev,75,190,2400,half_load,254.2,2654.2,4.806,964.8
6698,40.39,highway,43.6,104.9,89.7,0.417,32.3,clear,large_ev,75,190,2400,unladen,26.7,2426.7,32.505,804.7
6699,4.59,arterial,2.9,6.9,35.6,0.468,30.3,clear,large_ev,75,190,2400,full_load,585.5,2985.5,2.077,452.2
6701,2.32,city,22.5,22.8,18.0,0.592,33.1,clear,small_ev,24,140,1400,full_load,269.0,1669.0,0.985,424.9
6703,14.17,arterial,17.5,9.1,61.9,0.343,25.3,clear,mid_ev,40,160,1900,unladen,24.9,1924.9,5.961,420.8
6704,11.75,arterial,0.4,23.1,39.8,0.214,28.5,clear,large_ev,75,190,2400,full_load,571.4,2971.4,3.733,317.6
6706,7.74,city,3.1,1.6,18.6,0.803,29.3,clear,large_ev,75,190,2400,full_load,586.9,2986.9,7.172,926.2
6708,17.27,arterial,8.5,9.6,43.3,0.634,35.6,clear,mid_ev,40,160,1900,unladen,22.5,1922.5,7.177,415.4
6710,70.12,highway,15.1,50.8,88.4,0.146,22.8,heavy_rain,mid_ev,40,160,1900,half_load,211.6,2111.6,43.756,624.0
6711,51.36,highway,13.9,13.8,71.8,0.06,32.9,clear,mid_ev,40,160,1900,full_load,392.7,2292.7,23.443,456.4
6712,10.67,city,23.1,0.5,16.0,0.539,24.9,clear,large_ev,75,190,2400,unladen,48.4,2448.4,5.863,549.7
6713,89.26,highway,24.3,44.5,82.4,0.383,35.2,rain,large_ev,75,190,2400,unladen,54.2,2454.2,69.592,779.7
6714,140.66,highway,15.1,8.8,108.8,0.188,34.5,rain,mid_ev,40,160,1900,half_load,197.2,2097.2,127.335,905.3
6715,198.59,highway,21.3,18.3,76.5,0.042,25.9,clear,mid_ev,40,160,1900,full_load,436.1,2336.1,88.96,448.0
6716,91.29,highway,8.0,16.5,87.2,0.155,40.4,clear,small_ev,24,140,1400,unladen,12.3,1412.3,56.676,620.8
6717,47.92,highway,25.3,11.0,73.1,0.088,28.4,heavy_rain,mid_ev,40,160,1900,half_load,236.6,2136.6,22.556,470.7
6718,127.82,highway,35.1,7.8,70.2,0.109,31.6,clear,large_ev,75,190,2400,half_load,266.2,2666.2,61.531,481.4
6719,3.61,city,6.5,4.0,20.5,0.574,28.6,rain,mid_ev,40,160,1900,full_load,394.8,2294.8,1.994,551.6
6720,46.01,highway,58.6,29.5,81.7,0.219,37.3,heavy_rain,large_ev,75,190,2400,full_load,510.0,2910.0,35.901,780.3
6721,29.76,arterial,28.5,13.2,29.3,0.804,31.0,clear,large_ev,75,190,2400,full_load,544.6,2944.6,17.813,598.5
6722,2.19,city,8.4,1.4,29.0,0.444,41.1,rain,small_ev,24,140,1400,unladen,6.9,1406.9,0.86,392.7
6723,7.12,city,5.4,10.6,19.8,0.501,25.3,clear,mid_ev,40,160,1900,half_load,211.4,2111.4,2.89,405.7
6724,9.71,city,3.8,1.5,17.4,0.537,32.7,clear,mid_ev,40,160,1900,full_load,436.4,2336.4,5.447,560.8
6726,13.63,city,4.6,11.2,21.8,0.184,29.0,clear,large_ev,75,190,2400,unladen,23.6,2423.6,3.326,244.0
6727,13.67,arterial,28.5,55.1,50.3,0.562,35.4,clear,mid_ev,40,160,1900,full_load,440.3,2340.3,6.647,486.3
6728,6.49,city,2.5,27.4,30.5,0.379,21.7,clear,large_ev,75,190,2400,half_load,327.5,2727.5,3.1,477.5
6729,14.28,city,0.5,12.7,29.8,0.43,31.4,heavy_rain,large_ev,75,190,2400,half_load,321.5,2721.5,9.363,655.7
6730,3.1,arterial,4.8,1.3,47.3,0.315,25.9,clear,small_ev,24,140,1400,full_load,287.6,1687.6,0.834,268.9
6731,15.01,arterial,14.7,33.6,44.5,0.144,29.4,clear,small_ev,24,140,1400,unladen,29.6,1429.6,2.98,198.5
6732,6.57,city,1.7,0.8,16.6,0.31,30.9,clear,mid_ev,40,160,1900,full_load,420.0,2320.0,2.134,325.0
6733,12.57,city,2.1,11.5,27.1,0.667,36.4,clear,small_ev,24,140,1400,half_load,155.5,1555.5,6.023,479.3
6735,9.49,city,4.9,6.3,31.8,0.469,25.4,clear,mid_ev,40,160,1900,half_load,229.6,2129.6,4.291,452.2
6737,17.82,arterial,9.7,11.0,36.0,0.365,33.1,rain,mid_ev,40,160,1900,full_load,397.1,2297.1,6.098,342.2
6738,1.06,city,21.8,6.3,31.3,0.52,21.9,rain,mid_ev,40,160,1900,half_load,225.8,2125.8,0.697,660.3
6739,9.49,city,2.5,0.4,17.0,0.308,33.2,rain,large_ev,75,190,2400,full_load,594.7,2994.7,4.262,449.1
6740,57.84,highway,27.2,52.1,88.9,0.339,31.3,clear,small_ev,24,140,1400,unladen,12.0,1412.0,32.045,554.0
6741,31.79,arterial,3.6,16.1,36.9,0.123,28.0,clear,large_ev,75,190,2400,full_load,587.4,2987.4,8.048,253.2
6742,11.26,city,20.2,0.8,16.8,0.741,33.6,clear,mid_ev,40,160,1900,half_load,235.2,2135.2,6.772,601.4
6743,31.36,highway,19.5,24.6,76.1,0.169,38.9,rain,small_ev,24,140,1400,half_load,148.2,1548.2,15.716,501.1
6745,54.41,highway,1.1,18.6,86.9,0.078,23.3,clear,small_ev,24,140,1400,unladen,22.1,1422.1,26.928,494.9
6746,134.71,highway,101.4,15.6,87.9,0.309,27.6,clear,large_ev,75,190,2400,half_load,249.9,2649.9,98.949,734.6
6747,11.96,city,3.7,15.8,18.6,0.706,39.3,clear,large_ev,75,190,2400,unladen,24.4,2424.4,8.997,752.4
6748,2.43,city,2.9,8.1,29.6,0.895,21.1,clear,small_ev,24,140,1400,full_load,280.1,1680.1,1.51,620.9
6749,3.3,city,22.0,11.1,24.4,0.686,42.0,clear,mid_ev,40,160,1900,unladen,3.1,1903.1,2.258,684.0
6750,37.18,arterial,21.2,3.6,32.9,0.406,31.8,clear,small_ev,24,140,1400,half_load,164.1,1564.1,9.488,255.2
6751,11.66,arterial,38.6,5.0,55.2,0.173,37.0,clear,large_ev,75,190,2400,full_load,553.3,2953.3,5.914,507.1
6752,6.0,arterial,4.4,6.0,44.7,0.332,26.5,clear,mid_ev,40,160,1900,full_load,408.3,2308.3,1.88,313.3
6754,1.45,city,4.7,10.9,9.0,0.927,27.7,heavy_rain,mid_ev,40,160,1900,half_load,207.4,2107.4,1.109,765.4
6755,15.97,arterial,19.3,3.6,31.6,0.478,29.6,clear,mid_ev,40,160,1900,unladen,31.4,1931.4,4.864,304.6
6756,3.6,arterial,6.8,2.0,40.6,0.269,29.4,clear,mid_ev,40,160,1900,half_load,183.7,2083.7,1.028,285.6
6757,51.97,arterial,16.6,0.8,45.4,0.072,31.2,clear,large_ev,75,190,2400,full_load,543.9,2943.9,15.256,293.6
6758,44.66,arterial,12.0,0.2,44.4,0.069,34.5,clear,small_ev,24,140,1400,half_load,164.6,1564.6,8.389,187.8
6759,12.2,city,9.7,30.5,34.7,0.304,24.3,clear,large_ev,75,190,2400,half_load,352.4,2752.4,5.477,449.0
6760,4.35,arterial,7.1,10.3,46.3,0.281,29.0,clear,large_ev,75,190,2400,full_load,538.8,2938.8,1.797,413.4
6761,26.89,arterial,12.5,5.5,51.2,0.443,42.0,rain,small_ev,24,140,1400,full_load,280.7,1680.7,11.52,428.4
6762,20.7,city,9.3,4.5,19.1,0.391,31.3,clear,small_ev,24,140,1400,full_load,289.9,1689.9,6.228,300.8
6763,84.96,highway,81.3,32.8,82.9,0.289,23.6,clear,small_ev,24,140,1400,full_load,276.7,1676.7,40.585,477.7
6764,37.7,arterial,26.6,12.4,60.3,0.765,30.1,clear,mid_ev,40,160,1900,half_load,220.4,2120.4,22.425,594.8
6766,12.64,arterial,37.0,0.9,42.6,0.219,32.4,clear,mid_ev,40,160,1900,unladen,36.1,1936.1,3.265,258.3
6767,4.06,city,0.1,0.1,21.3,0.626,26.9,clear,small_ev,24,140,1400,unladen,1.1,1401.1,1.435,353.2
6768,27.29,arterial,28.4,4.6,43.5,0.701,20.1,clear,large_ev,75,190,2400,half_load,275.7,2675.7,15.296,560.6
6769,4.17,city,3.3,2.1,24.5,0.456,33.1,clear,large_ev,75,190,2400,unladen,12.5,2412.5,2.171,520.5
6770,25.6,highway,42.3,65.6,78.0,0.06,29.0,clear,small_ev,24,140,1400,half_load,172.7,1572.7,10.087,394.0
6771,23.85,arterial,11.5,2.0,44.5,0.074,33.8,clear,mid_ev,40,160,1900,half_load,253.0,2153.0,6.019,252.4
6773,2.58,city,5.4,4.1,23.0,0.842,33.1,clear,large_ev,75,190,2400,unladen,25.4,2425.4,2.197,850.5
6774,10.92,city,5.4,9.4,12.1,0.496,34.7,clear,mid_ev,40,160,1900,half_load,222.9,2122.9,4.899,448.6
6775,75.83,highway,3.2,30.7,79.1,0.332,33.4,rain,mid_ev,40,160,1900,full_load,403.0,2303.0,42.918,565.9
6777,5.38,arterial,17.4,4.5,41.3,0.617,33.4,rain,mid_ev,40,160,1900,unladen,30.9,1930.9,2.467,458.7
6779,5.36,arterial,0.7,16.7,42.9,0.432,29.7,clear,mid_ev,40,160,1900,unladen,18.5,1918.5,1.733,323.4
6780,21.28,arterial,24.3,31.5,54.5,0.57,28.0,heavy_rain,large_ev,75,190,2400,unladen,49.8,2449.8,13.393,629.4
6781,18.0,city,5.2,4.1,25.1,0.64,34.7,clear,small_ev,24,140,1400,full_load,272.9,1672.9,8.518,473.3
6782,28.81,arterial,8.7,5.9,46.4,0.261,28.3,rain,large_ev,75,190,2400,half_load,314.1,2714.1,11.077,384.5
6783,14.5,arterial,27.4,50.8,50.3,0.575,37.5,clear,large_ev,75,190,2400,half_load,359.5,2759.5,9.515,656.1
6784,10.08,city,8.0,2.5,24.2,0.148,28.6,clear,small_ev,24,140,1400,half_load,177.2,1577.2,1.643,163.1
6785,10.6,city,3.5,2.2,23.6,0.567,22.8,clear,mid_ev,40,160,1900,full_load,391.0,2291.0,5.657,533.8
6787,84.48,highway,44.0,93.1,85.7,0.145,21.5,rain,large_ev,75,190,2400,half_load,353.2,2753.2,59.335,702.4
6788,43.55,arterial,7.4,6.5,54.1,0.544,36.0,clear,small_ev,24,140,1400,full_load,281.7,1681.7,18.262,419.4
6789,10.49,arterial,14.9,0.6,42.8,0.657,32.2,clear,small_ev,24,140,1400,unladen,2.2,1402.2,3.509,334.6
6790,11.67,highway,9.9,14.0,84.8,0.284,37.3,heavy_rain,small_ev,24,140,1400,half_load,172.5,1572.5,6.783,581.5
6791,63.82,highway,3.3,37.2,80.7,0.147,36.8,clear,small_ev,24,140,1400,unladen,5.5,1405.5,30.993,485.7
6792,37.48,arterial,13.0,14.3,51.8,0.267,31.0,rain,large_ev,75,190,2400,half_load,245.2,2645.2,17.42,464.8
6793,5.96,city,0.8,4.5,14.0,0.691,33.4,clear,large_ev,75,190,2400,full_load,566.1,2966.1,5.008,841.0
6794,14.46,arterial,21.8,8.0,39.2,0.261,24.1,clear,large_ev,75,190,2400,half_load,358.8,2758.8,4.754,328.9
6795,13.63,city,13.8,0.7,23.0,0.716,28.3,clear,large_ev,75,190,2400,unladen,57.8,2457.8,9.635,707.1
6796,59.29,highway,71.3,2.9,114.8,0.044,27.8,clear,small_ev,24,140,1400,half_load,150.7,1550.7,45.842,773.2
6797,58.17,highway,9.5,29.5,78.6,0.523,37.6,clear,large_ev,75,190,2400,half_load,329.5,2729.5,42.382,728.6
6798,23.51,arterial,27.9,11.2,50.7,0.276,26.1,clear,small_ev,24,140,1400,unladen,10.5,1410.5,6.219,264.6
6799,17.96,arterial,18.9,19.2,46.1,0.336,39.5,clear,large_ev,75,190,2400,unladen,1.2,2401.2,8.265,460.2
6800,16.15,arterial,24.4,7.2,49.4,0.331,25.8,clear,small_ev,24,140,1400,unladen,22.6,1422.6,4.525,280.2
6801,15.61,city,24.4,13.0,16.9,0.381,28.2,clear,large_ev,75,190,2400,full_load,554.5,2954.5,7.234,463.4
6802,14.81,arterial,21.9,2.2,54.6,0.52,34.9,clear,mid_ev,40,160,1900,full_load,407.8,2307.8,7.77,524.6
6803,55.66,highway,85.7,10.6,95.5,0.002,29.7,clear,large_ev,75,190,2400,unladen,20.0,2420.0,44.224,794.6
6804,21.69,highway,73.1,36.4,76.3,0.134,28.9,rain,mid_ev,40,160,1900,full_load,398.4,2298.4,11.425,526.7
6805,65.15,highway,49.5,37.6,90.5,0.009,32.9,clear,small_ev,24,140,1400,unladen,26.6,1426.6,35.809,549.6
6806,9.51,city,0.5,5.8,11.8,0.619,26.3,clear,small_ev,24,140,1400,full_load,256.0,1656.0,3.843,404.3
6808,67.72,highway,10.9,13.8,70.0,0.109,35.1,heavy_rain,small_ev,24,140,1400,unladen,23.0,1423.0,28.241,417.0
6809,2.07,city,6.2,14.1,23.2,0.672,36.0,rain,small_ev,24,140,1400,half_load,138.8,1538.8,0.955,461.5
6811,13.63,arterial,21.0,10.3,49.0,0.453,34.7,clear,mid_ev,40,160,1900,half_load,214.3,2114.3,6.045,443.4
6812,32.12,arterial,12.1,9.4,41.8,0.167,22.1,clear,mid_ev,40,160,1900,full_load,424.1,2324.1,8.255,257.0
6813,80.1,highway,8.5,6.9,95.7,0.128,28.9,clear,mid_ev,40,160,1900,full_load,443.9,2343.9,55.505,693.0
6814,11.49,arterial,29.6,5.3,35.7,0.514,22.8,clear,mid_ev,40,160,1900,full_load,439.0,2339.0,4.303,374.4
6815,16.86,arterial,44.9,8.9,54.3,0.652,27.6,clear,large_ev,75,190,2400,half_load,255.7,2655.7,10.707,635.0
6816,7.89,city,11.2,12.4,31.3,0.942,36.3,rain,mid_ev,40,160,1900,full_load,405.5,2305.5,7.675,973.1
6820,13.47,city,0.3,6.6,33.1,0.338,32.9,rain,small_ev,24,140,1400,half_load,128.6,1528.6,4.202,311.8
6822,12.38,city,11.0,0.3,25.5,0.162,27.4,heavy_rain,mid_ev,40,160,1900,unladen,41.5,1941.5,2.666,215.3
6823,44.18,highway,64.9,11.4,79.2,0.145,27.5,heavy_rain,mid_ev,40,160,1900,half_load,191.5,2091.5,23.922,541.5
6824,83.15,highway,1.8,16.5,62.6,0.191,42.0,clear,mid_ev,40,160,1900,half_load,254.1,2154.1,38.078,457.9
6825,6.27,arterial,2.9,10.3,43.7,0.281,26.6,clear,large_ev,75,190,2400,unladen,10.8,2410.8,2.038,324.9
6826,11.03,arterial,43.9,15.5,44.7,0.485,33.0,heavy_rain,large_ev,75,190,2400,unladen,9.4,2409.4,5.706,517.2
6827,6.11,arterial,14.8,9.7,44.4,0.193,36.6,heavy_rain,small_ev,24,140,1400,half_load,158.6,1558.6,1.544,252.7
6828,11.99,highway,11.7,15.3,80.1,0.129,28.0,clear,large_ev,75,190,2400,full_load,563.4,2963.4,7.55,629.6
6829,12.78,city,10.3,24.4,17.8,0.89,32.6,clear,mid_ev,40,160,1900,unladen,2.7,1902.7,8.783,687.2
6830,9.3,arterial,10.2,8.7,48.3,0.703,27.2,clear,small_ev,24,140,1400,full_load,281.8,1681.8,3.666,394.3
6832,2.38,city,1.9,5.4,24.8,0.746,29.6,rain,mid_ev,40,160,1900,full_load,442.2,2342.2,1.755,737.0
6833,20.58,arterial,30.9,23.5,49.3,0.365,30.2,clear,small_ev,24,140,1400,unladen,28.3,1428.3,5.855,284.5
6834,43.79,highway,15.3,0.8,104.5,0.048,22.7,rain,small_ev,24,140,1400,half_load,169.7,1569.7,30.179,689.1
6835,9.5,city,7.8,16.5,26.3,0.591,33.5,rain,large_ev,75,190,2400,full_load,519.7,2919.7,7.774,818.6
6836,76.65,highway,28.6,23.9,86.5,0.135,31.4,rain,small_ev,24,140,1400,full_load,294.4,1694.4,40.992,534.8
6837,9.82,city,16.1,19.2,19.2,0.93,32.3,rain,small_ev,24,140,1400,half_load,176.2,1576.2,5.965,607.7
6838,3.62,city,4.6,11.8,22.6,0.149,29.0,heavy_rain,large_ev,75,190,2400,unladen,13.1,2413.1,0.917,253.0
6839,103.56,highway,52.2,47.0,89.1,0.55,26.2,clear,small_ev,24,140,1400,full_load,297.3,1697.3,61.364,592.6
6840,11.28,highway,9.5,78.2,69.3,0.05,27.3,rain,large_ev,75,190,2400,half_load,345.9,2745.9,5.182,459.6
6841,18.23,arterial,7.2,9.6,41.8,0.64,25.1,heavy_rain,mid_ev,40,160,1900,half_load,191.6,2091.6,7.886,432.6
6842,84.87,highway,26.8,10.5,96.3,0.076,36.1,heavy_rain,small_ev,24,140,1400,unladen,9.2,1409.2,57.882,682.0
6843,17.32,arterial,3.1,0.8,43.3,0.644,34.8,clear,large_ev,75,190,2400,unladen,22.6,2422.6,8.864,511.9
6844,77.65,highway,40.1,3.3,80.6,0.494,22.2,clear,large_ev,75,190,2400,unladen,4.5,2404.5,53.087,683.7
6845,40.61,arterial,15.6,61.4,51.7,0.392,42.0,clear,large_ev,75,190,2400,half_load,275.4,2675.4,23.887,588.2
6846,61.36,highway,7.6,1.6,82.5,0.459,33.3,clear,large_ev,75,190,2400,half_load,339.2,2739.2,45.002,733.4
6847,4.57,city,17.4,2.7,16.6,0.575,25.9,clear,large_ev,75,190,2400,unladen,1.3,2401.3,2.451,535.9
6848,54.89,highway,16.5,4.1,72.0,0.271,36.0,clear,large_ev,75,190,2400,unladen,26.5,2426.5,32.403,590.3
6849,106.71,highway,20.7,58.1,73.9,0.367,22.4,heavy_rain,large_ev,75,190,2400,unladen,41.2,2441.2,67.13,629.1
6851,30.25,arterial,4.5,14.1,62.6,0.834,22.2,rain,large_ev,75,190,2400,unladen,49.0,2449.0,21.975,726.4
6852,137.66,highway,46.0,6.5,67.0,0.138,29.0,clear,large_ev,75,190,2400,half_load,295.7,2695.7,65.46,475.5
6853,128.27,highway,14.7,24.8,85.4,0.179,38.0,clear,large_ev,75,190,2400,unladen,16.3,2416.3,99.458,775.4
6854,81.14,highway,6.3,6.9,82.9,0.016,33.8,clear,mid_ev,40,160,1900,unladen,2.7,1902.7,46.6,574.4
6855,68.55,highway,37.6,35.1,85.7,0.01,30.3,clear,small_ev,24,140,1400,full_load,269.3,1669.3,32.508,474.2
6856,119.56,highway,3.5,26.2,84.2,0.031,38.6,clear,small_ev,24,140,1400,half_load,134.4,1534.4,64.998,543.6
6857,1.31,city,18.8,2.4,27.4,0.373,28.5,clear,large_ev,75,190,2400,half_load,324.2,2724.2,0.764,583.2
6858,1.51,city,2.2,0.7,13.1,0.797,30.6,clear,mid_ev,40,160,1900,half_load,182.5,2082.5,0.936,618.6
6860,50.21,highway,9.1,5.9,76.4,0.023,28.5,clear,small_ev,24,140,1400,full_load,294.0,1694.0,18.135,361.2
6862,4.04,arterial,44.2,19.5,54.0,0.553,21.5,clear,large_ev,75,190,2400,half_load,329.9,2729.9,2.608,644.8
6863,15.09,arterial,23.3,5.4,44.9,0.747,33.2,rain,large_ev,75,190,2400,half_load,357.9,2757.9,10.684,708.2
6866,12.98,city,8.6,2.5,14.0,0.218,29.6,clear,mid_ev,40,160,1900,unladen,41.4,1941.4,2.848,219.5
6867,8.72,city,9.0,6.1,16.9,0.558,31.7,clear,mid_ev,40,160,1900,unladen,15.2,1915.2,4.142,475.1
6869,149.2,highway,155.1,29.2,89.8,0.477,34.2,rain,mid_ev,40,160,1900,full_load,401.8,2301.8,110.532,740.8
6870,17.02,city,11.4,1.8,28.1,0.652,34.0,rain,mid_ev,40,160,1900,full_load,437.9,2337.9,11.899,699.1
6871,8.87,city,1.2,9.1,14.8,0.417,30.9,clear,mid_ev,40,160,1900,half_load,229.0,2129.0,3.522,397.0
6872,80.01,highway,57.6,8.0,89.0,0.065,36.0,clear,small_ev,24,140,1400,full_load,259.7,1659.7,47.14,589.2
6873,24.16,city,10.6,0.0,19.5,0.083,20.0,heavy_rain,large_ev,75,190,2400,half_load,355.8,2755.8,4.6,190.4
6874,27.2,highway,102.8,1.8,90.7,0.227,27.2,clear,small_ev,24,140,1400,full_load,279.4,1679.4,16.004,588.3
6876,36.84,highway,168.6,14.4,81.1,0.121,28.7,clear,small_ev,24,140,1400,unladen,15.7,1415.7,17.581,477.2
6877,72.73,highway,5.2,22.6,90.0,0.257,30.1,clear,large_ev,75,190,2400,unladen,21.5,2421.5,55.621,764.7
6878,13.24,arterial,125.0,12.8,46.3,0.561,23.5,rain,large_ev,75,190,2400,unladen,23.9,2423.9,6.832,516.1
6879,23.28,arterial,12.0,14.4,26.9,0.149,34.5,clear,large_ev,75,190,2400,full_load,546.1,2946.1,5.603,240.7
6882,89.06,highway,0.2,20.7,87.2,0.053,33.3,heavy_rain,small_ev,24,140,1400,unladen,15.3,1415.3,50.328,565.1
6883,3.22,city,0.6,5.1,20.6,0.071,33.8,clear,mid_ev,40,160,1900,unladen,43.7,1943.7,0.476,147.6
6885,97.06,highway,20.3,26.9,78.2,0.112,28.1,clear,small_ev,24,140,1400,full_load,292.5,1692.5,40.92,421.6
6887,33.46,arterial,5.4,45.5,37.4,0.231,23.9,clear,small_ev,24,140,1400,half_load,155.6,1555.6,6.305,188.4
6888,89.88,highway,14.6,9.9,80.7,0.023,22.4,rain,large_ev,75,190,2400,unladen,23.3,2423.3,53.127,591.1
6889,37.65,arterial,16.2,0.6,48.6,0.351,33.5,clear,large_ev,75,190,2400,full_load,567.1,2967.1,17.778,472.2
6890,34.06,arterial,20.9,3.9,53.4,0.291,27.3,rain,mid_ev,40,160,1900,full_load,435.1,2335.1,14.087,413.6
6891,23.5,arterial,0.1,6.5,47.3,0.177,27.5,clear,mid_ev,40,160,1900,unladen,35.1,1935.1,6.113,260.1
6892,13.15,city,17.8,0.7,13.7,0.595,36.2,rain,mid_ev,40,160,1900,half_load,239.5,2139.5,7.243,550.7
6893,32.52,arterial,21.5,9.9,43.8,0.571,30.4,clear,small_ev,24,140,1400,full_load,285.4,1685.4,10.843,333.5
6894,85.54,highway,33.7,32.1,83.9,0.045,36.5,clear,small_ev,24,140,1400,half_load,152.1,1552.1,41.061,480.0
6895,9.4,city,6.0,8.2,13.0,0.306,20.0,clear,small_ev,24,140,1400,unladen,16.4,1416.4,1.757,186.9
6896,28.56,highway,21.5,5.5,98.3,0.547,27.8,clear,mid_ev,40,160,1900,half_load,218.6,2118.6,23.457,821.4
6897,63.4,highway,3.2,13.2,99.7,0.264,20.7,clear,mid_ev,40,160,1900,full_load,438.4,2338.4,45.882,723.7
6898,42.52,highway,54.3,21.2,87.5,0.535,32.4,clear,mid_ev,40,160,1900,half_load,237.2,2137.2,30.069,707.1
6899,55.49,highway,33.8,12.9,71.7,0.094,31.9,rain,large_ev,75,190,2400,unladen,39.0,2439.0,29.636,534.1
6900,7.75,arterial,3.2,32.9,49.5,0.7,27.8,clear,small_ev,24,140,1400,half_load,167.2,1567.2,2.931,378.3
6901,7.98,city,6.1,3.9,25.6,0.52,39.4,heavy_rain,small_ev,24,140,1400,full_load,262.0,1662.0,3.953,495.1
6903,7.71,city,7.0,15.6,20.1,0.156,34.8,clear,small_ev,24,140,1400,unladen,20.6,1420.6,1.116,144.7
6904,27.18,highway,7.2,6.9,76.6,0.155,24.3,clear,small_ev,24,140,1400,unladen,16.4,1416.4,10.731,394.8
6905,36.77,arterial,7.3,0.4,49.6,0.345,27.8,clear,large_ev,75,190,2400,unladen,10.4,2410.4,15.135,411.6
6906,34.77,highway,4.3,85.4,96.2,0.124,27.0,clear,large_ev,75,190,2400,half_load,334.6,2734.6,27.658,795.4
6907,4.68,city,9.7,4.9,24.9,0.616,32.6,heavy_rain,large_ev,75,190,2400,unladen,54.2,2454.2,3.167,677.4
6908,8.01,arterial,28.4,0.3,47.2,0.37,24.2,clear,small_ev,24,140,1400,half_load,122.1,1522.1,2.37,295.8
6909,10.96,arterial,0.7,14.4,39.5,0.403,31.2,clear,large_ev,75,190,2400,half_load,305.8,2705.8,4.457,406.5
6910,10.77,city,3.1,12.8,21.9,0.843,36.7,clear,mid_ev,40,160,1900,unladen,2.3,1902.3,7.773,722.0
6911,7.59,city,2.7,19.7,21.7,0.86,27.1,clear,mid_ev,40,160,1900,unladen,27.3,1927.3,4.937,650.5
6912,30.37,highway,12.2,5.5,84.5,0.107,28.4,clear,small_ev,24,140,1400,full_load,266.1,1666.1,14.668,483.0
6913,39.29,highway,3.3,12.2,94.3,0.076,29.8,clear,small_ev,24,140,1400,full_load,279.0,1679.0,21.889,557.2
6917,12.36,city,6.7,0.2,13.0,0.851,36.0,clear,mid_ev,40,160,1900,full_load,385.5,2285.5,9.426,762.8
6918,2.0,arterial,13.5,20.9,55.4,0.207,32.8,clear,mid_ev,40,160,1900,unladen,14.6,1914.6,0.717,358.7
6920,73.18,highway,17.0,45.3,96.2,0.005,26.8,clear,large_ev,75,190,2400,half_load,341.8,2741.8,55.64,760.3
6921,3.76,city,5.2,2.3,23.4,0.565,36.4,clear,large_ev,75,190,2400,full_load,547.2,2947.2,3.02,803.1
6922,43.93,highway,24.8,8.3,82.6,0.288,28.4,rain,mid_ev,40,160,1900,unladen,33.3,1933.3,26.077,593.7
6924,37.15,highway,33.8,27.9,95.5,0.023,29.2,clear,large_ev,75,190,2400,half_load,307.8,2707.8,30.069,809.4
6925,1.0,city,8.9,1.0,20.7,0.482,32.2,clear,large_ev,75,190,2400,full_load,571.2,2971.2,0.639,638.5
6926,129.21,highway,32.1,46.6,95.1,0.423,27.0,clear,large_ev,75,190,2400,full_load,588.7,2988.7,111.578,863.5
6930,125.51,highway,93.2,6.7,95.7,0.394,34.5,clear,large_ev,75,190,2400,full_load,530.2,2930.2,118.419,943.5
6931,46.3,highway,61.0,14.3,89.2,0.27,36.9,rain,mid_ev,40,160,1900,unladen,21.5,1921.5,33.445,722.4
6932,1.65,city,7.8,0.3,23.8,0.343,32.7,clear,mid_ev,40,160,1900,half_load,259.4,2159.4,0.66,399.6
6933,19.1,highway,103.9,78.3,80.1,0.257,29.8,rain,mid_ev,40,160,1900,full_load,414.4,2314.4,11.084,580.2
6935,3.26,city,5.2,18.9,21.2,0.275,20.4,rain,mid_ev,40,160,1900,half_load,256.5,2156.5,0.938,288.0
6936,44.84,highway,51.6,4.2,92.2,0.56,30.9,rain,large_ev,75,190,2400,half_load,321.5,2721.5,41.064,915.9
6937,27.41,arterial,0.2,26.3,41.5,0.094,34.5,clear,large_ev,75,190,2400,half_load,278.1,2678.1,7.208,263.0
6938,13.11,arterial,5.2,10.8,37.1,0.383,38.7,clear,small_ev,24,140,1400,full_load,297.9,1697.9,3.557,271.4
6939,73.38,highway,22.0,55.1,92.7,0.43,24.0,rain,mid_ev,40,160,1900,unladen,11.9,1911.9,50.871,693.2
6941,6.55,arterial,60.6,39.2,70.0,0.514,23.2,rain,small_ev,24,140,1400,full_load,288.2,1688.2,3.573,545.7
6942,103.1,highway,24.9,10.5,83.0,0.329,33.6,clear,mid_ev,40,160,1900,unladen,41.7,1941.7,59.966,581.6
6943,4.06,city,13.6,30.0,24.8,0.58,35.2,rain,mid_ev,40,160,1900,half_load,257.8,2157.8,2.38,586.8
6945,74.68,highway,18.0,38.6,63.4,0.404,30.3,clear,large_ev,75,190,2400,full_load,518.0,2918.0,36.738,491.9
6946,14.73,arterial,8.3,2.1,52.2,0.394,30.8,clear,mid_ev,40,160,1900,full_load,434.2,2334.2,5.889,399.7
6948,46.5,highway,80.3,45.9,85.7,0.073,31.3,clear,small_ev,24,140,1400,half_load,179.1,1579.1,22.264,478.8
6949,71.97,highway,70.0,1.0,86.9,0.106,41.7,clear,small_ev,24,140,1400,half_load,147.7,1547.7,43.095,598.8
6950,17.7,city,11.8,4.7,20.2,0.338,29.0,rain,mid_ev,40,160,1900,unladen,43.3,1943.3,5.532,312.5
6951,24.23,arterial,129.6,15.6,48.8,0.79,25.8,heavy_rain,small_ev,24,140,1400,unladen,2.9,1402.9,10.492,433.0
6952,77.53,highway,28.3,15.0,97.8,0.033,23.2,clear,mid_ev,40,160,1900,unladen,24.9,1924.9,50.207,647.6
6954,7.63,city,10.1,12.1,24.8,0.689,31.2,clear,large_ev,75,190,2400,full_load,552.5,2952.5,6.222,815.6
6955,13.62,city,0.3,0.2,23.0,0.801,31.7,clear,large_ev,75,190,2400,full_load,589.3,2989.3,13.367,981.4
6956,6.79,city,1.0,17.2,21.6,0.683,32.1,clear,mid_ev,40,160,1900,unladen,15.7,1915.7,3.901,574.9
6957,46.94,arterial,22.9,72.9,41.2,0.586,33.5,clear,small_ev,24,140,1400,full_load,287.8,1687.8,15.853,337.7
6958,70.1,highway,6.1,81.0,94.8,0.215,24.3,rain,mid_ev,40,160,1900,unladen,37.4,1937.4,48.647,694.0
6960,25.13,arterial,18.3,14.9,52.7,0.612,34.2,rain,large_ev,75,190,2400,half_load,255.5,2655.5,16.974,675.3
6961,105.76,highway,0.9,11.1,85.4,0.105,36.8,clear,large_ev,75,190,2400,full_load,525.0,2925.0,82.845,783.4
6962,25.89,highway,39.9,140.8,78.5,0.2,30.9,rain,mid_ev,40,160,1900,full_load,442.5,2342.5,13.935,538.3
6963,1.81,city,0.4,6.1,23.3,0.417,24.1,rain,mid_ev,40,160,1900,full_load,447.6,2347.6,0.794,437.7
6964,163.62,highway,20.9,95.3,76.0,0.09,24.5,clear,small_ev,24,140,1400,half_load,168.8,1568.8,62.15,379.8
6965,100.57,highway,14.1,58.7,95.3,0.27,27.9,clear,small_ev,24,140,1400,full_load,288.3,1688.3,60.705,603.6
6966,46.23,highway,16.6,52.9,85.4,0.03,37.5,heavy_rain,small_ev,24,140,1400,half_load,174.7,1574.7,25.535,552.3
6967,20.85,city,24.2,4.5,18.3,0.736,32.3,clear,mid_ev,40,160,1900,unladen,17.6,1917.6,12.229,586.4
6969,16.13,city,14.9,4.0,30.1,0.298,33.6,rain,small_ev,24,140,1400,unladen,12.6,1412.6,4.256,263.8
6970,69.98,highway,88.0,7.6,94.4,0.262,37.7,clear,mid_ev,40,160,1900,half_load,230.7,2130.7,57.744,825.1
6971,13.68,arterial,12.3,20.6,40.3,0.651,26.0,clear,large_ev,75,190,2400,full_load,572.8,2972.8,7.755,566.9
6972,79.11,highway,14.3,25.4,105.1,0.236,22.9,clear,small_ev,24,140,1400,full_load,291.2,1691.2,55.086,696.3
6973,142.57,highway,3.4,37.8,86.6,0.161,31.4,clear,mid_ev,40,160,1900,full_load,412.8,2312.8,89.753,629.5
6974,9.99,city,20.9,6.8,27.4,0.448,42.0,clear,mid_ev,40,160,1900,unladen,14.2,1914.2,4.915,492.1
6975,7.92,arterial,12.2,16.7,36.5,0.559,40.6,rain,large_ev,75,190,2400,full_load,558.8,2958.8,4.668,589.5
6976,7.61,arterial,23.3,16.7,54.1,0.64,39.2,rain,large_ev,75,190,2400,unladen,58.8,2458.8,5.695,748.7
6977,41.14,arterial,1.3,0.6,42.1,0.3,39.8,clear,small_ev,24,140,1400,full_load,294.7,1694.7,11.802,286.9
6980,47.25,arterial,2.8,21.8,38.5,0.544,22.8,rain,large_ev,75,190,2400,unladen,38.1,2438.1,18.901,400.0
6981,11.25,city,11.1,28.5,31.2,0.4,30.7,rain,mid_ev,40,160,1900,full_load,442.0,2342.0,5.174,460.0
6983,17.02,highway,25.3,177.5,96.8,0.112,27.4,clear,large_ev,75,190,2400,unladen,12.8,2412.8,14.783,868.5
6984,34.68,highway,22.0,78.7,79.0,0.225,20.0,rain,large_ev,75,190,2400,full_load,595.3,2995.3,20.508,591.3
6985,15.62,city,2.4,14.6,16.0,0.358,27.0,heavy_rain,mid_ev,40,160,1900,full_load,427.4,2327.4,5.877,376.1
6986,14.94,arterial,33.6,9.1,36.5,0.154,20.0,clear,mid_ev,40,160,1900,half_load,237.7,2137.7,3.094,207.1
6987,39.62,arterial,5.7,28.2,46.9,0.231,26.5,clear,mid_ev,40,160,1900,full_load,413.0,2313.0,12.354,311.8
6988,7.57,city,13.6,10.9,30.5,0.353,34.2,clear,mid_ev,40,160,1900,half_load,263.4,2163.4,2.962,391.2
6989,39.14,arterial,23.4,30.8,53.6,0.092,40.5,rain,large_ev,75,190,2400,full_load,580.9,2980.9,18.148,463.6
6990,10.0,highway,65.0,113.0,77.8,0.018,29.3,heavy_rain,mid_ev,40,160,1900,unladen,39.4,1939.4,5.34,534.0
6991,12.49,arterial,3.3,21.3,41.2,0.566,29.4,clear,mid_ev,40,160,1900,full_load,414.7,2314.7,5.048,404.2
6993,20.77,arterial,33.7,0.9,41.9,0.587,27.9,clear,small_ev,24,140,1400,unladen,13.6,1413.6,5.975,287.8
6994,5.5,city,3.1,2.4,10.3,0.713,31.4,clear,small_ev,24,140,1400,unladen,15.6,1415.6,2.237,406.6
6996,73.33,highway,0.2,36.1,85.5,0.341,34.5,rain,large_ev,75,190,2400,unladen,56.1,2456.1,55.229,753.1
6998,70.11,highway,29.3,45.4,82.2,0.649,27.5,heavy_rain,mid_ev,40,160,1900,unladen,6.3,1906.3,47.319,674.9
6999,13.22,arterial,2.6,7.6,42.5,0.4,33.6,rain,mid_ev,40,160,1900,unladen,43.7,1943.7,4.431,335.0
7000,31.54,arterial,14.9,22.8,38.7,0.222,40.7,clear,small_ev,24,140,1400,full_load,268.3,1668.3,7.93,251.5
7001,7.42,city,10.8,11.9,27.9,0.37,24.0,rain,large_ev,75,190,2400,full_load,584.5,2984.5,3.838,517.3
7002,14.72,arterial,27.6,13.9,47.8,0.165,32.2,clear,small_ev,24,140,1400,half_load,167.4,1567.4,3.651,248.0
7004,90.66,highway,85.1,12.3,86.1,0.077,32.9,clear,small_ev,24,140,1400,unladen,10.5,1410.5,43.654,481.5
7005,14.54,arterial,18.3,35.1,44.0,0.452,22.9,clear,mid_ev,40,160,1900,unladen,42.8,1942.8,5.3,364.4
7006,12.01,city,26.1,1.1,20.1,0.676,28.6,clear,mid_ev,40,160,1900,full_load,433.3,2333.3,7.673,638.7
7007,99.6,highway,17.1,6.9,84.4,0.198,30.5,rain,mid_ev,40,160,1900,half_load,182.0,2082.0,57.466,577.0
7008,15.16,arterial,12.3,36.5,49.2,0.558,30.5,rain,mid_ev,40,160,1900,half_load,230.2,2130.2,6.884,454.1
7009,1.52,city,3.8,8.5,24.3,0.874,32.8,clear,small_ev,24,140,1400,half_load,142.8,1542.8,0.872,575.0
7010,222.29,highway,99.8,13.8,96.9,0.21,25.3,heavy_rain,small_ev,24,140,1400,full_load,281.7,1681.7,146.312,658.2
7011,14.71,city,2.3,1.4,17.3,0.48,39.0,clear,large_ev,75,190,2400,full_load,515.5,2915.5,9.969,677.8
7012,113.21,highway,180.5,95.3,87.4,0.487,26.7,clear,small_ev,24,140,1400,unladen,28.6,1428.6,58.859,519.9
7013,105.16,highway,28.6,3.6,95.1,0.367,33.3,clear,large_ev,75,190,2400,half_load,332.6,2732.6,95.363,906.9
7015,19.33,arterial,7.9,43.8,55.1,0.807,34.3,clear,mid_ev,40,160,1900,unladen,0.1,1900.1,10.872,562.5
7016,22.25,city,1.4,45.1,22.8,0.152,38.3,clear,large_ev,75,190,2400,half_load,267.2,2667.2,6.496,291.9
7017,1.57,city,2.1,3.6,19.3,0.572,21.7,clear,mid_ev,40,160,1900,half_load,207.7,2107.7,0.726,461.7
7018,63.22,highway,41.8,37.3,97.7,0.232,39.8,clear,mid_ev,40,160,1900,half_load,228.5,2128.5,51.067,807.7
7019,3.98,arterial,17.9,5.3,48.3,0.269,33.9,clear,small_ev,24,140,1400,full_load,265.8,1665.8,1.251,314.2
7022,19.74,arterial,12.8,86.3,41.9,0.208,20.7,heavy_rain,large_ev,75,190,2400,half_load,344.8,2744.8,6.603,334.4
7023,44.88,arterial,2.4,17.6,51.3,0.172,30.9,rain,large_ev,75,190,2400,full_load,598.2,2998.2,17.67,393.7
7024,5.4,city,4.6,26.3,13.3,0.872,29.1,clear,large_ev,75,190,2400,half_load,273.3,2673.3,4.784,886.3
7026,8.63,city,6.0,6.4,21.1,0.144,24.9,clear,large_ev,75,190,2400,unladen,2.7,2402.7,1.829,211.9
7027,81.21,highway,57.4,14.1,79.2,0.042,26.0,clear,large_ev,75,190,2400,half_load,303.4,2703.4,48.522,597.5
7029,87.55,highway,53.0,2.6,115.8,0.426,30.7,clear,mid_ev,40,160,1900,full_load,428.7,2328.7,92.378,1055.2
7030,10.44,city,5.1,4.9,16.3,0.501,32.8,heavy_rain,small_ev,24,140,1400,half_load,153.1,1553.1,3.862,370.0
7032,7.16,city,9.4,6.6,17.5,0.462,26.6,clear,large_ev,75,190,2400,full_load,583.9,2983.9,4.023,562.3
7034,10.45,arterial,48.8,16.2,47.3,0.498,30.7,clear,small_ev,24,140,1400,half_load,143.1,1543.1,3.523,337.3
7036,15.53,arterial,3.3,2.9,46.2,0.231,27.0,clear,small_ev,24,140,1400,half_load,140.3,1540.3,3.587,231.0
7037,5.85,city,30.6,0.4,23.3,0.444,28.9,heavy_rain,small_ev,24,140,1400,full_load,281.4,1681.4,2.227,380.9
7039,2.78,city,2.9,24.3,21.8,0.41,37.4,rain,small_ev,24,140,1400,full_load,261.3,1661.3,1.0,359.2
7040,77.37,highway,15.9,15.0,83.2,0.342,32.5,clear,mid_ev,40,160,1900,full_load,411.7,2311.7,45.494,588.0
7041,5.85,city,10.6,6.2,26.8,0.483,33.0,clear,large_ev,75,190,2400,unladen,47.8,2447.8,3.229,551.6
7042,71.17,highway,45.5,14.8,82.8,0.163,31.1,clear,small_ev,24,140,1400,unladen,28.2,1428.2,32.602,458.1
7043,142.77,highway,70.4,11.0,89.4,0.423,30.9,rain,small_ev,24,140,1400,full_load,259.6,1659.6,84.691,593.2
7044,57.77,highway,154.5,2.1,86.6,0.147,36.6,clear,large_ev,75,190,2400,half_load,252.4,2652.4,44.023,762.1
7045,73.83,highway,13.2,32.1,65.1,0.232,34.6,clear,mid_ev,40,160,1900,unladen,40.2,1940.2,28.013,379.4
7046,96.95,highway,2.1,98.5,102.1,0.028,32.5,clear,mid_ev,40,160,1900,unladen,25.3,1925.3,73.366,756.7
7047,13.8,arterial,20.2,36.5,35.7,0.422,23.0,clear,small_ev,24,140,1400,full_load,255.4,1655.4,3.246,235.3
7048,18.31,city,3.2,1.4,27.7,0.388,30.2,rain,mid_ev,40,160,1900,full_load,419.6,2319.6,8.314,454.0
7049,7.4,city,32.2,9.8,17.7,0.541,32.2,clear,large_ev,75,190,2400,half_load,335.5,2735.5,4.666,630.9
7050,27.7,arterial,45.5,2.7,45.8,0.736,34.1,heavy_rain,large_ev,75,190,2400,unladen,10.0,2410.0,18.101,653.4
7051,9.05,city,8.5,7.3,23.3,0.654,33.4,clear,small_ev,24,140,1400,full_load,299.3,1699.3,4.29,474.0
7052,41.21,arterial,0.7,7.7,46.7,0.13,24.5,clear,small_ev,24,140,1400,unladen,28.2,1428.2,8.304,201.5
7053,8.5,city,2.1,4.1,20.7,0.148,29.3,clear,small_ev,24,140,1400,full_load,277.6,1677.6,1.421,167.2
7054,9.74,city,8.2,13.1,24.6,0.487,31.9,rain,mid_ev,40,160,1900,half_load,262.3,2162.3,4.756,488.4
7055,17.24,arterial,22.7,0.8,38.2,0.377,37.0,rain,mid_ev,40,160,1900,half_load,192.9,2092.9,6.145,356.5
7056,46.0,highway,40.8,9.3,69.1,0.529,27.4,clear,large_ev,75,190,2400,full_load,529.1,2929.1,27.383,595.3
7057,76.63,highway,56.1,1.6,63.4,0.149,33.3,clear,small_ev,24,140,1400,full_load,268.8,1668.8,25.056,327.0
7059,79.16,highway,6.4,43.0,80.8,0.33,36.9,clear,mid_ev,40,160,1900,full_load,439.2,2339.2,47.764,603.4
7060,3.64,city,0.1,4.7,30.0,0.875,39.2,heavy_rain,mid_ev,40,160,1900,full_load,427.9,2327.9,3.715,1020.4
7062,45.01,arterial,3.7,29.0,32.9,0.306,36.5,clear,small_ev,24,140,1400,unladen,13.7,1413.7,8.861,196.9
7063,20.87,arterial,4.5,20.3,42.0,0.281,26.6,clear,mid_ev,40,160,1900,half_load,203.0,2103.0,5.926,283.9
7064,43.91,highway,21.1,13.5,87.6,0.355,35.4,clear,mid_ev,40,160,1900,full_load,382.9,2282.9,30.101,685.5
7066,50.87,arterial,6.4,0.5,44.1,0.236,26.0,clear,mid_ev,40,160,1900,unladen,35.4,1935.4,12.41,244.0
7067,6.71,city,10.3,10.8,23.2,0.512,34.6,rain,large_ev,75,190,2400,full_load,540.8,2940.8,4.705,700.8
7069,17.89,arterial,7.6,52.2,45.7,0.195,20.4,clear,large_ev,75,190,2400,half_load,306.9,2706.9,5.827,325.7
7070,56.34,highway,29.0,37.5,81.1,0.218,29.0,clear,mid_ev,40,160,1900,unladen,21.9,1921.9,29.638,526.0
7071,18.45,highway,22.0,14.4,103.3,0.105,35.1,rain,small_ev,24,140,1400,unladen,0.5,1400.5,14.181,768.7
7072,9.34,arterial,3.9,13.9,46.7,0.277,26.0,rain,mid_ev,40,160,1900,unladen,42.6,1942.6,2.774,297.1
7075,16.57,city,2.4,5.9,18.0,0.341,30.9,clear,small_ev,24,140,1400,full_load,299.4,1699.4,4.17,251.7
7076,3.17,city,0.1,0.6,20.9,0.871,32.5,heavy_rain,mid_ev,40,160,1900,unladen,6.5,1906.5,2.248,708.6
7077,14.88,arterial,1.4,13.7,31.7,0.448,32.4,clear,small_ev,24,140,1400,unladen,14.5,1414.5,3.47,233.3
7078,22.87,arterial,25.6,15.4,34.3,0.484,37.2,clear,small_ev,24,140,1400,unladen,28.4,1428.4,6.212,271.6
7079,1.73,city,4.0,5.1,19.3,0.356,33.6,clear,mid_ev,40,160,1900,unladen,26.8,1926.8,0.567,327.7
7080,13.03,city,5.8,1.6,24.1,0.532,27.7,clear,large_ev,75,190,2400,full_load,596.9,2996.9,8.487,651.3
7081,6.3,city,2.6,0.8,30.6,0.302,29.0,clear,small_ev,24,140,1400,unladen,19.2,1419.2,1.397,221.7
7082,20.08,arterial,17.0,0.2,41.5,0.243,32.5,clear,large_ev,75,190,2400,half_load,321.0,2721.0,7.29,363.0
7083,4.66,city,5.2,5.7,36.0,0.422,29.9,clear,small_ev,24,140,1400,half_load,174.7,1574.7,1.698,364.4
7084,152.86,highway,7.3,8.8,82.7,0.053,39.5,clear,large_ev,75,190,2400,full_load,523.1,2923.1,114.402,748.4
7086,62.64,highway,75.0,118.6,87.5,0.031,30.8,rain,large_ev,75,190,2400,unladen,14.7,2414.7,46.316,739.4
7089,63.34,highway,8.3,17.4,80.6,0.203,26.2,clear,large_ev,75,190,2400,full_load,525.8,2925.8,41.174,650.1
7090,157.0,highway,14.6,17.6,93.8,0.123,28.3,clear,small_ev,24,140,1400,full_load,289.3,1689.3,88.413,563.2
7091,2.99,city,2.6,3.9,25.3,0.675,36.2,clear,mid_ev,40,160,1900,full_load,416.1,2316.1,2.013,673.5
7092,31.46,arterial,51.9,26.3,55.7,0.122,29.1,clear,large_ev,75,190,2400,full_load,540.6,2940.6,12.821,407.5
7093,53.41,highway,3.3,3.9,84.3,0.271,23.8,clear,large_ev,75,190,2400,unladen,26.3,2426.3,34.157,639.6
7094,136.52,highway,24.0,57.2,75.8,0.414,36.7,clear,mid_ev,40,160,1900,unladen,43.0,1943.0,80.566,590.2
7095,2.92,city,5.2,30.7,24.7,0.746,30.3,clear,mid_ev,40,160,1900,unladen,22.7,1922.7,1.718,588.4
7097,63.34,highway,41.8,28.1,91.3,0.036,33.6,clear,large_ev,75,190,2400,half_load,267.6,2667.6,47.801,754.7
7098,4.42,arterial,0.9,17.9,46.5,0.614,37.5,heavy_rain,small_ev,24,140,1400,full_load,274.3,1674.3,1.919,433.9
7099,1.55,city,9.0,14.8,12.6,0.401,28.1,clear,mid_ev,40,160,1900,unladen,1.2,1901.2,0.535,345.1
7102,25.33,arterial,3.0,6.7,34.3,0.604,21.6,clear,small_ev,24,140,1400,full_load,296.0,1696.0,7.045,278.1
7103,4.89,city,10.6,11.3,26.0,0.736,30.0,clear,large_ev,75,190,2400,half_load,334.6,2734.6,3.924,802.6
7104,50.84,highway,9.4,236.9,98.6,0.128,27.6,clear,small_ev,24,140,1400,unladen,5.8,1405.8,29.907,588.2
7106,19.97,arterial,0.8,45.9,50.2,0.392,31.5,rain,mid_ev,40,160,1900,full_load,428.5,2328.5,8.573,429.4
7107,32.71,highway,43.2,31.1,79.5,0.043,24.9,clear,large_ev,75,190,2400,half_load,260.2,2660.2,18.788,574.4
7108,22.33,arterial,29.7,5.1,56.6,0.503,29.2,clear,small_ev,24,140,1400,half_load,147.6,1547.6,8.587,384.5
7109,104.25,highway,137.8,21.7,78.4,0.191,36.3,clear,small_ev,24,140,1400,unladen,4.9,1404.9,50.586,485.2
7110,14.39,arterial,3.3,111.9,38.9,0.137,42.0,clear,mid_ev,40,160,1900,unladen,21.2,1921.2,3.478,241.7
7111,44.2,arterial,5.3,10.8,56.2,0.236,23.6,clear,small_ev,24,140,1400,full_load,256.8,1656.8,13.501,305.4
7112,129.1,highway,53.2,9.0,97.2,0.37,25.6,clear,large_ev,75,190,2400,unladen,28.0,2428.0,111.241,861.7
7113,8.72,arterial,10.6,18.1,43.5,0.333,29.7,clear,mid_ev,40,160,1900,full_load,409.9,2309.9,2.962,339.6
7114,31.27,highway,16.6,1.3,84.8,0.013,42.0,clear,small_ev,24,140,1400,half_load,129.5,1529.5,17.303,553.3
7117,22.05,arterial,11.2,11.2,45.1,0.15,24.0,rain,mid_ev,40,160,1900,full_load,441.4,2341.4,5.989,271.7
7119,9.66,arterial,8.3,16.1,54.4,0.799,30.6,clear,small_ev,24,140,1400,full_load,298.5,1698.5,4.69,485.3
7121,5.1,city,5.4,0.6,21.2,0.386,30.8,clear,large_ev,75,190,2400,unladen,23.3,2423.3,2.213,434.1
7122,79.08,highway,8.1,26.5,85.6,0.035,21.6,clear,mid_ev,40,160,1900,unladen,36.3,1936.3,41.419,523.8
7123,67.18,highway,16.8,15.4,85.3,0.445,29.7,clear,large_ev,75,190,2400,full_load,580.4,2980.4,49.342,734.5
7124,14.22,arterial,22.3,2.5,38.8,0.523,31.5,clear,small_ev,24,140,1400,unladen,10.7,1410.7,3.844,270.4
7125,102.57,highway,67.1,5.3,81.7,0.029,30.4,clear,large_ev,75,190,2400,full_load,528.9,2928.9,65.726,640.8
7126,18.15,highway,63.2,31.3,92.3,0.32,41.9,heavy_rain,mid_ev,40,160,1900,half_load,189.0,2089.0,16.953,933.8
7127,2.02,city,2.4,5.9,27.8,0.55,31.0,rain,small_ev,24,140,1400,full_load,274.1,1674.1,0.887,438.9
7128,31.18,highway,132.1,23.6,92.6,0.186,31.7,clear,large_ev,75,190,2400,unladen,31.7,2431.7,25.953,832.3
7129,74.06,highway,1.9,38.9,91.1,0.016,21.3,rain,large_ev,75,190,2400,half_load,290.5,2690.5,53.663,724.6
7130,116.14,highway,102.1,10.8,100.0,0.501,26.6,clear,small_ev,24,140,1400,full_load,296.5,1696.5,82.514,710.5
7131,71.62,highway,31.1,22.3,87.7,0.178,31.7,rain,large_ev,75,190,2400,full_load,518.6,2918.6,57.476,802.5
7133,60.13,highway,95.2,30.1,85.2,0.074,26.3,rain,mid_ev,40,160,1900,unladen,16.3,1916.3,32.967,548.3
7134,108.2,highway,26.0,7.2,95.6,0.036,31.8,clear,mid_ev,40,160,1900,unladen,44.4,1944.4,75.211,695.1
7135,95.99,highway,18.1,12.8,94.5,0.389,34.7,clear,large_ev,75,190,2400,unladen,26.0,2426.0,87.613,912.8
7136,19.42,arterial,7.3,71.0,34.0,0.583,27.9,heavy_rain,large_ev,75,190,2400,unladen,28.4,2428.4,8.339,429.3
7139,13.92,city,1.4,0.2,21.9,0.467,36.0,clear,mid_ev,40,160,1900,half_load,212.9,2112.9,6.454,463.5
7141,57.82,highway,0.7,28.6,80.9,0.325,27.2,clear,mid_ev,40,160,1900,half_load,201.8,2101.8,30.547,528.3
7143,5.6,city,18.5,0.8,27.0,0.705,25.9,rain,small_ev,24,140,1400,unladen,7.6,1407.6,2.431,434.4
7144,47.18,highway,31.1,21.8,98.0,0.151,33.5,heavy_rain,small_ev,24,140,1400,half_load,126.6,1526.6,35.578,754.0
7145,16.32,arterial,7.1,30.5,54.1,0.866,36.0,clear,mid_ev,40,160,1900,full_load,400.0,2300.0,10.641,652.1
7146,43.77,highway,29.4,18.0,85.8,0.172,33.8,clear,mid_ev,40,160,1900,half_load,232.9,2132.9,26.725,610.6
7147,5.62,arterial,45.7,25.7,54.2,0.284,32.5,clear,large_ev,75,190,2400,full_load,582.5,2982.5,2.812,500.7
7148,66.14,highway,3.2,3.1,89.5,0.013,32.4,clear,mid_ev,40,160,1900,full_load,397.6,2297.6,40.831,617.3
7150,5.56,city,12.2,6.4,32.0,0.455,20.4,clear,large_ev,75,190,2400,full_load,540.9,2940.9,3.38,608.3
7151,11.55,arterial,96.0,2.4,60.1,0.239,29.4,clear,large_ev,75,190,2400,half_load,292.5,2692.5,6.373,551.9
7152,139.48,highway,19.1,184.8,82.1,0.171,28.3,clear,large_ev,75,190,2400,unladen,52.3,2452.3,87.909,630.3
7153,4.78,city,22.7,2.1,27.2,0.285,28.6,clear,mid_ev,40,160,1900,full_load,384.4,2284.4,1.7,355.7
7155,22.72,city,1.9,1.2,11.7,0.312,27.0,rain,small_ev,24,140,1400,unladen,26.2,1426.2,4.685,206.2
7157,10.85,city,4.0,2.8,15.2,0.622,31.6,clear,mid_ev,40,160,1900,half_load,269.6,2169.6,5.805,535.0
7158,3.66,city,1.7,0.2,27.0,0.59,27.1,clear,small_ev,24,140,1400,full_load,299.3,1699.3,1.565,427.5
7159,23.21,city,5.1,1.6,24.9,0.829,35.1,rain,large_ev,75,190,2400,unladen,30.5,2430.5,21.187,912.7
7160,5.79,city,0.6,2.3,28.2,0.323,37.5,clear,mid_ev,40,160,1900,half_load,213.6,2113.6,2.312,399.6
7162,74.69,highway,32.0,28.6,85.3,0.135,26.5,clear,large_ev,75,190,2400,full_load,547.7,2947.7,52.109,697.7
7163,6.12,city,18.1,7.3,25.7,0.458,36.0,clear,small_ev,24,140,1400,half_load,163.1,1563.1,2.285,373.6
7164,1.19,city,8.1,1.4,17.5,0.582,32.5,clear,small_ev,24,140,1400,half_load,161.0,1561.0,0.478,400.7
7166,9.18,city,12.7,6.8,21.0,0.912,34.9,clear,small_ev,24,140,1400,unladen,20.5,1420.5,5.357,583.4
7169,1.29,city,0.7,2.4,28.0,0.333,41.6,clear,small_ev,24,140,1400,full_load,269.7,1669.7,0.462,358.1
7170,21.51,arterial,0.9,8.3,51.1,0.219,35.6,clear,small_ev,24,140,1400,full_load,277.4,1677.4,6.338,294.7
7172,17.81,arterial,0.8,14.0,42.1,0.111,33.7,clear,large_ev,75,190,2400,unladen,19.9,2419.9,4.874,273.6
7173,10.7,arterial,1.0,6.4,43.1,0.375,25.5,clear,mid_ev,40,160,1900,full_load,441.7,2341.7,3.812,356.1
7174,184.42,highway,16.8,12.3,84.0,0.08,29.2,rain,large_ev,75,190,2400,full_load,528.2,2928.2,125.158,678.7
7176,123.74,highway,21.6,51.3,100.0,0.024,24.0,heavy_rain,small_ev,24,140,1400,full_load,281.9,1681.9,79.47,642.2
7177,5.95,city,5.3,5.8,25.0,0.219,20.0,clear,mid_ev,40,160,1900,half_load,235.6,2135.6,1.517,255.2
7178,28.35,arterial,39.5,16.9,53.1,0.396,39.0,clear,small_ev,24,140,1400,half_load,127.8,1527.8,10.213,360.3
7179,5.44,city,3.8,3.8,22.4,0.473,37.0,clear,small_ev,24,140,1400,half_load,146.2,1546.2,1.974,363.0
7180,2.77,city,9.6,0.6,18.3,0.587,31.5,clear,large_ev,75,190,2400,full_load,595.0,2995.0,2.093,755.4
7181,14.94,arterial,26.2,10.6,51.8,0.542,33.2,clear,mid_ev,40,160,1900,unladen,19.8,1919.8,6.618,443.0
7182,107.75,highway,16.2,37.3,98.7,0.554,29.5,rain,small_ev,24,140,1400,unladen,4.4,1404.4,75.277,698.6
7183,57.38,highway,95.2,124.4,85.5,0.079,31.3,clear,small_ev,24,140,1400,unladen,2.7,1402.7,26.662,464.6
7184,28.16,arterial,4.4,25.3,55.9,0.032,27.7,heavy_rain,mid_ev,40,160,1900,full_load,438.2,2338.2,8.636,306.7
7185,1.0,city,0.6,5.7,19.4,0.453,31.8,rain,mid_ev,40,160,1900,unladen,5.7,1905.7,0.409,408.9
7186,9.22,arterial,17.7,9.5,60.4,0.229,26.9,rain,large_ev,75,190,2400,full_load,593.0,2993.0,4.844,525.2
7187,3.51,city,5.0,3.8,21.8,0.384,33.4,clear,small_ev,24,140,1400,half_load,161.3,1561.3,1.023,291.6
7188,22.47,arterial,8.1,15.7,47.5,0.665,33.2,clear,large_ev,75,190,2400,full_load,573.5,2973.5,14.642,651.6
7189,58.8,highway,28.0,25.8,77.3,0.32,36.7,rain,small_ev,24,140,1400,unladen,19.8,1419.8,28.903,491.6
7190,56.75,highway,17.4,25.6,96.1,0.251,27.5,rain,mid_ev,40,160,1900,full_load,426.3,2326.3,42.241,744.4
7192,66.32,highway,1.0,71.4,81.3,0.123,29.9,heavy_rain,small_ev,24,140,1400,unladen,29.0,1429.0,30.02,452.7
7193,63.03,highway,30.2,116.8,87.8,0.34,25.2,clear,mid_ev,40,160,1900,half_load,253.3,2153.3,39.595,628.1
7194,14.7,arterial,6.8,6.2,40.9,0.41,35.1,rain,small_ev,24,140,1400,half_load,138.5,1538.5,4.34,295.2
7195,4.46,city,1.7,10.0,23.8,0.734,33.2,clear,small_ev,24,140,1400,half_load,124.3,1524.3,2.139,479.7
7196,7.84,arterial,25.3,10.4,42.6,0.766,26.9,heavy_rain,small_ev,24,140,1400,full_load,262.8,1662.8,3.252,415.0
7198,35.26,arterial,2.5,27.8,37.5,0.553,33.5,heavy_rain,small_ev,24,140,1400,full_load,298.6,1698.6,13.187,374.0
7199,7.45,arterial,6.9,13.7,44.7,0.371,32.0,clear,large_ev,75,190,2400,half_load,307.2,2707.2,3.086,414.4
7200,16.8,highway,21.9,46.9,60.9,0.191,30.0,clear,large_ev,75,190,2400,full_load,529.4,2929.4,7.308,434.9
7201,2.42,city,9.7,14.8,19.4,0.405,30.2,clear,mid_ev,40,160,1900,half_load,266.7,2166.7,0.892,367.8
7202,7.91,arterial,10.0,13.0,53.2,0.492,33.8,clear,small_ev,24,140,1400,half_load,132.8,1532.8,2.883,364.4
7204,31.35,city,0.3,7.6,30.9,0.953,28.7,clear,small_ev,24,140,1400,unladen,2.1,1402.1,17.741,565.9
7206,22.33,arterial,21.0,3.9,50.5,0.444,31.9,clear,mid_ev,40,160,1900,unladen,27.1,1927.1,9.425,422.1
7207,69.15,highway,42.4,4.0,91.3,0.087,30.8,clear,small_ev,24,140,1400,full_load,266.8,1666.8,35.861,518.6
7208,70.76,highway,3.7,104.7,84.7,0.037,29.6,clear,small_ev,24,140,1400,unladen,12.4,1412.4,33.818,478.0
7209,23.13,arterial,0.4,72.5,38.9,0.277,25.4,clear,small_ev,24,140,1400,half_load,171.9,1571.9,4.762,205.9
7210,31.54,arterial,8.1,32.8,57.3,0.226,33.9,rain,mid_ev,40,160,1900,half_load,258.9,2158.9,13.007,412.4
7211,10.76,arterial,22.1,13.9,51.9,0.633,31.1,clear,small_ev,24,140,1400,full_load,297.8,1697.8,4.596,427.2
7212,46.49,highway,34.6,47.8,70.3,0.198,27.9,clear,mid_ev,40,160,1900,half_load,265.2,2165.2,19.793,425.7
7213,12.25,arterial,23.1,3.0,38.5,0.302,28.2,clear,small_ev,24,140,1400,half_load,129.0,1529.0,2.714,221.6
7214,1.0,city,2.0,12.4,27.6,0.26,31.3,clear,small_ev,24,140,1400,half_load,161.9,1561.9,0.221,220.7
7215,1.0,city,4.0,3.2,8.7,0.747,33.9,clear,mid_ev,40,160,1900,full_load,390.3,2290.3,0.673,673.4
7216,10.68,arterial,15.6,15.0,41.4,0.54,37.6,heavy_rain,mid_ev,40,160,1900,unladen,17.0,1917.0,4.559,426.7
7217,38.73,highway,32.7,33.0,88.0,0.085,34.9,clear,large_ev,75,190,2400,unladen,12.2,2412.2,29.422,759.6
7218,24.57,highway,112.9,5.3,96.7,0.045,29.4,clear,large_ev,75,190,2400,full_load,559.2,2959.2,21.401,871.0
7220,20.41,highway,21.3,22.3,66.8,0.18,35.9,clear,large_ev,75,190,2400,unladen,8.4,2408.4,10.208,500.1
7221,21.29,arterial,17.5,36.3,51.8,0.638,28.5,rain,mid_ev,40,160,1900,half_load,247.4,2147.4,10.536,495.0
7222,8.82,arterial,32.6,6.3,48.7,0.203,26.4,rain,large_ev,75,190,2400,unladen,57.9,2457.9,3.456,392.0
7223,18.92,arterial,23.8,5.0,49.9,0.381,38.3,clear,small_ev,24,140,1400,unladen,1.1,1401.1,6.051,319.9
7225,6.25,city,7.6,5.0,23.7,0.791,28.2,clear,mid_ev,40,160,1900,half_load,205.0,2105.0,4.2,671.7
7226,37.24,highway,9.9,34.0,100.7,0.294,27.7,clear,small_ev,24,140,1400,full_load,297.6,1697.6,25.047,672.6
7227,7.62,city,7.7,14.5,17.8,0.213,33.3,clear,mid_ev,40,160,1900,unladen,7.5,1907.5,1.722,225.8
7228,31.55,arterial,50.4,1.0,31.9,0.248,24.1,clear,mid_ev,40,160,1900,unladen,6.7,1906.7,6.678,211.7
7229,40.09,highway,76.6,30.8,93.6,0.066,36.0,clear,mid_ev,40,160,1900,unladen,27.6,1927.6,29.788,743.0
7230,1.28,city,12.5,23.5,8.0,0.675,29.4,rain,large_ev,75,190,2400,unladen,41.6,2441.6,0.838,652.9
7231,9.69,city,2.2,15.0,23.1,0.451,28.7,clear,large_ev,75,190,2400,unladen,46.5,2446.5,4.531,467.6
7232,12.86,city,4.8,4.8,15.2,0.136,35.1,clear,large_ev,75,190,2400,unladen,16.9,2416.9,2.865,222.7
7234,24.54,arterial,5.0,6.6,34.6,0.284,33.1,clear,large_ev,75,190,2400,unladen,36.3,2436.3,8.107,330.3
7235,24.25,city,8.2,11.2,18.1,0.316,28.7,clear,large_ev,75,190,2400,unladen,47.7,2447.7,8.672,357.6
7236,40.0,city,23.4,2.4,22.5,0.422,36.8,clear,mid_ev,40,160,1900,unladen,24.8,1924.8,16.093,402.3
7237,9.82,city,9.6,4.8,24.5,0.314,34.7,clear,small_ev,24,140,1400,unladen,5.4,1405.4,2.286,232.7
7238,17.3,arterial,15.7,0.3,45.8,0.24,38.2,rain,small_ev,24,140,1400,half_load,170.2,1570.2,4.774,276.0
7239,38.82,highway,77.7,67.2,65.7,0.077,31.2,clear,large_ev,75,190,2400,half_load,263.5,2663.5,17.914,461.5
7241,7.58,city,2.9,8.6,29.2,0.527,27.5,clear,mid_ev,40,160,1900,half_load,249.3,2149.3,3.901,515.0
7242,34.11,arterial,27.9,78.5,42.6,0.181,34.3,clear,large_ev,75,190,2400,full_load,541.2,2941.2,11.98,351.2
7243,12.26,arterial,8.2,6.0,47.0,0.051,30.5,clear,small_ev,24,140,1400,unladen,7.7,1407.7,2.297,187.3
7244,26.94,highway,10.7,2.4,83.3,0.052,30.0,clear,large_ev,75,190,2400,half_load,314.9,2714.9,17.701,657.0
7245,2.5,city,1.2,34.5,12.5,0.377,34.5,clear,large_ev,75,190,2400,half_load,329.9,2729.9,1.164,466.2
7246,41.93,highway,28.6,68.6,72.1,0.265,20.3,clear,large_ev,75,190,2400,half_load,303.3,2703.3,21.659,516.6
7247,154.76,highway,62.8,22.5,90.8,0.28,32.1,clear,large_ev,75,190,2400,half_load,291.1,2691.1,127.519,824.0
7249,4.31,city,13.7,14.0,25.8,0.525,31.1,rain,large_ev,75,190,2400,unladen,9.7,2409.7,2.391,554.9
7251,57.33,arterial,6.5,6.9,39.7,0.074,38.5,clear,mid_ev,40,160,1900,unladen,5.3,1905.3,12.612,220.0
7252,19.14,arterial,9.4,12.6,56.7,0.19,36.6,clear,large_ev,75,190,2400,unladen,40.8,2440.8,8.513,444.9
7253,57.37,highway,18.5,64.9,79.9,0.048,34.9,clear,small_ev,24,140,1400,half_load,165.2,1565.2,27.135,472.9
7254,24.98,arterial,22.7,2.3,36.1,0.641,25.0,clear,small_ev,24,140,1400,half_load,133.7,1533.7,7.584,303.5
7255,11.42,arterial,4.3,5.3,47.7,0.635,37.5,clear,small_ev,24,140,1400,unladen,12.1,1412.1,4.204,368.1
7256,102.59,highway,121.6,23.9,95.3,0.256,36.5,rain,small_ev,24,140,1400,full_load,265.1,1665.1,75.094,732.0
7257,11.2,arterial,48.5,6.8,48.0,0.327,23.2,clear,large_ev,75,190,2400,unladen,27.7,2427.7,4.31,384.7
7258,67.33,highway,25.9,6.1,78.8,0.033,39.6,clear,mid_ev,40,160,1900,full_load,397.8,2297.8,37.732,560.4
7259,13.58,highway,2.2,2.9,91.9,0.08,31.1,heavy_rain,small_ev,24,140,1400,unladen,25.3,1425.3,7.944,585.0
7260,29.28,highway,22.2,5.3,77.4,0.013,26.8,clear,large_ev,75,190,2400,unladen,56.7,2456.7,15.438,527.3
7261,9.76,arterial,22.7,21.9,49.1,0.485,32.9,rain,mid_ev,40,160,1900,unladen,29.1,1929.1,4.07,416.9
7265,83.37,highway,59.2,0.4,94.6,0.112,29.1,rain,large_ev,75,190,2400,unladen,3.9,2403.9,69.799,837.2
7267,109.74,highway,5.2,93.2,70.6,0.024,22.3,clear,mid_ev,40,160,1900,unladen,9.9,1909.9,43.031,392.1
7268,111.79,highway,42.0,25.6,95.0,0.103,36.3,clear,large_ev,75,190,2400,unladen,43.5,2443.5,100.583,899.7
7269,162.18,highway,36.5,100.6,96.2,0.195,33.5,clear,small_ev,24,140,1400,unladen,1.9,1401.9,97.704,602.4
7270,5.95,city,6.2,4.7,12.2,0.816,26.6,heavy_rain,small_ev,24,140,1400,unladen,23.5,1423.5,2.835,476.6
7272,17.28,arterial,0.7,31.4,55.7,0.34,30.9,clear,mid_ev,40,160,1900,unladen,9.3,1909.3,6.299,364.6
7273,8.52,city,19.7,5.9,31.2,0.223,31.4,clear,mid_ev,40,160,1900,unladen,9.4,1909.4,2.299,269.8
7274,7.71,arterial,10.9,15.8,55.1,0.405,30.9,clear,large_ev,75,190,2400,full_load,552.3,2952.3,4.126,535.1
7276,142.12,highway,35.0,88.1,78.5,0.008,23.0,clear,small_ev,24,140,1400,full_load,289.0,1689.0,55.123,387.9
7277,55.12,highway,108.1,98.6,81.0,0.035,26.8,clear,large_ev,75,190,2400,half_load,297.4,2697.4,33.193,602.1
7278,90.46,highway,72.2,59.1,85.4,0.334,29.3,clear,mid_ev,40,160,1900,unladen,26.2,1926.2,53.808,594.8
7279,18.26,arterial,0.3,21.9,38.1,0.068,34.6,clear,mid_ev,40,160,1900,full_load,415.6,2315.6,3.839,210.2
7280,69.88,highway,9.4,11.9,88.6,0.179,28.6,rain,small_ev,24,140,1400,full_load,282.7,1682.7,38.658,553.2
7281,90.67,highway,4.1,8.8,99.6,0.061,35.8,clear,small_ev,24,140,1400,half_load,176.6,1576.6,61.248,675.5
7282,65.42,highway,33.5,9.9,81.3,0.541,31.8,clear,mid_ev,40,160,1900,unladen,0.1,1900.1,38.537,589.1
7283,149.9,highway,74.3,24.0,82.7,0.084,29.6,clear,large_ev,75,190,2400,full_load,587.7,2987.7,97.258,648.8
7284,39.86,highway,129.5,34.6,91.2,0.183,27.2,clear,mid_ev,40,160,1900,unladen,44.6,1944.6,24.6,617.2
7285,20.65,arterial,2.3,10.1,49.9,0.418,36.5,rain,large_ev,75,190,2400,unladen,50.4,2450.4,10.962,530.7
7286,2.52,city,13.2,10.1,22.0,0.56,29.4,clear,large_ev,75,190,2400,half_load,350.4,2750.4,1.662,659.4
7287,99.86,highway,14.9,8.1,81.1,0.072,30.6,clear,large_ev,75,190,2400,half_load,248.0,2648.0,60.435,605.2
7288,19.59,city,2.7,32.8,14.7,0.781,26.6,clear,large_ev,75,190,2400,half_load,308.1,2708.1,16.083,820.8
7289,33.57,highway,63.8,15.7,90.4,0.161,22.6,clear,mid_ev,40,160,1900,half_load,224.4,2124.4,20.478,610.0
7290,7.59,arterial,17.2,3.3,45.2,0.403,32.2,heavy_rain,mid_ev,40,160,1900,half_load,209.5,2109.5,3.27,430.8
7291,11.21,arterial,15.6,5.2,58.5,0.152,25.9,clear,small_ev,24,140,1400,unladen,28.9,1428.9,3.191,284.7
7294,4.93,arterial,68.8,12.0,31.2,0.457,35.5,heavy_rain,mid_ev,40,160,1900,unladen,35.7,1935.7,1.962,398.1
7295,38.54,arterial,11.3,5.6,51.9,0.66,27.2,clear,large_ev,75,190,2400,unladen,51.5,2451.5,22.401,581.3
7297,8.52,city,4.6,11.4,24.6,0.803,30.5,clear,small_ev,24,140,1400,unladen,2.1,1402.1,3.91,459.2
7298,29.47,arterial,8.8,1.8,57.1,0.19,39.7,clear,mid_ev,40,160,1900,full_load,447.9,2347.9,12.5,424.2
7299,46.03,highway,13.7,8.8,100.1,0.125,35.2,rain,mid_ev,40,160,1900,unladen,5.1,1905.1,37.816,821.6
7300,11.66,arterial,12.4,14.6,50.9,0.49,34.3,clear,large_ev,75,190,2400,half_load,294.8,2694.8,6.647,569.9
7301,5.05,city,3.3,3.5,23.3,0.435,32.4,clear,small_ev,24,140,1400,unladen,26.6,1426.6,1.413,280.0
7302,10.0,highway,13.1,7.9,85.9,0.191,28.8,clear,large_ev,75,190,2400,full_load,522.8,2922.8,7.504,750.4
7303,6.5,arterial,38.9,4.5,32.8,0.344,27.8,rain,small_ev,24,140,1400,full_load,296.0,1696.0,1.633,251.2
7305,44.26,highway,6.5,2.5,93.0,0.222,34.6,clear,mid_ev,40,160,1900,full_load,399.3,2299.3,30.874,697.5
7306,21.12,arterial,9.4,19.4,54.7,0.893,21.0,clear,small_ev,24,140,1400,unladen,2.9,1402.9,9.369,443.5
7307,7.25,arterial,55.0,4.9,43.4,0.478,37.4,rain,mid_ev,40,160,1900,unladen,36.4,1936.4,3.188,439.9
7308,11.72,arterial,5.4,14.0,45.9,0.217,30.7,rain,mid_ev,40,160,1900,half_load,239.0,2139.0,3.537,301.9
7310,20.79,arterial,4.6,61.8,42.7,0.55,30.3,heavy_rain,small_ev,24,140,1400,full_load,278.7,1678.7,7.232,347.9
7312,100.09,highway,82.9,13.1,95.7,0.135,23.4,rain,small_ev,24,140,1400,full_load,281.3,1681.3,58.918,588.6
7313,5.51,city,0.0,2.6,19.7,0.687,32.9,rain,large_ev,75,190,2400,full_load,552.6,2952.6,4.7,853.5
7314,24.33,arterial,9.1,5.6,61.0,0.562,30.6,clear,small_ev,24,140,1400,full_load,281.4,1681.4,10.622,436.6
7315,1.0,city,4.5,32.4,27.0,0.359,24.4,clear,mid_ev,40,160,1900,half_load,228.7,2128.7,0.338,338.3
7317,82.73,highway,16.9,48.1,85.4,0.059,35.6,rain,mid_ev,40,160,1900,unladen,44.1,1944.1,51.566,623.3
7318,7.22,city,1.1,26.6,27.4,0.764,35.4,clear,large_ev,75,190,2400,full_load,563.9,2963.9,7.265,1006.8
7319,37.12,highway,38.3,44.6,76.3,0.37,36.9,clear,mid_ev,40,160,1900,unladen,41.0,1941.0,20.939,564.1
7321,10.64,arterial,10.3,3.0,41.7,0.181,33.1,rain,large_ev,75,190,2400,unladen,13.3,2413.3,3.29,309.2
7323,15.46,highway,1.9,64.0,98.0,0.188,26.9,clear,small_ev,24,140,1400,half_load,165.9,1565.9,8.96,579.6
7324,30.79,highway,52.6,2.8,81.4,0.285,27.0,rain,large_ev,75,190,2400,full_load,573.7,2973.7,20.745,673.8
7327,44.15,arterial,3.2,58.0,49.0,0.662,30.2,clear,mid_ev,40,160,1900,full_load,405.3,2305.3,22.68,513.7
7328,4.69,city,6.4,32.3,30.4,0.417,30.9,clear,large_ev,75,190,2400,half_load,354.5,2754.5,2.522,538.3
7329,6.77,arterial,16.6,22.5,40.9,0.502,30.3,clear,small_ev,24,140,1400,half_load,165.3,1565.3,1.955,288.9
7330,33.06,highway,47.0,36.9,76.5,0.086,33.6,clear,mid_ev,40,160,1900,unladen,21.2,1921.2,15.709,475.2
7331,20.54,city,0.3,7.5,21.8,0.389,33.0,clear,large_ev,75,190,2400,full_load,556.8,2956.8,11.092,540.0
7332,52.87,highway,9.7,71.4,73.2,0.227,26.9,clear,small_ev,24,140,1400,unladen,3.4,1403.4,19.271,364.5
7333,48.96,highway,32.9,43.0,78.6,0.316,36.7,clear,mid_ev,40,160,1900,half_load,223.9,2123.9,28.348,579.0
7334,196.01,highway,90.7,48.7,86.6,0.173,24.5,heavy_rain,small_ev,24,140,1400,full_load,272.8,1672.8,104.583,533.5
7336,71.76,highway,17.6,21.3,84.8,0.16,35.4,clear,small_ev,24,140,1400,unladen,17.2,1417.2,37.419,521.5
7337,109.98,highway,15.4,10.1,95.0,0.344,28.4,clear,small_ev,24,140,1400,unladen,13.0,1413.0,62.611,569.3
7338,44.89,highway,16.4,84.4,73.4,0.186,42.0,clear,mid_ev,40,160,1900,full_load,439.8,2339.8,25.677,572.0
7339,33.07,arterial,6.0,3.5,47.7,0.054,20.6,clear,small_ev,24,140,1400,full_load,296.1,1696.1,6.489,196.2
7340,5.82,arterial,2.8,9.4,41.2,0.71,29.9,rain,mid_ev,40,160,1900,full_load,436.2,2336.2,3.022,519.3
7341,21.43,arterial,26.7,14.7,34.5,0.151,28.7,clear,small_ev,24,140,1400,unladen,4.4,1404.4,3.082,143.9
7342,26.33,highway,30.2,13.1,86.5,0.026,24.2,heavy_rain,mid_ev,40,160,1900,full_load,430.5,2330.5,17.006,645.8
7343,2.55,city,31.2,4.9,29.8,0.836,24.8,clear,mid_ev,40,160,1900,full_load,417.9,2317.9,2.156,844.9
7344,1.49,city,0.4,4.6,28.6,0.675,36.9,clear,mid_ev,40,160,1900,unladen,18.3,1918.3,0.915,614.3
7345,23.01,city,12.9,7.5,24.1,0.593,35.9,clear,mid_ev,40,160,1900,full_load,393.5,2293.5,13.82,600.7
7346,1.07,city,0.7,3.8,30.6,0.63,32.3,clear,large_ev,75,190,2400,full_load,593.9,2993.9,0.873,812.9
7347,76.75,highway,7.0,10.9,85.3,0.355,28.3,clear,large_ev,75,190,2400,half_load,322.9,2722.9,57.241,745.8
7348,7.94,arterial,2.9,3.6,52.0,0.292,32.3,clear,large_ev,75,190,2400,half_load,306.4,2706.4,3.51,441.9
7349,54.21,highway,0.5,67.4,70.6,0.084,22.7,clear,mid_ev,40,160,1900,half_load,235.0,2135.0,21.645,399.3
7350,5.5,city,3.7,1.5,27.2,0.895,36.0,clear,mid_ev,40,160,1900,half_load,198.9,2098.9,4.166,757.8
7351,67.47,highway,36.6,118.8,85.5,0.193,29.3,rain,mid_ev,40,160,1900,unladen,3.9,1903.9,40.153,595.2
7352,182.04,highway,48.7,17.8,89.3,0.239,29.1,clear,large_ev,75,190,2400,half_load,258.8,2658.8,135.448,744.1
7353,25.8,city,0.9,17.1,8.5,0.791,24.5,rain,large_ev,75,190,2400,unladen,18.1,2418.1,18.778,727.8
7354,5.15,city,3.2,38.2,16.4,0.22,32.8,heavy_rain,small_ev,24,140,1400,full_load,265.6,1665.6,1.102,213.8
7355,6.34,city,0.6,36.6,27.0,0.473,34.6,clear,large_ev,75,190,2400,unladen,56.5,2456.5,3.546,559.3
7356,99.36,highway,40.7,44.5,99.0,0.187,25.7,clear,mid_ev,40,160,1900,half_load,225.8,2125.8,69.717,701.6
7357,30.27,city,21.1,0.1,22.3,0.665,32.3,heavy_rain,large_ev,75,190,2400,unladen,58.3,2458.3,21.428,707.9
7358,118.66,highway,1.9,36.2,96.1,0.351,35.2,clear,large_ev,75,190,2400,half_load,285.0,2685.0,112.106,944.7
7359,1.88,city,2.3,3.3,23.2,0.879,42.0,clear,small_ev,24,140,1400,unladen,3.9,1403.9,1.073,571.9
7360,8.06,city,1.2,25.9,18.6,0.441,25.4,clear,small_ev,24,140,1400,half_load,158.6,1558.6,2.409,298.8
7361,45.83,arterial,30.6,5.2,50.2,0.403,25.7,rain,small_ev,24,140,1400,half_load,164.2,1564.2,14.485,316.0
7362,5.78,city,3.0,4.8,21.7,0.935,34.2,clear,mid_ev,40,160,1900,unladen,1.0,1901.0,4.017,694.7
7363,5.69,city,13.8,4.8,23.7,0.918,30.7,clear,large_ev,75,190,2400,full_load,511.5,2911.5,5.93,1042.7
7365,5.9,arterial,12.7,4.9,39.1,0.657,26.9,clear,mid_ev,40,160,1900,unladen,8.8,1908.8,2.201,373.2
7367,2.23,arterial,11.4,1.8,48.5,0.166,27.9,clear,small_ev,24,140,1400,half_load,165.5,1565.5,0.573,256.8
7368,81.64,highway,274.0,91.0,80.3,0.067,28.8,clear,mid_ev,40,160,1900,full_load,395.7,2295.7,42.653,522.5
7369,44.13,highway,13.7,20.0,90.8,0.184,31.8,clear,small_ev,24,140,1400,full_load,268.0,1668.0,25.547,578.9
7370,7.46,arterial,20.2,11.4,54.7,0.525,25.9,clear,large_ev,75,190,2400,unladen,30.7,2430.7,3.882,520.2
7371,42.85,highway,45.5,21.4,94.4,0.182,37.1,clear,large_ev,75,190,2400,half_load,286.3,2686.3,37.672,879.2
7373,4.49,city,3.8,13.6,21.7,0.209,39.3,clear,large_ev,75,190,2400,half_load,342.3,2742.3,1.491,331.8
7374,8.73,city,0.2,8.7,27.3,0.796,24.0,clear,large_ev,75,190,2400,full_load,530.7,2930.7,7.706,882.8
7375,59.1,highway,25.9,96.7,90.1,0.319,26.6,clear,large_ev,75,190,2400,full_load,524.2,2924.2,46.913,793.8
7376,32.19,arterial,32.0,19.4,32.9,0.463,30.0,clear,large_ev,75,190,2400,half_load,282.8,2682.8,12.849,399.1
7377,20.16,arterial,8.3,12.4,51.1,0.533,36.9,heavy_rain,large_ev,75,190,2400,unladen,21.0,2421.0,11.617,576.3
7378,27.24,arterial,44.3,77.1,49.5,0.179,25.8,clear,small_ev,24,140,1400,half_load,131.3,1531.3,6.192,227.3
7379,10.24,city,20.7,9.4,22.9,0.631,35.5,clear,mid_ev,40,160,1900,unladen,13.7,1913.7,5.578,544.6
7381,19.43,arterial,148.1,11.7,26.3,0.303,36.7,clear,mid_ev,40,160,1900,unladen,27.5,1927.5,5.199,267.6
7382,3.56,city,10.5,15.2,22.5,0.701,28.4,clear,mid_ev,40,160,1900,full_load,438.8,2338.8,2.329,654.5
7383,168.31,highway,37.2,74.2,82.4,0.037,30.8,clear,large_ev,75,190,2400,full_load,577.0,2977.0,97.207,577.6
7384,187.3,highway,26.6,14.5,89.2,0.216,37.1,clear,mid_ev,40,160,1900,half_load,193.4,2093.4,130.378,696.1
7385,10.95,arterial,15.6,2.6,57.8,0.185,27.1,clear,small_ev,24,140,1400,full_load,263.4,1663.4,3.262,297.9
7386,54.09,highway,21.6,11.0,92.5,0.311,28.0,heavy_rain,small_ev,24,140,1400,full_load,267.6,1667.6,33.393,617.3
7387,3.35,arterial,35.8,24.6,48.8,0.574,33.0,clear,mid_ev,40,160,1900,full_load,432.9,2332.9,1.784,532.4
7388,50.13,highway,24.2,4.6,84.5,0.113,33.8,heavy_rain,large_ev,75,190,2400,half_load,330.1,2730.1,38.052,759.1
7390,82.2,highway,43.6,20.4,70.2,0.252,31.5,clear,mid_ev,40,160,1900,unladen,13.4,1913.4,36.467,443.6
7391,17.96,arterial,1.1,4.9,49.3,0.553,29.5,clear,mid_ev,40,160,1900,unladen,30.7,1930.7,7.335,408.3
7392,5.2,city,8.5,1.1,21.3,0.797,31.0,rain,small_ev,24,140,1400,half_load,165.9,1565.9,2.766,531.6
7393,9.25,city,10.3,10.6,11.8,0.83,27.8,rain,mid_ev,40,160,1900,unladen,34.5,1934.5,5.847,632.5
7394,29.36,arterial,76.3,7.8,45.4,0.154,29.3,clear,small_ev,24,140,1400,full_load,277.5,1677.5,6.614,225.2
7395,107.43,highway,23.8,40.9,83.8,0.366,21.7,clear,mid_ev,40,160,1900,half_load,259.9,2159.9,63.153,587.8
7396,8.23,city,3.1,9.8,35.2,0.407,31.3,clear,large_ev,75,190,2400,full_load,586.7,2986.7,5.246,637.7
7397,57.07,highway,8.4,12.2,66.2,0.113,26.6,clear,mid_ev,40,160,1900,unladen,15.8,1915.8,20.445,358.2
7399,3.82,city,3.1,5.1,24.3,0.54,25.8,clear,small_ev,24,140,1400,full_load,280.6,1680.6,1.491,390.5
7400,46.45,highway,9.8,13.0,88.9,0.068,37.4,clear,large_ev,75,190,2400,full_load,562.9,2962.9,38.103,820.3
7401,18.02,highway,1.9,22.6,66.7,0.157,32.6,heavy_rain,small_ev,24,140,1400,full_load,297.9,1697.9,6.564,364.3
7402,6.02,city,2.4,0.9,22.8,0.702,27.1,rain,mid_ev,40,160,1900,unladen,18.2,1918.2,3.362,558.0
7404,96.16,highway,29.5,10.5,83.8,0.352,26.7,clear,large_ev,75,190,2400,unladen,3.3,2403.3,62.616,651.1
7405,3.24,city,7.3,19.4,21.7,0.534,27.8,rain,large_ev,75,190,2400,unladen,12.2,2412.2,1.779,548.8
7407,12.15,arterial,12.3,3.7,31.7,0.248,35.8,clear,mid_ev,40,160,1900,unladen,5.0,1905.0,2.656,218.5
7408,20.33,city,3.4,5.4,28.4,0.364,21.1,rain,mid_ev,40,160,1900,full_load,403.9,2303.9,8.019,394.6
7409,45.65,highway,85.0,14.8,76.5,0.182,29.2,clear,small_ev,24,140,1400,half_load,129.7,1529.7,18.557,406.5
7410,26.31,highway,85.8,185.8,77.7,0.205,37.8,clear,mid_ev,40,160,1900,full_load,440.8,2340.8,15.158,576.1
7411,10.45,arterial,3.8,16.3,48.2,0.33,36.5,clear,large_ev,75,190,2400,half_load,301.5,2701.5,5.081,486.0
7412,120.43,highway,25.9,10.7,88.8,0.455,27.0,clear,small_ev,24,140,1400,unladen,26.7,1426.7,60.985,506.4
7414,45.19,highway,30.9,10.6,81.7,0.209,35.0,heavy_rain,small_ev,24,140,1400,unladen,16.4,1416.4,23.811,526.9
7415,11.39,arterial,34.5,28.9,52.8,0.096,31.6,clear,small_ev,24,140,1400,half_load,130.6,1530.6,2.762,242.5
7417,3.72,city,8.6,9.1,17.5,0.731,30.0,clear,small_ev,24,140,1400,unladen,0.2,1400.2,1.61,433.3
7420,26.59,arterial,37.0,3.3,47.4,0.666,24.4,clear,small_ev,24,140,1400,half_load,177.9,1577.9,9.642,362.6
7421,4.03,city,5.8,3.6,23.6,0.887,36.0,clear,small_ev,24,140,1400,unladen,18.5,1418.5,2.035,505.5
7422,13.88,arterial,17.1,5.3,48.3,0.139,31.8,rain,mid_ev,40,160,1900,unladen,16.1,1916.1,3.992,287.7
7423,19.01,arterial,42.1,11.6,47.0,0.582,32.4,rain,small_ev,24,140,1400,full_load,298.3,1698.3,7.641,401.8
7424,87.83,highway,50.8,38.9,71.1,0.197,35.0,heavy_rain,large_ev,75,190,2400,half_load,310.8,2710.8,55.989,637.5
7426,2.82,city,4.4,0.0,19.0,0.187,26.4,heavy_rain,mid_ev,40,160,1900,half_load,205.8,2105.8,0.675,239.1
7427,65.8,highway,0.2,5.7,89.6,0.074,24.7,clear,mid_ev,40,160,1900,half_load,220.1,2120.1,38.71,588.3
7428,2.39,arterial,3.1,1.4,40.1,0.545,24.0,clear,large_ev,75,190,2400,full_load,538.5,2938.5,1.272,533.2
7430,75.88,highway,1.2,28.2,75.0,0.341,28.3,clear,mid_ev,40,160,1900,unladen,24.6,1924.6,37.88,499.2
7431,94.34,highway,56.7,10.8,87.1,0.185,36.9,clear,large_ev,75,190,2400,half_load,324.7,2724.7,74.952,794.5
7432,27.72,arterial,8.0,15.8,55.9,0.633,24.2,clear,mid_ev,40,160,1900,full_load,417.9,2317.9,14.294,515.7
7435,42.36,highway,77.8,16.9,84.8,0.218,31.4,heavy_rain,mid_ev,40,160,1900,half_load,191.6,2091.6,26.82,633.1
7437,71.35,highway,13.1,22.1,69.2,0.098,31.7,heavy_rain,small_ev,24,140,1400,full_load,291.0,1691.0,27.366,383.5
7438,5.17,city,7.1,1.8,14.7,0.525,33.6,clear,small_ev,24,140,1400,unladen,10.3,1410.3,1.689,326.8
7440,76.74,highway,23.5,56.9,83.6,0.06,25.1,clear,small_ev,24,140,1400,unladen,27.4,1427.4,33.78,440.2
7441,3.4,city,30.3,4.6,17.9,0.413,29.3,rain,large_ev,75,190,2400,full_load,540.6,2940.6,2.19,644.7
7443,5.42,city,6.8,3.6,15.7,0.36,29.3,clear,large_ev,75,190,2400,half_load,269.1,2669.1,2.291,422.5
7444,123.15,highway,3.5,6.7,74.3,0.075,34.8,clear,mid_ev,40,160,1900,full_load,384.6,2284.6,58.849,477.9
7447,10.52,city,7.9,11.5,18.6,0.816,31.9,clear,large_ev,75,190,2400,half_load,336.3,2736.3,9.048,859.9
7448,49.37,arterial,4.7,3.2,48.0,0.408,30.2,clear,small_ev,24,140,1400,half_load,165.0,1565.0,15.184,307.5
7449,5.32,city,2.8,0.2,24.8,0.587,27.5,clear,small_ev,24,140,1400,unladen,29.5,1429.5,1.876,352.7
7450,7.86,arterial,3.5,22.6,45.7,0.587,40.9,clear,small_ev,24,140,1400,unladen,0.8,1400.8,2.903,369.3
7452,12.11,arterial,37.8,11.1,42.3,0.563,29.5,clear,small_ev,24,140,1400,half_load,127.4,1527.4,4.036,333.2
7454,65.02,highway,17.8,11.2,72.0,0.093,30.6,clear,large_ev,75,190,2400,full_load,584.0,2984.0,35.462,545.4
7455,35.48,highway,17.9,33.0,71.8,0.099,28.6,clear,large_ev,75,190,2400,full_load,587.3,2987.3,18.287,515.5
7456,121.25,highway,144.1,21.7,79.5,0.06,23.8,clear,large_ev,75,190,2400,unladen,20.6,2420.6,67.871,559.8
7458,30.55,city,1.7,1.0,27.9,0.321,29.2,clear,small_ev,24,140,1400,full_load,267.3,1667.3,8.434,276.0
7459,20.56,highway,35.1,6.7,79.3,0.116,31.1,clear,small_ev,24,140,1400,half_load,149.5,1549.5,9.235,449.1
7460,8.75,city,10.0,3.3,12.4,0.517,38.0,clear,large_ev,75,190,2400,full_load,510.0,2910.0,6.311,721.7
7461,12.85,city,10.4,0.5,26.8,0.514,32.5,clear,large_ev,75,190,2400,full_load,555.4,2955.4,8.658,673.6
7465,133.22,highway,17.8,89.0,87.4,0.085,32.1,clear,mid_ev,40,160,1900,full_load,440.3,2340.3,80.053,600.9
7466,15.74,arterial,7.6,7.5,50.4,0.595,31.1,clear,mid_ev,40,160,1900,half_load,230.5,2130.5,6.98,443.5
7467,20.17,arterial,3.4,24.8,49.3,0.068,32.9,clear,large_ev,75,190,2400,half_load,275.7,2675.7,6.177,306.2
7468,18.12,arterial,45.3,1.7,36.5,0.319,28.7,rain,mid_ev,40,160,1900,full_load,428.0,2328.0,5.555,306.6
7469,47.36,arterial,89.2,1.5,35.0,0.712,20.6,clear,mid_ev,40,160,1900,unladen,44.2,1944.2,18.208,384.5
7470,46.99,highway,20.3,2.7,79.8,0.104,35.5,clear,large_ev,75,190,2400,unladen,40.3,2440.3,29.826,634.7
7471,13.13,arterial,11.1,3.0,46.7,0.747,29.7,clear,small_ev,24,140,1400,full_load,294.9,1694.9,5.534,421.4
7472,12.08,city,4.8,0.8,20.3,0.532,27.3,clear,mid_ev,40,160,1900,full_load,399.6,2299.6,5.989,495.6
7473,5.09,city,10.1,1.1,24.1,0.544,30.4,heavy_rain,mid_ev,40,160,1900,full_load,424.6,2324.6,3.234,635.0
7474,11.81,arterial,1.9,46.7,54.5,0.187,24.1,rain,mid_ev,40,160,1900,half_load,265.6,2165.6,4.069,344.5
7475,177.76,highway,42.6,120.0,86.7,0.117,24.4,clear,large_ev,75,190,2400,full_load,527.3,2927.3,117.084,658.7
7478,13.43,arterial,43.6,16.9,41.4,0.382,32.2,clear,large_ev,75,190,2400,full_load,594.5,2994.5,5.758,428.7
7480,11.07,arterial,25.0,15.2,36.8,0.347,35.9,clear,mid_ev,40,160,1900,half_load,257.0,2157.0,3.674,331.8
7481,20.36,city,16.9,13.2,15.4,0.916,22.0,clear,small_ev,24,140,1400,full_load,291.7,1691.7,11.734,576.3
7482,1.18,city,11.2,2.6,24.1,0.541,30.0,clear,large_ev,75,190,2400,full_load,544.0,2944.0,0.8,675.9
7486,83.59,highway,45.5,60.6,79.2,0.015,36.1,rain,mid_ev,40,160,1900,unladen,30.1,1930.1,45.677,546.4
7487,162.28,highway,27.9,48.6,84.4,0.226,38.4,clear,small_ev,24,140,1400,full_load,273.0,1673.0,96.59,595.2
7488,20.3,arterial,6.9,17.9,38.9,0.355,42.0,clear,mid_ev,40,160,1900,full_load,437.8,2337.8,7.407,364.8
7489,65.95,highway,69.5,1.9,70.9,0.126,32.9,clear,mid_ev,40,160,1900,full_load,411.7,2311.7,28.834,437.2
7490,11.14,arterial,16.2,9.9,44.4,0.326,20.0,clear,small_ev,24,140,1400,full_load,281.9,1681.9,2.891,259.6
7493,11.65,arterial,8.7,15.0,48.2,0.17,40.2,clear,mid_ev,40,160,1900,unladen,23.2,1923.2,3.491,299.7
7494,51.96,highway,18.9,29.7,76.7,0.278,31.7,clear,small_ev,24,140,1400,half_load,165.4,1565.4,22.684,436.6
7496,66.9,highway,75.4,15.2,75.6,0.368,28.6,rain,small_ev,24,140,1400,half_load,163.1,1563.1,28.272,422.6
7497,23.06,arterial,7.2,4.7,37.6,0.178,26.9,rain,mid_ev,40,160,1900,half_load,240.7,2140.7,5.195,225.3
7498,18.33,arterial,87.5,9.2,46.7,0.309,32.7,clear,small_ev,24,140,1400,full_load,270.2,1670.2,5.59,305.0
7499,11.59,city,8.1,0.3,21.2,0.261,42.0,clear,mid_ev,40,160,1900,half_load,236.3,2136.3,3.961,341.7
7500,12.21,city,6.9,11.3,20.6,0.326,31.7,clear,small_ev,24,140,1400,full_load,261.6,1661.6,3.178,260.1
7501,69.77,highway,62.8,163.8,88.9,0.06,27.4,heavy_rain,small_ev,24,140,1400,unladen,10.1,1410.1,37.202,533.2
7502,39.65,arterial,55.1,9.1,63.3,0.139,35.2,clear,mid_ev,40,160,1900,half_load,243.8,2143.8,17.137,432.2
7503,12.14,arterial,9.9,32.7,34.9,0.348,28.4,clear,mid_ev,40,160,1900,half_load,189.2,2089.2,3.424,281.9
7504,15.69,arterial,14.5,4.7,52.3,0.12,21.8,clear,large_ev,75,190,2400,full_load,582.0,2982.0,5.451,347.5
7507,46.18,arterial,4.9,100.3,48.2,0.607,20.8,clear,small_ev,24,140,1400,full_load,273.8,1673.8,16.524,357.9
7508,22.64,arterial,4.6,29.3,40.6,0.473,25.3,clear,large_ev,75,190,2400,full_load,520.5,2920.5,10.113,446.7
7509,117.53,highway,7.6,14.9,86.3,0.123,29.1,clear,large_ev,75,190,2400,half_load,285.8,2685.8,81.228,691.1
7513,2.98,city,3.0,1.6,21.1,0.404,33.3,clear,small_ev,24,140,1400,full_load,294.4,1694.4,0.899,302.1
7514,2.2,city,0.9,17.3,32.0,0.926,24.0,clear,mid_ev,40,160,1900,half_load,261.4,2161.4,1.702,774.9
7515,93.72,highway,89.4,27.0,88.4,0.042,29.3,heavy_rain,mid_ev,40,160,1900,full_load,440.5,2340.5,61.399,655.1
7517,13.91,arterial,3.0,2.3,32.9,0.66,29.7,clear,mid_ev,40,160,1900,half_load,185.4,2085.4,5.49,394.5
7518,2.45,city,5.7,0.4,11.5,0.813,26.4,clear,large_ev,75,190,2400,full_load,566.8,2966.8,2.13,868.4
7519,14.03,city,2.6,8.8,29.0,0.622,35.7,clear,mid_ev,40,160,1900,unladen,16.8,1916.8,7.619,543.1
7521,12.76,city,2.9,5.8,23.7,0.664,27.9,clear,large_ev,75,190,2400,full_load,588.1,2988.1,10.056,788.2
7522,7.92,city,1.7,1.9,25.2,0.462,32.6,heavy_rain,large_ev,75,190,2400,half_load,315.6,2715.6,4.835,610.9
7523,102.51,highway,123.4,49.8,98.9,0.1,27.7,clear,mid_ev,40,160,1900,unladen,17.6,1917.6,70.918,691.8
7524,66.4,highway,41.6,67.7,61.6,0.083,30.3,rain,mid_ev,40,160,1900,half_load,240.9,2140.9,22.379,337.0
7525,8.42,arterial,4.2,15.4,45.4,0.36,20.0,clear,mid_ev,40,160,1900,unladen,40.9,1940.9,2.58,306.4
7526,11.34,arterial,14.3,59.1,44.0,0.484,24.1,clear,large_ev,75,190,2400,unladen,22.1,2422.1,4.876,430.2
7527,7.99,city,4.6,4.6,25.9,0.169,33.3,clear,mid_ev,40,160,1900,unladen,2.9,1902.9,1.804,225.9
7528,21.85,highway,55.6,6.2,76.9,0.069,34.8,clear,small_ev,24,140,1400,full_load,273.5,1673.5,9.478,433.7
7529,140.98,highway,102.9,65.0,89.3,0.011,36.0,rain,large_ev,75,190,2400,full_load,583.8,2983.8,116.407,825.7
7530,76.24,highway,19.9,7.0,97.9,0.189,31.7,clear,small_ev,24,140,1400,unladen,24.6,1424.6,49.22,645.6
7532,12.68,city,0.6,3.7,10.9,0.373,24.2,clear,small_ev,24,140,1400,half_load,171.4,1571.4,2.891,228.0
7533,28.99,arterial,27.0,16.5,43.1,0.065,37.7,clear,large_ev,75,190,2400,half_load,355.9,2755.9,8.884,306.4
7534,33.49,highway,44.4,37.2,99.6,0.353,39.1,clear,small_ev,24,140,1400,full_load,263.2,1663.2,25.57,763.6
7535,74.48,highway,35.2,22.2,89.0,0.376,32.2,clear,small_ev,24,140,1400,half_load,179.4,1579.4,43.069,578.2
7536,66.27,highway,35.8,21.1,80.4,0.121,24.5,clear,mid_ev,40,160,1900,unladen,2.8,1902.8,32.303,487.4
7537,8.65,arterial,15.4,8.0,43.4,0.67,27.9,clear,small_ev,24,140,1400,unladen,23.4,1423.4,2.691,311.0
7538,13.67,arterial,8.4,47.6,61.8,0.014,32.6,clear,small_ev,24,140,1400,full_load,261.6,1661.6,3.736,273.3
7539,57.29,highway,159.6,14.5,83.4,0.098,26.3,rain,small_ev,24,140,1400,unladen,23.6,1423.6,27.539,480.7
7541,20.13,highway,68.9,14.3,93.3,0.128,35.7,clear,mid_ev,40,160,1900,full_load,415.2,2315.2,15.716,780.6
7542,115.08,highway,10.2,41.5,99.4,0.091,24.9,clear,mid_ev,40,160,1900,full_load,442.8,2342.8,84.722,736.2
7543,36.3,highway,64.3,17.3,80.0,0.034,32.9,clear,mid_ev,40,160,1900,full_load,449.6,2349.6,18.256,502.9
7544,23.67,arterial,15.9,4.9,57.7,0.516,29.8,clear,small_ev,24,140,1400,half_load,151.8,1551.8,8.873,374.9
7545,15.78,arterial,22.0,8.3,50.1,0.483,35.4,rain,small_ev,24,140,1400,half_load,172.2,1572.2,6.02,381.5
7547,14.5,arterial,17.6,2.1,44.2,0.255,29.8,heavy_rain,mid_ev,40,160,1900,full_load,423.8,2323.8,4.904,338.2
7548,17.88,arterial,11.9,16.1,56.6,0.348,20.5,clear,large_ev,75,190,2400,unladen,54.5,2454.5,8.402,470.0
7549,64.2,arterial,7.0,18.0,49.6,0.46,23.0,clear,small_ev,24,140,1400,half_load,121.5,1521.5,20.643,321.6
7551,3.21,city,11.7,0.7,25.0,0.365,31.2,clear,small_ev,24,140,1400,unladen,20.2,1420.2,0.93,290.3
7552,1.36,city,11.9,4.6,27.7,0.718,28.9,clear,small_ev,24,140,1400,full_load,286.7,1686.7,0.709,521.8
7553,24.02,arterial,14.1,18.2,39.5,0.214,36.0,heavy_rain,mid_ev,40,160,1900,full_load,406.6,2306.6,7.32,304.8
7554,84.26,highway,46.8,69.0,83.6,0.037,35.0,clear,small_ev,24,140,1400,full_load,293.0,1693.0,40.622,482.1
7555,12.92,arterial,3.6,2.1,39.0,0.611,27.8,rain,mid_ev,40,160,1900,unladen,36.9,1936.9,4.899,379.2
7556,5.41,city,10.7,9.5,24.5,0.512,31.7,clear,large_ev,75,190,2400,unladen,24.4,2424.4,3.047,562.8
7559,134.43,highway,13.9,16.3,70.3,0.05,33.7,rain,large_ev,75,190,2400,half_load,270.4,2670.4,65.957,490.6
7560,90.36,highway,67.2,7.7,71.0,0.294,24.3,clear,mid_ev,40,160,1900,full_load,420.3,2320.3,41.075,454.5
7561,21.96,highway,7.8,71.7,95.0,0.13,35.7,clear,small_ev,24,140,1400,half_load,163.5,1563.5,13.624,620.4
7562,16.09,arterial,3.0,8.8,52.1,0.394,23.6,clear,large_ev,75,190,2400,full_load,514.9,2914.9,7.917,492.0
7563,41.07,highway,116.2,12.2,83.7,0.48,34.8,clear,small_ev,24,140,1400,full_load,268.5,1668.5,23.898,581.9
7565,114.89,highway,68.1,49.0,82.7,0.188,27.1,clear,large_ev,75,190,2400,full_load,569.5,2969.5,74.952,652.4
7566,117.53,highway,14.1,7.3,87.9,0.091,29.9,clear,small_ev,24,140,1400,unladen,20.3,1420.3,61.321,521.7
7567,9.96,city,13.4,3.0,14.3,0.939,33.3,rain,small_ev,24,140,1400,unladen,10.3,1410.3,5.417,543.8
7568,4.68,city,8.5,2.1,30.6,0.887,21.9,clear,mid_ev,40,160,1900,full_load,382.8,2282.8,3.819,815.4
7570,15.09,arterial,1.3,31.2,35.7,0.764,28.4,clear,mid_ev,40,160,1900,half_load,243.6,2143.6,6.368,422.1
7572,15.75,city,3.9,6.8,16.8,0.882,32.9,clear,mid_ev,40,160,1900,unladen,23.0,1923.0,10.459,664.1
7574,5.42,city,6.9,1.5,23.9,0.497,28.4,clear,large_ev,75,190,2400,unladen,31.7,2431.7,2.863,528.6
7576,29.57,highway,29.1,11.3,75.0,0.436,40.4,clear,small_ev,24,140,1400,unladen,21.4,1421.4,15.721,531.7
7578,112.32,highway,29.0,0.6,104.2,0.15,27.2,clear,large_ev,75,190,2400,half_load,348.1,2748.1,106.176,945.3
7579,73.52,highway,95.6,75.9,76.4,0.318,34.8,clear,mid_ev,40,160,1900,unladen,14.5,1914.5,37.478,509.7
7580,34.83,arterial,4.0,2.6,35.0,0.598,35.3,clear,mid_ev,40,160,1900,full_load,393.8,2293.8,14.514,416.7
7582,67.13,highway,1.8,230.2,81.9,0.255,27.1,clear,large_ev,75,190,2400,unladen,19.5,2419.5,42.417,631.9
7584,8.05,city,1.3,2.8,22.6,0.321,40.4,rain,mid_ev,40,160,1900,half_load,212.0,2112.0,3.284,408.2
7585,19.91,arterial,7.7,21.2,45.0,0.572,30.8,clear,small_ev,24,140,1400,unladen,22.4,1422.4,6.182,310.6
7586,13.05,city,9.3,1.0,23.6,0.36,34.4,clear,small_ev,24,140,1400,unladen,24.4,1424.4,3.535,270.9
7587,53.92,highway,19.7,15.5,66.9,0.105,32.1,clear,small_ev,24,140,1400,unladen,1.3,1401.3,17.826,330.6
7588,93.59,highway,22.2,54.2,85.2,0.36,31.9,clear,large_ev,75,190,2400,full_load,538.4,2938.4,68.563,732.6
7589,30.32,highway,54.6,39.3,74.5,0.095,25.5,rain,mid_ev,40,160,1900,full_load,389.4,2289.4,14.431,476.0
7590,98.27,highway,12.9,64.1,100.7,0.03,34.3,clear,mid_ev,40,160,1900,full_load,415.5,2315.5,76.471,778.2
7591,7.46,city,3.0,2.9,19.2,0.722,29.2,rain,large_ev,75,190,2400,half_load,293.1,2693.1,5.573,746.7
7592,112.85,highway,66.6,19.9,93.4,0.153,35.6,rain,mid_ev,40,160,1900,unladen,10.1,1910.1,81.03,718.0
7593,70.3,highway,32.8,54.6,83.7,0.661,38.3,clear,mid_ev,40,160,1900,unladen,23.8,1923.8,47.714,678.7
7594,3.03,city,3.3,10.6,27.9,0.918,20.0,clear,large_ev,75,190,2400,unladen,16.1,2416.1,2.64,870.2
7595,21.4,arterial,5.7,11.2,49.6,0.336,29.5,clear,large_ev,75,190,2400,full_load,593.5,2993.5,9.898,462.5
7597,1.6,city,2.1,2.3,17.6,0.54,34.5,clear,mid_ev,40,160,1900,full_load,407.7,2307.7,0.866,542.0
7598,15.72,arterial,37.3,17.1,46.4,0.154,31.4,clear,large_ev,75,190,2400,half_load,268.0,2668.0,5.539,352.3
7599,15.68,arterial,26.6,36.3,44.7,0.386,27.6,clear,large_ev,75,190,2400,unladen,58.3,2458.3,6.256,399.0
7600,20.15,city,13.1,3.9,24.0,0.32,37.5,rain,large_ev,75,190,2400,half_load,279.9,2679.9,9.633,478.1
7601,9.17,arterial,26.5,46.4,43.7,0.657,34.8,rain,mid_ev,40,160,1900,half_load,181.6,2081.6,4.282,467.2
7602,4.96,city,1.0,4.0,22.5,0.802,20.2,clear,mid_ev,40,160,1900,unladen,33.2,1933.2,2.94,593.0
7603,60.86,arterial,36.0,36.9,45.9,0.348,37.9,heavy_rain,large_ev,75,190,2400,half_load,355.8,2755.8,32.696,537.3
7604,103.51,highway,68.7,11.7,70.2,0.17,34.1,clear,mid_ev,40,160,1900,unladen,18.0,1918.0,41.993,405.7
7605,56.51,highway,37.3,13.0,73.2,0.03,31.5,clear,small_ev,24,140,1400,full_load,279.5,1679.5,21.42,379.1
7606,2.8,city,11.7,1.8,25.6,0.243,31.2,clear,small_ev,24,140,1400,half_load,141.7,1541.7,0.67,238.9
7607,13.18,city,3.3,2.4,13.0,0.305,22.9,rain,mid_ev,40,160,1900,half_load,229.2,2129.2,3.965,300.9
7608,51.48,highway,11.4,7.1,92.6,0.026,26.7,clear,mid_ev,40,160,1900,full_load,438.9,2338.9,33.658,653.8
7609,33.3,arterial,24.2,28.8,47.4,0.497,28.6,rain,large_ev,75,190,2400,half_load,246.0,2646.0,16.928,508.4
7610,20.98,arterial,0.7,11.5,43.6,0.218,31.0,clear,large_ev,75,190,2400,half_load,294.7,2694.7,7.057,336.3
7611,18.62,arterial,16.4,30.5,40.9,0.534,27.7,clear,mid_ev,40,160,1900,half_load,225.2,2125.2,7.108,381.8
7612,8.09,city,4.6,1.2,20.5,0.538,39.1,rain,mid_ev,40,160,1900,unladen,34.8,1934.8,4.109,507.7
7613,135.7,highway,3.9,5.8,101.6,0.08,42.0,clear,large_ev,75,190,2400,unladen,17.6,2417.6,150.83,1111.5
7614,3.72,city,1.2,7.0,13.3,0.615,37.2,rain,large_ev,75,190,2400,full_load,545.5,2945.5,3.205,860.8
7615,4.54,city,4.2,11.4,24.4,0.218,40.0,clear,mid_ev,40,160,1900,half_load,215.3,2115.3,1.38,304.2
7616,8.4,city,17.3,14.7,20.2,0.784,24.6,clear,large_ev,75,190,2400,unladen,54.7,2454.7,6.439,766.3
7617,48.95,highway,10.9,29.0,96.3,0.068,32.4,heavy_rain,mid_ev,40,160,1900,half_load,201.1,2101.1,38.533,787.2
7618,1.0,city,11.0,0.8,24.7,0.373,25.2,rain,mid_ev,40,160,1900,half_load,189.6,2089.6,0.446,446.4
7619,8.63,arterial,4.0,28.8,40.1,0.328,34.1,rain,mid_ev,40,160,1900,unladen,9.5,1909.5,2.765,320.5
7620,22.32,city,0.8,3.2,27.2,0.607,26.9,heavy_rain,mid_ev,40,160,1900,full_load,428.2,2328.2,14.189,635.8
7621,39.67,arterial,10.4,24.5,51.7,0.19,29.2,clear,large_ev,75,190,2400,half_load,344.9,2744.9,15.02,378.6
7622,131.42,highway,13.5,85.7,98.6,0.345,34.9,clear,large_ev,75,190,2400,unladen,29.0,2429.0,121.743,926.4
7623,58.01,highway,106.3,6.1,94.2,0.521,30.9,rain,small_ev,24,140,1400,unladen,27.1,1427.1,37.376,644.3
7625,4.17,city,8.4,6.5,26.9,0.684,34.1,clear,mid_ev,40,160,1900,unladen,1.6,1901.6,2.345,562.8
7626,93.35,highway,29.1,9.0,89.0,0.081,26.9,clear,large_ev,75,190,2400,unladen,9.2,2409.2,65.947,706.5
7628,92.66,highway,20.5,22.5,88.8,0.169,35.2,clear,mid_ev,40,160,1900,full_load,432.6,2332.6,60.823,656.4
7630,38.91,arterial,47.4,18.7,42.4,0.436,29.6,rain,small_ev,24,140,1400,full_load,282.4,1682.4,11.583,297.7
7632,16.59,arterial,2.2,4.1,43.0,0.201,33.6,clear,mid_ev,40,160,1900,unladen,27.9,1927.9,4.17,251.3
7633,48.27,highway,64.9,7.9,83.6,0.025,29.0,clear,mid_ev,40,160,1900,half_load,250.6,2150.6,26.644,552.0
7634,15.98,arterial,37.1,31.9,45.4,0.104,25.2,rain,large_ev,75,190,2400,half_load,320.7,2720.7,4.73,296.0
7635,5.04,city,0.9,4.1,18.8,0.542,29.9,clear,small_ev,24,140,1400,half_load,178.5,1578.5,1.844,366.0
7636,72.56,highway,101.5,35.6,76.0,0.418,24.5,clear,mid_ev,40,160,1900,half_load,268.5,2168.5,36.327,500.6
7637,12.51,arterial,17.2,34.8,46.6,0.223,32.1,clear,large_ev,75,190,2400,half_load,253.0,2653.0,4.683,374.3
7640,3.35,city,9.6,0.6,15.4,0.17,29.4,clear,large_ev,75,190,2400,full_load,558.5,2958.5,1.052,314.0
7641,41.71,arterial,61.9,8.0,43.2,0.748,37.6,clear,small_ev,24,140,1400,full_load,276.6,1676.6,16.746,401.5
7642,36.7,arterial,16.3,41.1,46.8,0.496,42.0,clear,mid_ev,40,160,1900,half_load,241.4,2141.4,18.023,491.1
7643,6.43,city,4.7,1.7,23.1,0.455,34.1,rain,small_ev,24,140,1400,unladen,9.1,1409.1,2.114,328.7
7644,80.21,highway,51.3,32.1,89.3,0.024,35.6,rain,small_ev,24,140,1400,half_load,133.6,1533.6,45.033,561.5
7645,9.5,city,6.3,12.5,21.3,0.157,32.5,clear,large_ev,75,190,2400,full_load,564.8,2964.8,2.722,286.5
7646,3.63,city,5.2,7.9,7.2,0.386,28.9,clear,small_ev,24,140,1400,unladen,1.4,1401.4,0.831,228.9
7647,47.2,highway,108.0,59.2,89.8,0.181,26.2,clear,large_ev,75,190,2400,half_load,299.1,2699.1,35.33,748.6
7648,115.33,highway,2.4,3.0,83.8,0.132,27.0,clear,mid_ev,40,160,1900,half_load,247.5,2147.5,64.121,556.0
7649,13.7,arterial,43.3,27.3,37.7,0.389,24.7,rain,mid_ev,40,160,1900,half_load,268.9,2168.9,4.533,331.0
7650,10.53,city,7.1,4.8,25.6,0.726,28.5,clear,large_ev,75,190,2400,half_load,334.9,2734.9,8.229,781.9
7651,100.27,highway,2.5,28.0,93.0,0.077,30.9,rain,large_ev,75,190,2400,half_load,354.4,2754.4,82.627,824.0
7652,91.62,highway,18.2,63.6,55.9,0.024,30.4,rain,large_ev,75,190,2400,full_load,591.0,2991.0,31.165,340.2
7653,64.1,highway,51.4,4.6,92.1,0.284,30.5,clear,small_ev,24,140,1400,full_load,273.5,1673.5,38.173,595.6
7655,128.01,highway,30.1,37.8,94.1,0.298,30.0,clear,small_ev,24,140,1400,unladen,17.8,1417.8,74.141,579.2
7656,13.32,arterial,19.0,17.0,48.9,0.374,41.8,clear,large_ev,75,190,2400,half_load,326.2,2726.2,7.885,592.1
7657,30.99,arterial,10.5,45.6,44.7,0.53,31.4,clear,large_ev,75,190,2400,unladen,33.1,2433.1,15.189,490.1
7658,21.3,arterial,11.2,9.8,34.4,0.186,24.5,clear,small_ev,24,140,1400,unladen,27.4,1427.4,3.27,153.6
7659,9.44,city,5.6,6.4,20.6,0.494,22.6,clear,mid_ev,40,160,1900,unladen,9.0,1909.0,3.715,393.4
7660,72.21,highway,52.0,40.1,63.8,0.071,34.2,clear,small_ev,24,140,1400,half_load,174.6,1574.6,22.729,314.8
7661,3.62,city,4.1,7.5,14.6,0.489,29.7,clear,small_ev,24,140,1400,full_load,261.6,1661.6,1.193,329.8
7662,15.43,city,9.8,14.0,22.0,0.288,29.4,clear,large_ev,75,190,2400,half_load,306.5,2706.5,6.075,393.8
7663,10.06,city,2.5,8.3,23.3,0.279,35.5,clear,large_ev,75,190,2400,unladen,34.9,2434.9,3.515,349.5
7664,15.29,arterial,25.6,4.7,59.7,0.144,34.3,clear,large_ev,75,190,2400,full_load,528.8,2928.8,6.947,454.3
7665,3.46,city,4.9,1.8,12.1,0.289,23.6,clear,mid_ev,40,160,1900,half_load,211.4,2111.4,1.017,293.6
7666,69.14,highway,27.1,21.5,80.6,0.042,35.9,clear,large_ev,75,190,2400,full_load,586.8,2986.8,46.554,673.3
7667,9.72,arterial,13.9,31.3,55.7,0.471,31.2,heavy_rain,mid_ev,40,160,1900,half_load,231.3,2131.3,4.713,484.8
7668,3.5,city,1.6,0.7,25.2,0.222,28.3,rain,mid_ev,40,160,1900,unladen,33.5,1933.5,0.874,249.8
7669,49.63,highway,6.3,108.3,76.7,0.155,33.9,heavy_rain,mid_ev,40,160,1900,unladen,7.1,1907.1,25.719,518.2
7670,30.48,arterial,2.3,1.5,50.2,0.291,29.0,clear,mid_ev,40,160,1900,full_load,430.6,2330.6,10.41,341.5
7672,5.87,arterial,16.7,40.7,46.9,0.203,28.4,rain,mid_ev,40,160,1900,unladen,20.7,1920.7,1.667,284.1
7673,89.43,highway,8.1,22.3,81.6,0.053,42.0,clear,mid_ev,40,160,1900,full_load,428.5,2328.5,58.205,650.8
7674,36.64,arterial,2.5,15.7,49.1,0.382,29.9,clear,mid_ev,40,160,1900,full_load,449.7,2349.7,14.28,389.7
7675,3.03,city,13.5,6.3,22.7,0.811,28.0,heavy_rain,small_ev,24,140,1400,half_load,150.9,1550.9,1.639,540.2
7678,29.26,arterial,35.6,23.3,44.6,0.633,27.8,clear,small_ev,24,140,1400,unladen,19.4,1419.4,10.053,343.5
7679,3.52,city,21.8,2.4,22.7,0.171,37.1,rain,large_ev,75,190,2400,half_load,295.8,2695.8,1.303,370.0
7680,81.84,highway,2.8,36.8,93.0,0.1,34.4,clear,large_ev,75,190,2400,half_load,245.1,2645.1,66.575,813.5
7682,17.87,arterial,34.0,13.3,45.9,0.021,34.9,clear,small_ev,24,140,1400,half_load,170.3,1570.3,3.61,202.0
7683,38.73,highway,95.7,13.1,96.6,0.105,31.1,clear,mid_ev,40,160,1900,half_load,238.8,2138.8,27.513,710.3
7684,1.0,city,22.9,7.8,16.9,0.844,26.9,heavy_rain,small_ev,24,140,1400,unladen,26.8,1426.8,0.589,589.2
7685,35.72,arterial,77.8,7.6,30.1,0.538,25.4,clear,small_ev,24,140,1400,full_load,275.5,1675.5,9.528,266.7
7687,16.06,city,3.2,20.6,18.3,0.78,29.7,clear,mid_ev,40,160,1900,unladen,33.3,1933.3,10.014,623.6
7688,109.33,highway,30.3,251.2,88.2,0.107,32.4,clear,large_ev,75,190,2400,full_load,589.8,2989.8,83.427,763.1
7689,74.33,highway,37.4,6.0,92.1,0.202,34.1,clear,mid_ev,40,160,1900,full_load,418.0,2318.0,54.06,727.3
7690,19.38,arterial,16.1,13.8,36.2,0.592,34.5,rain,large_ev,75,190,2400,half_load,261.8,2661.8,10.265,529.6
7691,43.2,highway,30.9,10.6,73.5,0.319,25.1,heavy_rain,large_ev,75,190,2400,unladen,10.6,2410.6,26.475,612.8
7692,13.79,arterial,24.1,33.0,37.0,0.237,25.7,clear,large_ev,75,190,2400,half_load,260.9,2660.9,4.116,298.6
7694,136.18,highway,4.5,9.1,77.2,0.147,31.5,clear,small_ev,24,140,1400,full_load,274.5,1674.5,58.771,431.6
7695,59.85,highway,31.8,45.3,98.8,0.306,31.1,clear,mid_ev,40,160,1900,unladen,34.5,1934.5,45.645,762.6
7696,10.08,arterial,0.9,12.0,45.3,0.5,33.0,clear,small_ev,24,140,1400,full_load,255.7,1655.7,3.459,343.2
7697,4.23,city,2.7,6.3,14.1,0.886,34.7,clear,small_ev,24,140,1400,half_load,134.6,1534.6,2.181,515.0
7699,121.72,highway,135.2,63.6,95.2,0.149,27.1,rain,mid_ev,40,160,1900,half_load,226.1,2126.1,87.171,716.2
7700,240.66,highway,150.5,2.3,87.9,0.086,36.6,clear,small_ev,24,140,1400,half_load,157.6,1557.6,133.724,555.6
7701,43.89,highway,129.1,10.7,81.1,0.067,37.3,clear,large_ev,75,190,2400,half_load,250.7,2650.7,30.99,706.0
7702,10.36,arterial,5.8,35.7,58.1,0.317,24.8,rain,mid_ev,40,160,1900,full_load,389.1,2289.1,4.416,426.5
7703,21.74,arterial,5.8,1.9,41.5,0.29,29.0,clear,mid_ev,40,160,1900,unladen,15.6,1915.6,5.683,261.4
7704,19.98,city,1.6,25.3,9.8,0.851,26.7,clear,mid_ev,40,160,1900,full_load,404.5,2304.5,14.789,740.1
7705,33.42,highway,93.2,87.7,77.7,0.135,25.1,clear,small_ev,24,140,1400,unladen,11.1,1411.1,14.149,423.4
7707,11.57,city,14.3,25.9,22.3,0.398,34.5,clear,large_ev,75,190,2400,full_load,520.5,2920.5,6.13,530.1
7709,10.81,city,4.2,5.4,15.5,0.787,31.1,rain,mid_ev,40,160,1900,full_load,394.3,2294.3,7.77,718.5
7711,8.97,city,16.2,3.8,11.9,0.274,34.2,clear,large_ev,75,190,2400,half_load,274.7,2674.7,3.285,366.0
7712,54.36,highway,2.7,60.0,85.3,0.34,25.1,rain,large_ev,75,190,2400,half_load,240.3,2640.3,40.553,746.0
7713,9.87,arterial,58.1,31.8,31.1,0.118,33.1,clear,large_ev,75,190,2400,half_load,279.6,2679.6,2.483,251.6
7714,14.7,arterial,29.1,0.9,54.4,0.864,32.6,clear,mid_ev,40,160,1900,half_load,242.6,2142.6,9.492,645.6
7719,28.37,arterial,21.0,11.0,38.0,0.189,29.1,clear,mid_ev,40,160,1900,unladen,29.8,1929.8,6.449,227.3
7720,5.07,city,4.2,12.6,18.7,0.635,31.8,clear,large_ev,75,190,2400,half_load,356.3,2756.3,3.425,675.1
7722,9.24,arterial,0.2,11.3,47.9,0.808,31.4,clear,large_ev,75,190,2400,unladen,34.8,2434.8,5.795,627.4
7723,38.71,highway,4.9,40.0,75.0,0.193,26.4,heavy_rain,large_ev,75,190,2400,half_load,353.5,2753.5,23.736,613.1
7724,69.61,highway,32.2,14.7,76.7,0.582,24.8,heavy_rain,large_ev,75,190,2400,half_load,315.3,2715.3,51.715,742.9
7725,12.13,arterial,1.4,1.1,58.3,0.625,25.0,clear,mid_ev,40,160,1900,half_load,268.2,2168.2,6.536,538.7
7726,93.04,highway,37.0,32.2,88.2,0.015,38.4,clear,large_ev,75,190,2400,half_load,253.2,2653.2,72.848,783.0
7728,18.99,city,4.7,31.6,30.0,0.398,23.9,clear,small_ev,24,140,1400,unladen,19.8,1419.8,5.126,269.9
7729,26.93,arterial,73.2,0.5,42.8,0.763,35.2,clear,small_ev,24,140,1400,unladen,22.5,1422.5,10.044,372.9
7730,4.97,city,4.3,8.0,15.9,0.492,30.3,clear,small_ev,24,140,1400,unladen,1.5,1401.5,1.449,291.8
7731,8.85,city,4.9,1.8,27.8,0.427,28.9,clear,small_ev,24,140,1400,unladen,2.0,1402.0,2.532,286.0
7732,1.74,city,2.7,6.0,21.8,0.672,24.7,rain,mid_ev,40,160,1900,unladen,35.0,1935.0,0.911,522.8
7733,10.21,arterial,6.1,4.3,36.5,0.244,30.4,clear,mid_ev,40,160,1900,half_load,257.5,2157.5,2.568,251.6
7734,13.12,arterial,2.4,0.5,46.6,0.109,30.8,rain,small_ev,24,140,1400,full_load,291.0,1691.0,2.875,219.0
7735,17.09,arterial,2.5,3.6,38.6,0.264,26.0,rain,small_ev,24,140,1400,half_load,177.7,1577.7,3.614,211.5
7736,73.34,highway,3.0,140.2,76.7,0.177,31.2,clear,large_ev,75,190,2400,half_load,299.6,2699.6,44.204,602.7
7737,56.04,highway,1.6,26.2,78.4,0.281,39.3,heavy_rain,mid_ev,40,160,1900,half_load,228.7,2128.7,35.536,634.1
7738,18.52,arterial,20.9,0.7,38.2,0.353,36.3,clear,small_ev,24,140,1400,unladen,10.9,1410.9,4.585,247.6
7739,4.29,city,10.3,0.9,21.8,0.761,25.7,heavy_rain,large_ev,75,190,2400,half_load,329.9,2729.9,3.573,833.2
7740,9.59,city,0.5,3.1,33.2,0.567,30.3,clear,small_ev,24,140,1400,full_load,289.6,1689.6,4.366,455.3
7741,7.35,city,1.6,1.3,20.3,0.728,31.8,heavy_rain,mid_ev,40,160,1900,unladen,14.7,1914.7,4.42,601.6
7742,78.29,highway,15.1,1.9,94.2,0.163,35.5,clear,large_ev,75,190,2400,unladen,7.3,2407.3,66.727,852.3
7743,87.37,highway,31.0,78.0,74.8,0.072,31.3,clear,small_ev,24,140,1400,half_load,170.3,1570.3,33.04,378.2
7744,6.86,arterial,10.4,24.7,25.3,0.33,38.2,clear,small_ev,24,140,1400,full_load,282.8,1682.8,1.375,200.3
7745,64.34,highway,44.0,52.4,100.2,0.162,31.9,clear,large_ev,75,190,2400,half_load,302.7,2702.7,60.259,936.6
7746,6.01,city,9.7,14.7,28.8,0.519,33.4,clear,small_ev,24,140,1400,unladen,14.6,1414.6,2.001,332.9
7747,45.63,highway,41.5,23.0,87.4,0.168,27.9,clear,mid_ev,40,160,1900,unladen,5.0,1905.0,25.299,554.4
7748,19.07,highway,96.1,0.4,95.8,0.084,25.4,clear,large_ev,75,190,2400,half_load,297.8,2697.8,16.456,862.9
7749,1.56,city,5.6,24.9,21.5,0.603,28.2,clear,mid_ev,40,160,1900,unladen,7.4,1907.4,0.732,470.3
7751,27.84,arterial,4.7,7.5,48.6,0.144,40.5,clear,large_ev,75,190,2400,half_load,322.6,2722.6,10.702,384.4
7752,2.17,city,5.6,5.5,27.6,0.508,31.6,clear,large_ev,75,190,2400,half_load,316.6,2716.6,1.317,607.3
7753,57.87,highway,32.3,33.8,93.1,0.047,35.6,clear,large_ev,75,190,2400,half_load,345.4,2745.4,48.663,840.9
7754,3.25,city,10.6,3.0,9.6,0.623,34.6,clear,mid_ev,40,160,1900,full_load,399.0,2299.0,2.068,636.3
7755,11.72,arterial,6.3,66.1,55.1,0.596,26.8,clear,large_ev,75,190,2400,half_load,325.6,2725.6,7.477,638.2
7756,23.32,arterial,42.4,5.1,31.8,0.441,30.2,clear,large_ev,75,190,2400,full_load,595.6,2995.6,9.907,424.9
7757,13.42,arterial,17.0,10.7,43.5,0.307,33.1,rain,mid_ev,40,160,1900,unladen,7.6,1907.6,4.097,305.4
7759,8.32,city,10.2,5.2,17.5,0.517,30.0,clear,mid_ev,40,160,1900,half_load,233.0,2133.0,4.007,481.9
7760,24.73,arterial,8.6,2.0,38.0,0.586,30.1,clear,small_ev,24,140,1400,full_load,270.3,1670.3,7.596,307.2
7761,5.15,city,14.9,7.1,24.9,0.207,20.7,clear,large_ev,75,190,2400,unladen,26.3,2426.3,1.579,306.8
7762,28.87,city,9.6,4.8,17.6,0.415,35.3,clear,large_ev,75,190,2400,half_load,248.0,2648.0,15.461,535.5
7763,34.0,arterial,3.7,24.2,34.5,0.601,27.8,heavy_rain,large_ev,75,190,2400,full_load,559.4,2959.4,18.203,535.4
7764,132.73,highway,53.6,102.1,80.2,0.262,30.4,clear,large_ev,75,190,2400,unladen,12.7,2412.7,85.245,642.2
7765,16.18,city,7.3,4.6,19.6,0.526,32.3,clear,mid_ev,40,160,1900,full_load,402.2,2302.2,8.192,506.5
7767,33.39,arterial,16.3,3.1,39.4,0.157,34.9,clear,small_ev,24,140,1400,full_load,288.3,1688.3,7.018,210.2
7768,19.49,arterial,1.0,23.7,35.6,0.798,38.6,clear,mid_ev,40,160,1900,unladen,29.0,1929.0,8.767,449.9
7770,118.76,highway,11.7,12.4,86.6,0.148,28.3,clear,large_ev,75,190,2400,full_load,523.5,2923.5,82.007,690.5
7771,7.19,arterial,70.7,38.1,53.4,0.429,32.1,clear,mid_ev,40,160,1900,half_load,216.3,2116.3,3.388,471.1
7772,12.11,city,11.5,9.6,28.2,0.511,34.8,clear,mid_ev,40,160,1900,full_load,438.9,2338.9,7.037,581.1
7773,155.57,highway,56.2,68.1,70.5,0.092,39.1,clear,mid_ev,40,160,1900,full_load,443.7,2343.7,73.889,475.0
7774,22.39,arterial,8.8,20.1,37.0,0.381,31.6,rain,large_ev,75,190,2400,unladen,35.4,2435.4,8.265,369.2
7775,9.76,city,0.2,1.8,22.3,0.662,29.7,clear,small_ev,24,140,1400,full_load,261.1,1661.1,4.172,427.7
7776,19.64,arterial,15.7,33.2,39.9,0.095,28.2,clear,large_ev,75,190,2400,full_load,586.7,2986.7,4.759,242.3
7777,150.02,highway,19.2,3.2,79.6,0.241,25.3,clear,large_ev,75,190,2400,full_load,570.3,2970.3,92.245,614.9
7778,16.18,arterial,38.6,42.4,46.4,0.506,37.3,clear,small_ev,24,140,1400,full_load,260.2,1660.2,6.182,382.1
7780,5.1,arterial,1.9,38.9,45.5,0.539,23.8,clear,large_ev,75,190,2400,half_load,275.2,2675.2,2.521,494.6
7781,35.07,highway,44.5,4.5,90.5,0.277,29.3,clear,small_ev,24,140,1400,full_load,289.4,1689.4,19.676,561.1
7783,22.96,arterial,34.0,15.6,37.0,0.282,24.9,clear,mid_ev,40,160,1900,half_load,182.9,2082.9,6.127,266.8
7784,55.73,highway,46.2,70.1,96.1,0.151,24.9,clear,mid_ev,40,160,1900,unladen,37.8,1937.8,36.427,653.7
7786,110.36,highway,136.4,167.0,91.1,0.3,29.3,clear,mid_ev,40,160,1900,half_load,260.2,2160.2,76.0,688.6
7787,6.28,arterial,8.9,18.0,27.8,0.492,27.0,clear,mid_ev,40,160,1900,full_load,400.6,2300.6,2.012,320.2
7788,153.55,highway,36.7,23.4,78.8,0.62,36.0,clear,small_ev,24,140,1400,unladen,17.7,1417.7,75.451,491.4
7789,44.11,highway,35.1,20.0,80.7,0.253,30.5,clear,large_ev,75,190,2400,unladen,50.4,2450.4,27.779,629.8
7791,172.75,highway,30.4,81.4,87.0,0.316,36.3,clear,small_ev,24,140,1400,full_load,295.1,1695.1,99.989,578.8
7792,15.91,arterial,27.6,5.7,55.9,0.562,31.7,rain,small_ev,24,140,1400,half_load,123.3,1523.3,6.73,423.0
7793,133.96,highway,16.9,1.4,95.9,0.112,30.9,rain,small_ev,24,140,1400,unladen,22.5,1422.5,82.553,616.2
7794,26.19,city,28.6,0.6,26.8,0.92,35.2,clear,small_ev,24,140,1400,full_load,279.5,1679.5,16.973,648.0
7796,38.4,arterial,34.6,91.6,23.2,0.148,34.2,rain,mid_ev,40,160,1900,full_load,422.0,2322.0,7.002,182.3
7797,51.97,highway,125.6,13.2,99.7,0.104,28.6,clear,small_ev,24,140,1400,half_load,178.0,1578.0,33.68,648.0
7798,7.2,arterial,6.2,0.8,52.7,0.098,31.6,clear,mid_ev,40,160,1900,full_load,404.3,2304.3,2.235,310.3
7799,23.76,highway,96.1,88.5,86.3,0.496,24.5,clear,mid_ev,40,160,1900,half_load,203.2,2103.2,14.99,630.9
7801,23.69,arterial,25.5,5.2,34.2,0.074,29.3,clear,mid_ev,40,160,1900,half_load,240.4,2140.4,4.097,173.0
7802,11.2,arterial,12.4,0.3,36.2,0.55,39.7,clear,large_ev,75,190,2400,full_load,557.8,2957.8,6.587,588.3
7803,87.19,highway,23.2,46.7,71.5,0.088,38.0,clear,mid_ev,40,160,1900,unladen,21.8,1921.8,39.127,448.7
7804,8.07,city,2.8,1.1,25.7,0.787,40.3,heavy_rain,mid_ev,40,160,1900,unladen,2.0,1902.0,6.43,796.7
7805,9.68,city,0.9,0.1,25.7,0.63,38.8,heavy_rain,mid_ev,40,160,1900,full_load,406.9,2306.9,7.486,773.5
7806,37.5,highway,26.2,9.6,88.1,0.184,25.5,heavy_rain,mid_ev,40,160,1900,full_load,384.1,2284.1,25.323,675.2
7807,12.05,city,12.9,8.8,12.1,0.486,33.2,clear,large_ev,75,190,2400,full_load,537.8,2937.8,7.651,635.1
7809,3.43,city,3.0,1.3,23.9,0.884,20.0,rain,small_ev,24,140,1400,unladen,25.8,1425.8,1.812,527.9
7811,17.08,arterial,1.1,47.2,47.9,0.379,35.5,clear,small_ev,24,140,1400,half_load,140.6,1540.6,5.23,306.2
7812,97.34,highway,23.1,8.9,65.4,0.147,29.1,rain,large_ev,75,190,2400,full_load,549.6,2949.6,47.875,491.8
7813,12.66,city,5.1,3.7,26.0,0.333,30.7,clear,large_ev,75,190,2400,unladen,39.7,2439.7,5.086,401.6
7814,136.38,highway,59.8,10.8,83.0,0.448,26.3,clear,large_ev,75,190,2400,unladen,1.8,2401.8,94.473,692.7
7815,7.6,arterial,24.1,29.7,56.6,0.349,34.9,clear,large_ev,75,190,2400,full_load,596.3,2996.3,4.249,558.8
7816,6.57,arterial,22.5,51.5,51.2,0.316,35.8,clear,large_ev,75,190,2400,unladen,23.6,2423.6,2.963,450.9
7817,8.36,city,2.9,14.0,26.1,0.841,25.4,heavy_rain,large_ev,75,190,2400,full_load,517.0,2917.0,8.418,1006.6
7818,25.81,city,0.2,0.2,32.5,0.23,20.0,clear,small_ev,24,140,1400,full_load,278.3,1678.3,5.966,231.1
7819,3.17,city,0.9,9.7,26.4,0.711,34.1,clear,mid_ev,40,160,1900,unladen,24.3,1924.3,1.978,624.0
7820,6.82,arterial,1.9,22.2,44.3,0.252,35.7,clear,large_ev,75,190,2400,full_load,520.9,2920.9,2.747,402.8
7821,12.0,city,2.9,1.1,24.6,0.635,34.1,clear,mid_ev,40,160,1900,half_load,244.7,2144.7,7.317,609.5
7822,29.89,arterial,0.1,20.3,42.3,0.634,34.2,clear,mid_ev,40,160,1900,unladen,42.2,1942.2,13.06,437.0
7823,29.79,arterial,0.9,9.0,38.3,0.208,29.4,rain,small_ev,24,140,1400,full_load,271.3,1671.3,5.644,189.5
7825,2.37,city,3.3,6.9,25.0,0.3,34.9,rain,large_ev,75,190,2400,half_load,272.5,2672.5,1.048,441.5
7826,1.45,city,9.1,7.4,17.4,0.622,20.0,clear,large_ev,75,190,2400,unladen,54.2,2454.2,0.88,608.1
7827,1.36,city,8.0,29.2,12.9,0.557,31.0,clear,mid_ev,40,160,1900,full_load,408.1,2308.1,0.752,552.2
7829,28.85,arterial,12.8,0.5,41.6,0.216,32.4,clear,large_ev,75,190,2400,unladen,8.7,2408.7,9.127,316.4
7830,16.71,arterial,10.1,1.3,45.6,0.361,37.3,clear,mid_ev,40,160,1900,half_load,224.6,2124.6,6.483,388.0
7831,73.46,highway,27.6,6.4,68.9,0.423,28.2,heavy_rain,mid_ev,40,160,1900,unladen,15.0,1915.0,33.604,457.4
7832,18.06,arterial,15.4,11.1,43.3,0.348,35.0,clear,mid_ev,40,160,1900,half_load,251.0,2151.0,6.032,334.1
7833,6.28,arterial,21.7,15.7,48.4,0.267,36.3,rain,large_ev,75,190,2400,half_load,274.5,2674.5,3.017,480.4
7835,142.83,highway,57.9,83.4,75.9,0.101,30.9,clear,mid_ev,40,160,1900,unladen,45.0,1945.0,62.76,439.4
7836,4.23,city,3.9,2.2,26.3,0.758,29.9,clear,large_ev,75,190,2400,full_load,570.8,2970.8,3.938,931.7
7837,50.09,highway,25.7,5.9,77.7,0.074,32.7,rain,mid_ev,40,160,1900,full_load,407.1,2307.1,25.559,510.3
7838,15.31,city,2.2,0.9,17.1,0.715,31.5,clear,small_ev,24,140,1400,full_load,280.9,1680.9,7.064,461.3
7839,104.14,highway,70.0,28.3,86.6,0.079,22.5,clear,mid_ev,40,160,1900,unladen,28.4,1928.4,58.879,565.4
7840,2.98,arterial,2.6,13.4,40.9,0.462,31.8,clear,large_ev,75,190,2400,full_load,569.4,2969.4,1.436,481.4
7841,74.83,highway,47.8,8.0,96.1,0.09,29.6,clear,small_ev,24,140,1400,half_load,145.0,1545.0,47.51,634.9
7842,20.2,arterial,32.5,8.5,49.1,0.539,34.0,rain,large_ev,75,190,2400,full_load,582.4,2982.4,12.402,613.9
7843,7.57,city,4.4,1.0,36.4,0.411,32.7,clear,mid_ev,40,160,1900,half_load,251.3,2151.3,3.41,450.6
7844,56.65,highway,0.8,10.3,89.4,0.112,35.0,rain,large_ev,75,190,2400,full_load,544.3,2944.3,49.212,868.7
7845,26.25,city,10.5,4.8,24.5,0.433,26.3,clear,large_ev,75,190,2400,unladen,16.4,2416.4,12.221,465.5
7846,11.12,city,1.9,0.3,15.5,0.776,28.9,clear,mid_ev,40,160,1900,full_load,432.0,2332.0,7.211,648.2
7847,3.6,city,5.8,0.4,20.8,0.285,34.5,heavy_rain,mid_ev,40,160,1900,unladen,2.7,1902.7,1.148,319.1
7848,112.59,highway,152.5,108.5,75.8,0.125,31.7,rain,large_ev,75,190,2400,half_load,248.4,2648.4,69.762,619.6
7849,45.53,highway,75.0,3.3,76.4,0.43,21.9,clear,mid_ev,40,160,1900,unladen,12.1,1912.1,22.478,493.6
7850,96.42,highway,64.2,35.3,78.7,0.096,28.9,rain,large_ev,75,190,2400,full_load,596.3,2996.3,60.553,628.0
7851,29.52,highway,103.4,3.4,89.1,0.413,20.0,clear,large_ev,75,190,2400,unladen,50.8,2450.8,21.804,738.6
7852,79.08,highway,7.0,20.0,101.6,0.28,30.6,rain,small_ev,24,140,1400,full_load,258.3,1658.3,57.741,730.2
7853,2.83,city,2.7,0.1,26.2,0.575,32.5,clear,mid_ev,40,160,1900,full_load,420.1,2320.1,1.628,574.7
7854,106.2,highway,16.2,15.1,94.8,0.223,23.5,rain,mid_ev,40,160,1900,half_load,194.5,2094.5,72.882,686.3
7856,20.57,highway,7.9,18.3,80.0,0.196,30.6,clear,small_ev,24,140,1400,unladen,12.4,1412.4,8.744,425.0
7857,7.02,arterial,30.3,99.5,39.9,0.218,35.9,heavy_rain,small_ev,24,140,1400,full_load,266.2,1666.2,1.747,248.9
7858,91.06,highway,165.0,45.2,97.0,0.138,25.8,clear,large_ev,75,190,2400,full_load,522.2,2922.2,81.073,890.3
7859,4.26,city,0.6,1.2,23.9,0.447,26.7,clear,small_ev,24,140,1400,unladen,17.8,1417.8,1.256,294.8
7861,16.62,city,18.9,10.8,19.3,0.81,21.3,clear,mid_ev,40,160,1900,half_load,252.9,2152.9,10.494,631.5
7863,4.94,city,2.8,5.7,17.7,0.378,24.6,rain,mid_ev,40,160,1900,half_load,188.7,2088.7,1.791,362.3
7864,97.92,highway,91.6,40.5,94.6,0.206,24.6,clear,large_ev,75,190,2400,full_load,525.9,2925.9,78.377,800.5
7865,7.66,arterial,0.7,8.8,39.3,0.541,37.2,clear,mid_ev,40,160,1900,unladen,20.2,1920.2,2.952,385.3
7866,7.71,arterial,12.4,4.8,48.1,0.3,31.1,rain,large_ev,75,190,2400,full_load,542.4,2942.4,3.677,477.0
7867,74.73,highway,7.5,32.6,90.2,0.515,38.1,clear,large_ev,75,190,2400,full_load,522.1,2922.1,69.13,925.1
7868,88.83,highway,12.7,8.6,83.0,0.185,26.3,clear,large_ev,75,190,2400,half_load,299.1,2699.1,58.384,657.3
7869,10.71,arterial,42.7,0.3,40.0,0.095,35.7,rain,small_ev,24,140,1400,unladen,29.5,1429.5,2.022,188.7
7870,44.67,highway,44.6,22.1,77.4,0.244,28.7,clear,mid_ev,40,160,1900,full_load,410.7,2310.7,23.476,525.6
7871,6.49,arterial,18.7,0.2,46.3,0.434,32.3,rain,large_ev,75,190,2400,half_load,282.7,2682.7,3.484,537.0
7872,12.74,city,27.4,5.9,23.0,0.5,34.2,clear,large_ev,75,190,2400,half_load,307.8,2707.8,8.191,643.0
7873,7.05,city,3.6,1.2,24.2,0.259,31.3,clear,large_ev,75,190,2400,half_load,340.6,2740.6,2.489,352.9
7874,4.07,city,0.7,1.0,26.4,0.757,27.3,clear,small_ev,24,140,1400,unladen,1.7,1401.7,1.808,444.0
7875,3.77,city,7.7,3.2,24.8,0.302,25.1,clear,large_ev,75,190,2400,unladen,58.1,2458.1,1.433,380.3
7876,7.21,arterial,72.1,9.3,52.7,0.34,28.0,clear,mid_ev,40,160,1900,unladen,26.4,1926.4,2.965,411.0
7877,95.49,highway,22.4,4.3,79.3,0.534,31.9,clear,small_ev,24,140,1400,full_load,299.7,1699.7,45.095,472.3
7878,7.45,city,3.4,15.0,25.4,0.399,33.1,rain,mid_ev,40,160,1900,half_load,224.9,2124.9,3.266,438.6
7879,94.49,highway,37.4,65.7,98.5,0.324,40.2,rain,mid_ev,40,160,1900,unladen,5.5,1905.5,87.177,922.6
7880,33.28,highway,8.4,27.4,77.9,0.246,34.8,rain,small_ev,24,140,1400,unladen,13.3,1413.3,14.293,429.5
7881,169.87,highway,30.8,35.9,94.4,0.458,28.5,clear,mid_ev,40,160,1900,half_load,227.2,2127.2,126.064,742.1
7882,147.93,highway,45.9,4.6,82.5,0.288,34.8,rain,mid_ev,40,160,1900,unladen,38.5,1938.5,91.769,620.4
7884,8.57,city,19.3,6.7,17.7,0.297,25.1,clear,mid_ev,40,160,1900,half_load,182.3,2082.3,2.499,291.5
7885,14.6,city,5.2,1.3,17.8,0.672,34.0,clear,mid_ev,40,160,1900,half_load,216.7,2116.7,8.563,586.4
7886,36.07,highway,0.6,33.4,113.5,0.024,27.5,rain,mid_ev,40,160,1900,full_load,384.0,2284.0,33.96,941.6
7888,1.29,city,2.0,9.6,19.8,0.741,26.6,clear,small_ev,24,140,1400,unladen,24.1,1424.1,0.562,436.7
7890,5.94,city,13.7,14.4,20.2,0.193,42.0,clear,mid_ev,40,160,1900,full_load,415.7,2315.7,1.82,306.3
7891,25.6,arterial,9.9,15.2,38.3,0.357,35.9,clear,mid_ev,40,160,1900,half_load,251.9,2151.9,8.087,315.8
7893,30.67,city,1.0,9.4,13.9,0.57,29.4,rain,small_ev,24,140,1400,unladen,29.1,1429.1,10.816,352.6
7894,121.27,highway,25.4,0.1,76.2,0.451,27.6,clear,large_ev,75,190,2400,full_load,541.5,2941.5,78.472,647.1
7896,78.58,highway,56.2,21.2,86.4,0.495,29.4,heavy_rain,large_ev,75,190,2400,unladen,48.4,2448.4,64.891,825.8
7897,17.36,arterial,18.6,88.8,47.4,0.715,25.8,clear,mid_ev,40,160,1900,unladen,44.9,1944.9,7.286,419.7
7898,30.79,arterial,3.6,88.2,51.6,0.179,30.4,clear,large_ev,75,190,2400,half_load,336.1,2736.1,11.822,383.9
7899,1.97,city,13.4,0.3,22.6,0.489,35.8,rain,large_ev,75,190,2400,half_load,285.6,2685.6,1.403,711.7
7900,90.09,highway,76.8,7.9,69.8,0.23,29.1,clear,small_ev,24,140,1400,half_load,137.1,1537.1,32.292,358.4
7902,12.57,city,7.2,4.6,26.4,0.769,33.6,clear,large_ev,75,190,2400,half_load,314.0,2714.0,11.237,894.1
7904,8.19,city,7.8,11.9,14.8,0.588,31.7,clear,mid_ev,40,160,1900,half_load,183.1,2083.1,4.359,532.3
7905,114.04,highway,20.8,27.8,64.4,0.375,39.0,clear,large_ev,75,190,2400,half_load,339.9,2739.9,57.411,503.4
7906,43.3,highway,47.0,7.1,87.1,0.061,24.5,clear,large_ev,75,190,2400,unladen,43.2,2443.2,27.457,634.1
7908,65.84,highway,0.8,43.4,75.9,0.239,32.6,clear,small_ev,24,140,1400,half_load,173.2,1573.2,26.923,408.9
7909,11.26,city,2.2,30.9,20.1,0.789,20.0,clear,large_ev,75,190,2400,full_load,542.1,2942.1,9.328,828.8
7911,62.78,highway,11.5,26.7,82.3,0.242,23.3,rain,large_ev,75,190,2400,half_load,301.6,2701.6,40.822,650.2
7912,36.46,highway,69.9,1.9,94.5,0.335,42.0,rain,small_ev,24,140,1400,full_load,298.8,1698.8,28.715,787.6
7913,4.13,city,3.0,35.4,33.0,0.598,24.5,rain,small_ev,24,140,1400,half_load,133.8,1533.8,1.865,451.7
7916,12.14,arterial,25.9,1.9,41.6,0.275,30.9,rain,large_ev,75,190,2400,half_load,336.4,2736.4,4.835,398.4
7917,3.08,city,2.1,8.4,21.4,0.432,27.9,rain,large_ev,75,190,2400,full_load,572.5,2972.5,1.792,582.4
7920,35.99,highway,2.7,34.6,77.3,0.08,35.1,clear,large_ev,75,190,2400,half_load,322.9,2722.9,22.525,625.9
7921,198.97,highway,59.4,0.0,87.0,0.045,27.1,clear,large_ev,75,190,2400,full_load,571.9,2971.9,139.56,701.4
7922,1.68,city,12.9,9.4,16.3,0.811,28.3,clear,mid_ev,40,160,1900,full_load,388.7,2288.7,1.262,750.8
7923,4.29,city,0.6,6.1,27.0,0.674,37.6,clear,mid_ev,40,160,1900,full_load,392.0,2292.0,3.037,708.4
7924,8.15,arterial,20.7,31.4,42.5,0.412,24.4,clear,mid_ev,40,160,1900,half_load,263.8,2163.8,2.738,335.8
7927,7.41,arterial,36.8,27.5,41.2,0.142,38.2,clear,large_ev,75,190,2400,unladen,19.7,2419.7,2.351,317.2
7928,12.73,city,9.6,3.5,17.9,0.423,30.7,clear,small_ev,24,140,1400,half_load,148.2,1548.2,3.621,284.4
7929,41.98,arterial,16.3,29.3,57.2,0.291,35.6,clear,mid_ev,40,160,1900,full_load,443.8,2343.8,19.039,453.6
7930,19.08,arterial,21.0,5.8,64.2,0.646,28.9,clear,mid_ev,40,160,1900,full_load,387.2,2287.2,12.084,633.3
7931,12.04,arterial,5.4,7.6,48.9,0.723,27.8,rain,small_ev,24,140,1400,half_load,178.4,1578.4,4.857,403.6
7932,7.2,arterial,0.8,3.8,49.4,0.367,27.5,clear,small_ev,24,140,1400,full_load,293.2,1693.2,2.149,298.4
7933,4.48,arterial,25.5,34.1,39.0,0.895,30.2,rain,mid_ev,40,160,1900,unladen,33.4,1933.4,2.234,498.3
7934,70.4,highway,2.0,45.6,89.0,0.036,31.9,rain,small_ev,24,140,1400,half_load,176.1,1576.1,40.003,568.2
7935,20.43,arterial,12.2,31.4,30.8,0.575,21.6,clear,large_ev,75,190,2400,half_load,306.0,2706.0,8.623,422.0
7936,37.28,arterial,66.1,11.6,46.5,0.299,32.2,clear,large_ev,75,190,2400,unladen,22.3,2422.3,14.747,395.5
7937,9.73,arterial,56.9,19.0,55.6,0.121,36.9,clear,large_ev,75,190,2400,unladen,15.0,2415.0,4.317,443.7
7938,13.3,city,4.4,1.4,20.1,0.709,30.1,clear,small_ev,24,140,1400,unladen,19.6,1419.6,5.456,410.2
7939,16.48,arterial,0.9,13.6,50.4,0.156,32.2,rain,mid_ev,40,160,1900,unladen,27.2,1927.2,5.182,314.5
7940,16.7,arterial,24.2,7.2,43.7,0.515,34.9,clear,small_ev,24,140,1400,unladen,24.2,1424.2,5.096,305.2
7942,15.9,arterial,0.7,15.5,37.7,0.168,28.8,clear,mid_ev,40,160,1900,full_load,436.5,2336.5,3.596,226.1
7943,8.51,arterial,3.1,4.4,39.8,0.142,35.5,clear,mid_ev,40,160,1900,half_load,235.4,2135.4,1.993,234.1
7944,4.32,city,1.5,3.9,19.5,0.844,26.7,heavy_rain,mid_ev,40,160,1900,unladen,43.4,1943.4,3.083,713.0
7946,10.32,arterial,24.5,7.6,40.1,0.24,29.4,rain,mid_ev,40,160,1900,full_load,394.7,2294.7,3.027,293.4
7947,70.57,highway,8.9,42.3,82.2,0.035,35.3,clear,small_ev,24,140,1400,full_load,270.8,1670.8,34.956,495.4
7948,13.64,arterial,47.4,61.6,36.1,0.171,21.3,rain,mid_ev,40,160,1900,half_load,255.4,2155.4,2.964,217.4
7949,1.0,city,19.5,10.1,21.8,0.374,33.1,clear,mid_ev,40,160,1900,full_load,434.5,2334.5,0.516,516.2
7950,11.53,city,8.3,4.9,27.2,0.72,25.6,heavy_rain,small_ev,24,140,1400,unladen,0.6,1400.6,5.048,437.9
7951,17.35,city,6.2,6.8,20.5,0.909,37.1,clear,mid_ev,40,160,1900,full_load,447.6,2347.6,15.481,892.2
7952,120.98,highway,3.6,34.4,86.3,0.157,30.3,clear,mid_ev,40,160,1900,unladen,42.6,1942.6,67.571,558.5
7953,100.61,highway,3.5,27.4,74.7,0.003,34.5,clear,mid_ev,40,160,1900,half_load,222.6,2122.6,45.018,447.4
7954,6.36,city,1.3,11.1,26.0,0.617,30.9,clear,large_ev,75,190,2400,full_load,555.0,2955.0,5.11,803.9
7955,30.59,highway,37.6,36.9,79.3,0.178,30.7,clear,large_ev,75,190,2400,full_load,561.1,2961.1,20.324,664.3
7956,5.01,arterial,9.2,34.9,53.2,0.244,32.5,heavy_rain,mid_ev,40,160,1900,full_load,403.4,2303.4,1.999,398.9
7958,1.36,city,6.4,12.0,20.1,0.251,28.9,clear,large_ev,75,190,2400,half_load,359.2,2759.2,0.483,356.1
7959,93.45,highway,2.2,6.7,67.0,0.426,20.2,heavy_rain,small_ev,24,140,1400,unladen,23.7,1423.7,33.726,360.9
7960,52.05,highway,37.2,144.1,79.1,0.299,27.0,clear,mid_ev,40,160,1900,unladen,13.4,1913.4,25.745,494.6
7961,84.04,highway,1.7,5.9,79.8,0.156,27.4,clear,small_ev,24,140,1400,unladen,0.5,1400.5,34.199,406.9
7964,43.56,highway,26.3,14.0,87.5,0.22,23.9,clear,small_ev,24,140,1400,half_load,162.7,1562.7,20.868,479.1
7965,2.19,arterial,12.1,35.9,35.2,0.279,31.0,clear,large_ev,75,190,2400,half_load,247.2,2647.2,0.679,310.8
7966,35.6,highway,45.5,22.7,65.1,0.611,31.4,clear,mid_ev,40,160,1900,full_load,420.4,2320.4,16.521,464.1
7967,12.55,arterial,46.2,12.3,41.0,0.475,35.5,clear,mid_ev,40,160,1900,half_load,207.2,2107.2,5.075,404.4
7968,18.4,arterial,19.5,4.2,48.1,0.474,29.9,clear,mid_ev,40,160,1900,full_load,399.1,2299.1,7.368,400.4
7970,29.53,highway,97.0,5.3,66.9,0.013,27.7,clear,mid_ev,40,160,1900,half_load,226.7,2126.7,11.282,382.0
7971,14.05,arterial,9.4,36.6,42.6,0.719,34.3,clear,large_ev,75,190,2400,full_load,544.4,2944.4,9.305,662.5
7972,18.41,city,12.3,1.7,23.0,0.346,32.9,clear,small_ev,24,140,1400,half_load,141.3,1541.3,4.814,261.5
7973,14.01,city,5.2,68.9,20.8,0.371,36.1,clear,small_ev,24,140,1400,unladen,22.4,1422.4,3.847,274.5
7974,14.88,city,0.1,8.4,22.5,0.4,33.2,clear,small_ev,24,140,1400,half_load,126.3,1526.3,4.105,275.9
7975,100.74,highway,44.7,22.1,64.3,0.308,28.8,clear,mid_ev,40,160,1900,full_load,396.5,2296.5,39.396,391.1
7976,37.66,highway,4.0,1.4,85.4,0.754,35.3,clear,mid_ev,40,160,1900,unladen,34.9,1934.9,25.629,680.5
7977,13.06,arterial,29.1,23.3,45.6,0.296,27.9,clear,mid_ev,40,160,1900,full_load,401.0,2301.0,4.294,328.8
7978,11.03,city,8.5,11.0,15.6,0.319,36.2,clear,mid_ev,40,160,1900,unladen,27.5,1927.5,3.378,306.4
7979,3.02,city,3.5,16.3,28.7,0.766,28.2,clear,small_ev,24,140,1400,half_load,157.2,1557.2,1.505,498.1
7980,23.97,arterial,24.6,13.2,44.1,0.482,29.5,heavy_rain,small_ev,24,140,1400,unladen,13.0,1413.0,7.436,310.3
7981,57.74,highway,5.0,9.2,94.8,0.072,32.9,clear,small_ev,24,140,1400,half_load,161.4,1561.4,34.132,591.2
7983,7.26,arterial,11.8,10.2,46.5,0.195,36.6,rain,small_ev,24,140,1400,full_load,263.5,1663.5,1.922,264.6
7984,28.38,highway,27.5,25.3,85.6,0.137,34.5,clear,mid_ev,40,160,1900,full_load,440.6,2340.6,17.773,626.3
7986,9.51,arterial,18.1,11.5,48.6,0.719,24.7,clear,mid_ev,40,160,1900,half_load,201.1,2101.1,4.505,473.9
7987,21.4,arterial,25.6,9.2,35.2,0.685,32.2,clear,large_ev,75,190,2400,half_load,259.9,2659.9,12.2,570.1
7988,9.66,arterial,16.9,12.6,46.3,0.225,31.2,clear,mid_ev,40,160,1900,half_load,199.8,2099.8,2.742,283.9
7990,9.36,arterial,56.2,14.5,44.7,0.239,28.6,clear,small_ev,24,140,1400,full_load,261.8,1661.8,2.492,266.2
7991,94.22,highway,8.9,1.6,96.8,0.065,32.6,rain,mid_ev,40,160,1900,unladen,33.3,1933.3,68.586,727.9
7992,4.43,city,12.5,6.9,19.6,0.887,32.8,clear,mid_ev,40,160,1900,half_load,252.5,2152.5,3.56,802.9
7994,9.88,arterial,92.5,13.0,43.8,0.667,35.6,clear,small_ev,24,140,1400,unladen,6.0,1406.0,3.876,392.4
7997,72.12,highway,8.6,33.5,87.3,0.286,35.4,clear,mid_ev,40,160,1900,half_load,260.1,2160.1,47.199,654.4
7998,116.25,highway,89.5,8.6,98.6,0.157,28.4,rain,large_ev,75,190,2400,full_load,575.4,2975.4,111.802,961.7
7999,17.13,arterial,28.2,9.8,46.5,0.317,21.3,clear,mid_ev,40,160,1900,half_load,228.9,2128.9,5.417,316.3
8000,54.16,highway,87.1,5.7,78.2,0.168,35.4,clear,small_ev,24,140,1400,half_load,179.2,1579.2,25.545,471.7
8002,21.99,arterial,14.4,83.8,38.8,0.526,34.4,rain,large_ev,75,190,2400,half_load,305.0,2705.0,10.711,487.2
8003,1.6,city,3.2,11.5,22.3,0.346,29.9,clear,mid_ev,40,160,1900,half_load,225.2,2125.2,0.575,358.6
8008,5.09,arterial,7.7,22.9,46.8,0.379,30.1,rain,small_ev,24,140,1400,half_load,121.2,1521.2,1.537,301.8
8010,5.76,city,7.0,7.7,23.1,0.504,23.1,clear,large_ev,75,190,2400,half_load,329.3,2729.3,3.371,585.5
8011,3.9,city,23.9,2.8,25.9,0.505,23.2,rain,mid_ev,40,160,1900,half_load,250.1,2150.1,2.013,516.8
8012,46.87,highway,4.5,53.1,90.0,0.196,30.5,clear,small_ev,24,140,1400,half_load,157.0,1557.0,26.787,571.5
8013,13.74,arterial,14.2,6.7,41.7,0.524,27.0,rain,mid_ev,40,160,1900,full_load,417.7,2317.7,5.797,421.8
8014,66.17,highway,26.2,23.9,95.1,0.368,20.0,clear,large_ev,75,190,2400,unladen,43.9,2443.9,54.177,818.7
8015,48.8,highway,17.0,23.2,72.9,0.181,31.0,rain,large_ev,75,190,2400,half_load,312.0,2712.0,28.533,584.7
8018,3.06,arterial,43.2,46.7,43.9,0.132,25.3,heavy_rain,small_ev,24,140,1400,unladen,22.9,1422.9,0.701,229.3
8019,5.25,city,14.1,4.5,25.5,0.44,22.5,clear,mid_ev,40,160,1900,full_load,389.8,2289.8,2.23,424.5
8020,120.88,highway,54.0,46.2,92.8,0.124,27.6,clear,large_ev,75,190,2400,unladen,42.9,2442.9,89.882,743.6
8021,107.05,highway,13.5,28.3,83.9,0.229,30.6,clear,mid_ev,40,160,1900,half_load,252.9,2152.9,60.92,569.1
8022,51.85,highway,7.7,11.0,81.6,0.035,26.2,clear,small_ev,24,140,1400,unladen,8.8,1408.8,23.169,446.8
8024,69.02,highway,12.3,35.9,104.2,0.04,32.8,clear,mid_ev,40,160,1900,unladen,15.0,1915.0,56.119,813.1
8027,9.37,arterial,9.2,7.3,36.6,0.287,32.0,rain,large_ev,75,190,2400,unladen,45.2,2445.2,3.379,360.7
8029,77.69,highway,31.6,4.6,84.1,0.209,33.7,rain,large_ev,75,190,2400,full_load,523.1,2923.1,57.776,743.7
8030,24.73,arterial,49.2,0.1,34.1,0.499,30.4,clear,mid_ev,40,160,1900,half_load,210.0,2110.0,8.624,348.7
8031,6.77,city,6.5,9.6,25.7,0.295,31.2,clear,large_ev,75,190,2400,full_load,564.8,2964.8,3.035,448.3
8032,1.0,city,11.3,8.3,21.5,0.576,32.9,clear,large_ev,75,190,2400,unladen,13.0,2413.0,0.655,655.2
8034,6.89,city,3.3,6.5,19.2,0.936,27.5,clear,mid_ev,40,160,1900,half_load,226.8,2126.8,5.131,744.5
8036,48.88,highway,13.5,33.1,62.3,0.068,27.9,clear,small_ev,24,140,1400,full_load,274.3,1674.3,12.813,262.1
8037,75.78,highway,4.4,27.8,96.2,0.086,29.1,clear,small_ev,24,140,1400,unladen,28.5,1428.5,45.587,601.5
8038,23.7,arterial,33.4,18.6,41.9,0.422,42.0,clear,large_ev,75,190,2400,full_load,552.6,2952.6,12.577,530.6
8039,46.81,arterial,9.3,53.2,47.1,0.476,30.1,clear,large_ev,75,190,2400,half_load,262.1,2662.1,22.767,486.4
8040,1.44,city,7.8,0.0,16.2,0.769,26.9,clear,mid_ev,40,160,1900,unladen,1.7,1901.7,0.774,539.5
8041,52.21,highway,7.4,22.0,89.2,0.151,31.7,clear,small_ev,24,140,1400,full_load,282.1,1682.1,26.964,516.5
8042,25.87,city,4.4,1.9,20.7,0.841,34.3,clear,small_ev,24,140,1400,half_load,154.6,1554.6,14.543,562.1
8043,8.9,city,6.3,8.6,20.8,0.907,27.0,clear,mid_ev,40,160,1900,full_load,383.2,2283.2,6.953,780.9
8044,15.07,arterial,37.8,8.0,37.3,0.407,34.1,clear,mid_ev,40,160,1900,half_load,256.5,2156.5,5.309,352.2
8046,20.34,city,3.3,2.0,40.0,0.563,31.0,clear,large_ev,75,190,2400,full_load,578.3,2978.3,16.29,801.0
8047,56.8,arterial,27.4,1.9,62.2,0.346,27.6,clear,small_ev,24,140,1400,full_load,290.1,1690.1,21.269,374.5
8048,5.02,arterial,9.1,15.1,42.8,0.49,35.2,clear,large_ev,75,190,2400,full_load,568.3,2968.3,2.659,530.0
8050,14.1,arterial,39.1,2.3,42.4,0.036,29.9,clear,mid_ev,40,160,1900,half_load,227.9,2127.9,3.01,213.5
8053,47.08,highway,4.8,92.0,84.9,0.449,38.7,clear,mid_ev,40,160,1900,full_load,441.9,2341.9,33.971,721.6
8054,4.87,city,7.6,7.5,25.7,0.721,36.4,clear,small_ev,24,140,1400,half_load,156.2,1556.2,2.384,489.8
8055,13.68,city,3.3,3.3,22.7,0.232,25.4,clear,mid_ev,40,160,1900,half_load,230.8,2130.8,3.465,253.2
8056,26.5,arterial,0.8,21.0,50.9,0.492,29.2,clear,mid_ev,40,160,1900,half_load,218.8,2118.8,11.202,422.7
8057,60.61,highway,17.4,109.4,90.6,0.139,20.0,clear,mid_ev,40,160,1900,unladen,31.7,1931.7,38.63,637.3
8058,11.04,arterial,28.3,48.8,34.5,0.72,23.1,clear,small_ev,24,140,1400,full_load,278.4,1678.4,3.581,324.4
8059,5.68,arterial,30.1,5.0,45.2,0.561,23.5,clear,mid_ev,40,160,1900,full_load,385.8,2285.8,2.429,427.8
8060,16.72,arterial,12.7,58.1,37.0,0.113,28.4,rain,large_ev,75,190,2400,unladen,19.7,2419.7,3.854,230.5
8062,37.32,highway,45.4,8.5,87.2,0.659,34.7,clear,large_ev,75,190,2400,full_load,597.5,2997.5,32.419,868.6
8064,67.02,highway,30.5,22.0,78.6,0.043,35.6,clear,mid_ev,40,160,1900,full_load,418.2,2318.2,35.417,528.5
8065,5.83,city,16.5,5.6,24.9,0.428,34.7,rain,small_ev,24,140,1400,full_load,263.0,1663.0,2.064,353.8
8066,13.16,arterial,4.9,2.5,44.5,0.343,28.3,rain,large_ev,75,190,2400,unladen,42.1,2442.1,5.073,385.5
8068,24.38,highway,260.0,66.1,91.5,0.074,30.2,clear,small_ev,24,140,1400,full_load,293.7,1693.7,14.812,607.4
8070,40.55,highway,182.4,1.2,80.0,0.092,23.7,clear,large_ev,75,190,2400,unladen,39.2,2439.2,24.154,595.6
8071,93.35,highway,22.0,8.4,87.8,0.229,38.9,clear,mid_ev,40,160,1900,full_load,438.8,2338.8,65.694,703.7
8072,12.27,city,36.3,4.1,10.4,0.547,37.8,rain,mid_ev,40,160,1900,half_load,255.6,2155.6,7.15,582.6
8073,1.99,city,10.7,3.2,22.4,0.396,29.0,heavy_rain,small_ev,24,140,1400,half_load,127.3,1527.3,0.621,311.5
8074,14.05,arterial,3.2,1.4,52.5,0.328,30.3,clear,small_ev,24,140,1400,unladen,29.5,1429.5,4.024,286.3
8076,166.75,highway,10.3,90.2,118.2,0.264,32.2,clear,small_ev,24,140,1400,half_load,123.1,1523.1,159.508,956.5
8077,21.47,arterial,1.1,34.3,28.4,0.271,27.5,heavy_rain,large_ev,75,190,2400,unladen,17.5,2417.5,5.602,260.9
8078,64.4,highway,3.6,8.0,87.8,0.353,26.4,rain,mid_ev,40,160,1900,full_load,387.3,2287.3,41.723,647.8
8079,40.37,arterial,8.4,13.5,36.9,0.706,27.8,rain,small_ev,24,140,1400,unladen,17.8,1417.8,13.497,334.3
8080,1.99,city,0.0,5.4,20.9,0.638,31.2,clear,small_ev,24,140,1400,unladen,13.4,1413.4,0.784,393.7
8081,23.45,highway,39.1,31.6,83.3,0.26,20.2,clear,large_ev,75,190,2400,half_load,352.8,2752.8,15.63,666.6
8082,45.96,arterial,13.3,19.1,58.2,0.54,27.0,clear,large_ev,75,190,2400,unladen,50.8,2450.8,25.645,557.9
8083,9.28,arterial,8.0,22.9,48.0,0.372,34.1,clear,small_ev,24,140,1400,full_load,292.4,1692.4,2.755,296.9
8084,4.74,arterial,57.1,33.4,41.8,0.727,37.9,rain,mid_ev,40,160,1900,unladen,9.9,1909.9,2.48,523.4
8085,50.95,highway,16.5,56.9,101.1,0.029,30.2,clear,small_ev,24,140,1400,full_load,292.6,1692.6,32.929,646.4
8086,12.68,city,3.0,2.3,8.3,0.553,33.9,clear,mid_ev,40,160,1900,unladen,0.2,1900.2,5.382,424.3
8087,42.81,arterial,1.9,34.4,42.7,0.386,28.4,clear,small_ev,24,140,1400,unladen,7.6,1407.6,10.519,245.7
8088,11.91,city,2.0,1.8,22.3,0.645,23.7,rain,large_ev,75,190,2400,full_load,521.9,2921.9,8.692,729.6
8089,63.48,highway,73.5,12.4,75.1,0.205,24.8,clear,mid_ev,40,160,1900,unladen,0.4,1900.4,27.529,433.7
8090,8.22,city,0.5,4.0,25.9,0.522,36.4,heavy_rain,small_ev,24,140,1400,full_load,274.3,1674.3,3.841,467.5
8091,18.07,arterial,6.0,12.7,55.4,0.149,29.8,rain,mid_ev,40,160,1900,half_load,251.0,2151.0,6.008,332.4
8093,1.45,city,5.6,7.0,14.8,0.549,34.2,clear,small_ev,24,140,1400,half_load,179.7,1579.7,0.545,377.0
8094,58.79,highway,1.7,29.4,93.2,0.171,38.0,clear,small_ev,24,140,1400,unladen,5.3,1405.3,38.169,649.2
8095,45.31,highway,5.0,149.6,79.3,0.423,29.0,clear,small_ev,24,140,1400,full_load,289.5,1689.5,20.518,452.8
8096,10.92,arterial,58.8,42.1,45.8,0.299,37.4,rain,small_ev,24,140,1400,unladen,16.2,1416.2,3.367,308.2
8097,2.63,city,16.1,6.7,24.2,0.86,36.8,clear,small_ev,24,140,1400,unladen,21.6,1421.6,1.403,534.4
8098,9.71,city,4.8,5.8,30.9,0.101,31.0,rain,large_ev,75,190,2400,full_load,525.9,2925.9,2.699,278.1
8099,2.27,city,22.8,3.2,14.7,0.855,36.0,clear,large_ev,75,190,2400,half_load,310.9,2710.9,2.278,1004.9
8100,5.22,city,16.1,17.6,22.8,0.411,28.6,clear,large_ev,75,190,2400,half_load,334.5,2734.5,2.665,511.0
8101,34.69,arterial,4.4,11.1,34.4,0.361,38.3,clear,small_ev,24,140,1400,half_load,144.7,1544.7,7.733,222.9
8102,18.33,arterial,38.5,44.6,41.6,0.362,30.0,clear,large_ev,75,190,2400,full_load,594.1,2994.1,8.277,451.4
8103,14.47,arterial,37.6,7.4,38.4,0.269,30.1,clear,small_ev,24,140,1400,full_load,272.2,1672.2,3.302,228.2
8104,113.27,highway,21.2,60.0,91.7,0.193,32.6,clear,mid_ev,40,160,1900,half_load,220.6,2120.6,72.312,638.4
8105,7.43,city,15.4,2.2,22.7,0.606,26.9,clear,large_ev,75,190,2400,unladen,22.0,2422.0,4.532,609.7
8106,9.53,city,3.5,0.7,24.2,0.408,31.8,clear,mid_ev,40,160,1900,unladen,12.1,1912.1,3.475,364.6
8108,71.77,highway,4.3,11.7,88.4,0.112,27.7,clear,large_ev,75,190,2400,unladen,2.5,2402.5,50.357,701.7
8109,4.63,city,0.0,13.9,21.3,0.405,31.7,rain,large_ev,75,190,2400,half_load,317.2,2717.2,2.328,502.6
8110,2.99,city,10.1,5.6,18.0,0.168,30.6,clear,mid_ev,40,160,1900,full_load,395.3,2295.3,0.708,236.6
8111,12.62,city,4.9,13.0,23.2,0.809,27.4,clear,large_ev,75,190,2400,half_load,267.0,2667.0,10.457,828.8
8112,15.14,arterial,79.8,4.7,42.6,0.375,36.6,clear,small_ev,24,140,1400,full_load,257.9,1657.9,4.845,320.1
8113,39.53,highway,89.6,21.2,83.6,0.056,32.0,clear,large_ev,75,190,2400,full_load,553.8,2953.8,28.869,730.3
8114,22.18,city,26.6,8.6,14.2,0.547,40.8,clear,large_ev,75,190,2400,unladen,26.0,2426.0,13.531,610.0
8116,52.58,arterial,62.8,29.7,55.6,0.292,39.1,heavy_rain,small_ev,24,140,1400,unladen,11.1,1411.1,19.622,373.1
8119,2.49,city,2.9,0.7,23.7,0.789,29.2,clear,mid_ev,40,160,1900,full_load,423.9,2323.9,1.815,728.0
8120,47.13,highway,57.7,56.9,81.7,0.172,33.9,clear,mid_ev,40,160,1900,full_load,433.2,2333.2,27.609,585.8
8121,8.69,city,8.5,17.1,27.6,0.366,33.9,clear,mid_ev,40,160,1900,unladen,10.0,1910.0,2.945,338.8
8122,120.27,highway,41.0,199.9,78.7,0.426,34.2,clear,mid_ev,40,160,1900,unladen,13.2,1913.2,63.486,527.8
8123,15.42,arterial,42.4,3.4,35.0,0.451,32.5,clear,mid_ev,40,160,1900,half_load,214.8,2114.8,5.35,347.0
8124,14.19,city,11.2,9.1,23.7,0.653,23.4,clear,small_ev,24,140,1400,full_load,263.6,1663.6,5.95,419.4
8125,108.89,highway,40.7,9.6,76.2,0.59,27.5,clear,mid_ev,40,160,1900,full_load,447.6,2347.6,60.899,559.3
8126,1.84,city,13.7,9.0,15.6,0.662,34.6,clear,mid_ev,40,160,1900,half_load,259.7,2159.7,1.21,656.8
8128,79.74,highway,153.2,36.3,84.7,0.316,34.9,clear,mid_ev,40,160,1900,unladen,28.9,1928.9,49.575,621.7
8129,3.62,city,9.2,10.1,27.8,0.541,32.4,rain,large_ev,75,190,2400,full_load,515.3,2915.3,2.644,730.8
8130,208.8,highway,21.5,11.6,79.4,0.262,26.2,clear,small_ev,24,140,1400,unladen,0.1,1400.1,91.601,438.7
8131,8.96,city,13.7,12.7,19.8,0.835,33.1,clear,small_ev,24,140,1400,unladen,5.2,1405.2,4.359,486.7
8132,27.43,arterial,3.4,21.1,34.8,0.475,34.9,clear,large_ev,75,190,2400,half_load,294.3,2694.3,11.57,421.8
8133,1.63,city,8.4,7.4,29.8,0.504,30.2,rain,small_ev,24,140,1400,unladen,15.6,1415.6,0.634,388.0
8134,7.07,arterial,64.6,17.7,49.1,0.728,34.7,rain,mid_ev,40,160,1900,unladen,12.3,1912.3,4.221,596.9
8135,18.57,arterial,18.8,34.0,33.5,0.718,28.5,rain,mid_ev,40,160,1900,unladen,10.3,1910.3,7.534,405.6
8138,7.93,city,0.5,4.2,23.6,0.478,40.0,clear,small_ev,24,140,1400,full_load,261.5,1661.5,3.333,420.1
8140,166.13,highway,22.3,16.4,90.2,0.392,25.5,clear,large_ev,75,190,2400,unladen,25.1,2425.1,129.151,777.4
8143,32.97,highway,32.7,3.3,85.8,0.132,27.4,clear,small_ev,24,140,1400,full_load,294.5,1694.5,16.139,489.4
8144,112.0,highway,25.1,13.5,83.9,0.02,38.2,clear,small_ev,24,140,1400,unladen,24.3,1424.3,56.076,500.7
8145,100.35,highway,47.5,16.6,78.0,0.2,33.5,clear,small_ev,24,140,1400,unladen,23.5,1423.5,43.768,436.2
8146,7.99,city,8.0,9.3,16.8,0.496,37.3,clear,small_ev,24,140,1400,half_load,135.3,1535.3,2.853,357.1
8147,116.94,highway,69.6,59.9,99.3,0.153,28.1,clear,mid_ev,40,160,1900,unladen,5.5,1905.5,87.299,746.5
8148,7.48,city,7.5,7.3,18.0,0.199,36.1,clear,small_ev,24,140,1400,unladen,1.7,1401.7,1.268,169.5
8149,13.04,city,10.7,8.7,22.8,0.243,31.5,rain,mid_ev,40,160,1900,half_load,214.0,2114.0,3.863,296.3
8150,171.29,highway,18.3,8.7,93.5,0.356,32.5,rain,mid_ev,40,160,1900,half_load,200.4,2100.4,132.864,775.6
8151,28.3,arterial,42.8,1.7,28.7,0.186,28.5,rain,small_ev,24,140,1400,full_load,293.3,1693.3,4.681,165.4
8152,130.36,highway,1.9,12.9,86.4,0.592,33.5,clear,large_ev,75,190,2400,unladen,13.5,2413.5,106.542,817.3
8154,30.78,highway,33.3,26.9,80.9,0.054,38.2,rain,small_ev,24,140,1400,unladen,4.3,1404.3,15.517,504.2
8155,6.7,arterial,31.2,20.7,63.1,0.455,27.2,clear,large_ev,75,190,2400,full_load,541.9,2941.9,4.45,663.8
8157,72.04,highway,50.0,112.6,92.6,0.094,34.2,clear,large_ev,75,190,2400,unladen,58.5,2458.5,56.221,780.4
8159,132.3,highway,4.5,48.0,92.1,0.039,31.5,clear,small_ev,24,140,1400,unladen,28.0,1428.0,73.103,552.6
8160,79.9,highway,152.0,69.8,86.8,0.05,27.1,clear,large_ev,75,190,2400,unladen,59.0,2459.0,52.943,662.6
8161,9.01,city,2.5,9.9,28.0,0.857,33.4,heavy_rain,small_ev,24,140,1400,full_load,276.2,1676.2,5.736,636.4
8162,22.67,arterial,1.0,36.7,51.6,0.528,31.5,clear,large_ev,75,190,2400,unladen,51.3,2451.3,11.776,519.4
8163,4.58,city,27.2,13.1,16.1,0.491,36.0,rain,mid_ev,40,160,1900,full_load,395.5,2295.5,2.628,574.0
8164,29.73,arterial,9.4,6.3,52.1,0.614,26.7,clear,large_ev,75,190,2400,full_load,565.1,2965.1,19.347,650.8
8166,10.0,highway,39.5,26.7,93.7,0.089,42.0,clear,mid_ev,40,160,1900,half_load,194.9,2094.9,8.194,819.4
8168,7.48,arterial,1.1,23.1,29.4,0.551,25.4,clear,small_ev,24,140,1400,unladen,21.8,1421.8,1.801,240.7
8171,67.34,highway,60.0,21.0,75.0,0.505,29.5,clear,mid_ev,40,160,1900,full_load,425.6,2325.6,37.806,561.4
8172,9.53,city,18.5,9.4,30.7,0.21,37.1,clear,large_ev,75,190,2400,unladen,23.1,2423.1,3.212,336.9
8174,1.52,city,4.7,4.1,23.5,0.166,26.4,clear,small_ev,24,140,1400,half_load,131.5,1531.5,0.244,160.2
8176,91.11,highway,190.2,20.6,98.5,0.153,39.7,clear,mid_ev,40,160,1900,unladen,41.8,1941.8,77.826,854.2
8177,37.37,highway,30.2,39.2,81.9,0.518,32.4,clear,mid_ev,40,160,1900,half_load,212.3,2112.3,22.078,590.7
8178,1.36,city,9.5,4.7,19.8,0.445,30.9,clear,small_ev,24,140,1400,full_load,282.6,1682.6,0.514,378.6
8179,61.46,highway,72.0,48.3,77.8,0.644,42.0,clear,small_ev,24,140,1400,full_load,279.3,1679.3,36.086,587.1
8180,78.36,highway,49.0,41.2,91.9,0.183,33.4,clear,mid_ev,40,160,1900,half_load,188.8,2088.8,51.936,662.8
8181,35.57,highway,11.3,82.7,92.9,0.166,34.3,heavy_rain,small_ev,24,140,1400,half_load,159.6,1559.6,23.882,671.3
8182,57.65,highway,43.7,35.8,62.0,0.174,26.2,clear,mid_ev,40,160,1900,unladen,38.7,1938.7,19.886,344.9
8183,15.43,arterial,18.5,0.5,39.2,0.655,32.3,clear,mid_ev,40,160,1900,full_load,433.8,2333.8,7.266,471.0
8184,16.47,arterial,2.3,6.8,31.4,0.746,32.5,rain,mid_ev,40,160,1900,full_load,439.5,2339.5,7.212,437.8
8185,25.41,arterial,8.0,26.0,38.9,0.104,32.9,clear,large_ev,75,190,2400,half_load,337.9,2737.9,6.912,272.0
8186,39.91,arterial,4.8,57.4,32.3,0.339,29.2,clear,mid_ev,40,160,1900,half_load,250.3,2150.3,10.587,265.2
8188,29.61,arterial,12.1,24.5,38.0,0.582,35.2,clear,small_ev,24,140,1400,half_load,136.7,1536.7,9.332,315.2
8189,4.35,city,4.0,11.2,18.3,0.872,30.1,clear,large_ev,75,190,2400,half_load,336.4,2736.4,4.089,940.1
8190,14.09,city,3.1,29.6,15.8,0.653,23.2,clear,large_ev,75,190,2400,unladen,38.9,2438.9,8.129,576.8
8192,6.88,city,16.2,1.8,34.7,0.599,29.9,clear,large_ev,75,190,2400,half_load,295.8,2695.8,5.364,780.0
8193,32.02,arterial,1.1,70.6,48.9,0.059,34.2,heavy_rain,mid_ev,40,160,1900,unladen,25.1,1925.1,8.523,266.1
8194,2.31,city,4.0,1.5,17.9,0.236,33.6,clear,small_ev,24,140,1400,half_load,131.6,1531.6,0.518,224.4
8195,9.26,city,8.9,7.3,22.5,0.432,38.3,rain,small_ev,24,140,1400,full_load,262.7,1662.7,3.609,389.9
8196,12.91,city,37.2,21.6,22.6,0.796,31.4,clear,small_ev,24,140,1400,full_load,274.9,1674.9,7.265,562.5
8197,10.05,arterial,48.1,21.2,38.6,0.05,32.4,clear,large_ev,75,190,2400,unladen,33.4,2433.4,2.433,242.2
8198,182.44,highway,66.2,116.6,81.3,0.391,21.7,heavy_rain,large_ev,75,190,2400,half_load,312.2,2712.2,130.624,716.0
8199,13.15,arterial,4.3,23.4,54.4,0.51,27.9,heavy_rain,mid_ev,40,160,1900,half_load,208.3,2108.3,6.64,505.1
8200,50.51,arterial,2.7,36.9,49.6,0.225,24.1,clear,large_ev,75,190,2400,half_load,311.2,2711.2,18.664,369.5
8201,123.9,highway,6.8,51.1,82.6,0.264,31.7,heavy_rain,small_ev,24,140,1400,full_load,277.4,1677.4,68.79,555.2
8202,22.07,highway,3.5,10.3,83.3,0.121,32.1,heavy_rain,small_ev,24,140,1400,full_load,262.6,1662.6,11.825,535.9
8205,26.55,highway,2.6,37.2,96.5,0.091,27.1,clear,mid_ev,40,160,1900,unladen,6.6,1906.6,18.639,702.1
8206,147.54,highway,47.2,34.8,78.1,0.005,29.6,rain,large_ev,75,190,2400,half_load,279.8,2679.8,89.584,607.2
8208,26.24,arterial,14.7,6.8,36.5,0.395,31.6,clear,large_ev,75,190,2400,full_load,534.2,2934.2,10.939,416.8
8209,17.2,arterial,25.7,48.2,47.7,0.589,30.3,clear,small_ev,24,140,1400,full_load,288.2,1688.2,6.282,365.1
8210,9.09,city,5.1,25.4,20.4,0.751,27.2,clear,mid_ev,40,160,1900,unladen,17.2,1917.2,5.173,569.2
8211,46.45,highway,31.2,42.1,79.8,0.31,27.7,clear,large_ev,75,190,2400,half_load,355.7,2755.7,28.947,623.2
8212,12.23,highway,15.5,42.7,78.6,0.193,38.0,clear,small_ev,24,140,1400,unladen,25.0,1425.0,5.955,487.1
8213,2.38,city,3.0,0.2,22.9,0.149,26.7,clear,mid_ev,40,160,1900,half_load,182.6,2082.6,0.483,203.0
8214,18.27,city,13.3,0.6,26.7,0.77,27.1,clear,small_ev,24,140,1400,unladen,2.4,1402.4,7.756,424.5
8215,12.52,arterial,13.6,20.6,40.0,0.472,33.6,rain,small_ev,24,140,1400,half_load,142.2,1542.2,3.591,286.8
8216,15.17,city,0.9,9.5,25.0,0.382,27.2,clear,small_ev,24,140,1400,full_load,269.9,1669.9,4.637,305.7
8217,48.95,arterial,25.8,5.8,49.3,0.908,33.8,clear,mid_ev,40,160,1900,half_load,219.0,2119.0,28.326,578.6
8218,55.03,highway,13.0,100.3,74.8,0.006,30.2,clear,small_ev,24,140,1400,full_load,279.1,1679.1,19.676,357.5
8221,99.93,highway,86.4,50.1,73.8,0.153,34.4,clear,mid_ev,40,160,1900,full_load,390.0,2290.0,48.318,483.5
8222,10.83,city,1.8,8.3,25.2,0.74,34.0,rain,mid_ev,40,160,1900,half_load,249.4,2149.4,7.644,706.1
8223,7.73,city,3.1,26.9,28.0,0.668,37.5,clear,mid_ev,40,160,1900,half_load,220.3,2120.3,5.305,686.4
8226,20.06,arterial,2.5,1.7,43.3,0.382,23.3,clear,large_ev,75,190,2400,full_load,560.5,2960.5,8.402,418.9
8227,22.57,arterial,2.8,3.1,45.5,0.318,33.9,clear,small_ev,24,140,1400,half_load,122.3,1522.3,5.631,249.5
8228,204.87,highway,34.2,4.9,85.9,0.015,36.1,clear,small_ev,24,140,1400,full_load,300.0,1700.0,110.45,539.1
8231,65.47,highway,19.6,165.4,81.5,0.211,35.2,heavy_rain,mid_ev,40,160,1900,half_load,198.4,2098.4,42.321,646.4
8232,48.32,arterial,5.8,1.7,28.4,0.307,31.5,clear,small_ev,24,140,1400,unladen,2.8,1402.8,8.288,171.5
8233,24.95,highway,53.5,23.3,87.1,0.042,25.3,heavy_rain,mid_ev,40,160,1900,half_load,254.6,2154.6,16.389,656.9
8235,34.47,highway,16.1,2.1,88.3,0.019,40.9,clear,mid_ev,40,160,1900,full_load,432.0,2332.0,24.791,719.1
8236,8.38,city,3.5,2.4,22.6,0.598,30.6,clear,mid_ev,40,160,1900,half_load,250.0,2150.0,4.488,535.2
8237,31.29,arterial,59.5,24.7,51.6,0.312,37.1,clear,mid_ev,40,160,1900,unladen,43.4,1943.4,12.014,384.0
8238,48.29,highway,0.1,50.7,88.4,0.151,26.8,heavy_rain,large_ev,75,190,2400,half_load,351.0,2751.0,36.784,761.7
8239,44.63,highway,22.5,2.5,78.0,0.019,30.2,clear,large_ev,75,190,2400,unladen,33.6,2433.6,25.274,566.3
8240,11.06,city,14.1,2.9,32.2,0.574,33.8,clear,large_ev,75,190,2400,full_load,573.0,2973.0,9.168,828.8
8241,142.11,highway,2.7,24.2,78.9,0.245,30.5,clear,large_ev,75,190,2400,full_load,516.0,2916.0,96.621,679.9
8243,3.55,city,16.7,6.2,18.5,0.533,23.8,heavy_rain,mid_ev,40,160,1900,half_load,231.5,2131.5,1.799,506.3
8244,84.23,highway,8.8,92.6,102.0,0.146,26.9,clear,small_ev,24,140,1400,half_load,122.0,1522.0,53.591,636.2
8246,67.92,highway,41.1,29.3,67.3,0.091,34.1,clear,small_ev,24,140,1400,half_load,152.8,1552.8,23.94,352.5
8247,140.66,highway,1.5,41.1,84.6,0.289,29.8,rain,large_ev,75,190,2400,full_load,517.6,2917.6,106.695,758.5
8248,11.53,city,7.3,1.8,28.2,0.746,34.2,clear,small_ev,24,140,1400,half_load,166.3,1566.3,5.816,504.6
8249,46.31,arterial,5.8,9.7,39.6,0.349,32.4,clear,large_ev,75,190,2400,unladen,41.9,2441.9,16.265,351.2
8252,5.38,city,1.9,9.4,34.1,0.724,30.4,clear,large_ev,75,190,2400,unladen,4.7,2404.7,3.943,732.5
8254,34.75,highway,69.3,39.6,80.8,0.036,38.7,clear,large_ev,75,190,2400,unladen,47.0,2447.0,24.111,693.8
8255,20.14,arterial,64.1,13.1,39.7,0.472,32.1,rain,large_ev,75,190,2400,unladen,53.8,2453.8,8.733,433.6
8256,6.63,city,0.2,9.5,15.4,0.688,27.2,clear,small_ev,24,140,1400,full_load,282.3,1682.3,2.895,436.5
8257,116.4,highway,1.7,38.9,95.0,0.077,25.4,rain,mid_ev,40,160,1900,half_load,180.0,2080.0,83.146,714.3
8258,15.19,arterial,16.4,19.8,36.6,0.443,32.0,clear,large_ev,75,190,2400,full_load,576.7,2976.7,7.002,461.0
8260,21.27,arterial,12.5,71.0,37.9,0.624,36.8,clear,large_ev,75,190,2400,unladen,0.2,2400.2,11.355,534.0
8261,2.28,arterial,3.5,7.2,32.6,0.486,34.9,rain,large_ev,75,190,2400,full_load,541.8,2941.8,1.074,471.4
8263,15.43,arterial,3.7,37.6,44.3,0.361,27.4,clear,large_ev,75,190,2400,unladen,59.4,2459.4,6.132,397.3
8264,5.87,city,11.2,10.3,26.0,0.484,30.3,heavy_rain,small_ev,24,140,1400,unladen,2.5,1402.5,2.056,350.5
8265,70.66,highway,33.0,7.0,74.0,0.287,28.6,clear,large_ev,75,190,2400,unladen,57.3,2457.3,40.156,568.3
8266,7.79,city,26.1,3.1,21.8,0.527,36.4,clear,large_ev,75,190,2400,full_load,540.0,2940.0,5.646,725.1
8269,40.82,arterial,1.7,19.6,45.3,0.851,27.1,clear,mid_ev,40,160,1900,full_load,409.4,2309.4,22.976,562.9
8270,9.83,arterial,12.9,55.0,52.5,0.333,29.6,clear,large_ev,75,190,2400,full_load,510.3,2910.3,4.978,506.6
8271,7.07,city,12.3,16.6,20.4,0.362,29.0,clear,mid_ev,40,160,1900,full_load,390.9,2290.9,2.569,363.3
8273,15.92,arterial,12.6,13.6,52.4,0.61,29.2,clear,large_ev,75,190,2400,half_load,266.7,2666.7,9.163,575.6
8274,2.63,city,7.5,21.3,24.8,0.392,41.4,clear,small_ev,24,140,1400,full_load,274.0,1674.0,0.973,370.5
8276,8.51,city,4.1,2.4,27.3,0.265,30.4,clear,mid_ev,40,160,1900,unladen,44.0,1944.0,2.329,273.8
8279,7.46,city,16.4,0.3,21.2,0.728,34.7,clear,small_ev,24,140,1400,half_load,148.9,1548.9,3.91,524.0
8280,127.87,highway,0.1,5.9,98.1,0.136,25.1,clear,small_ev,24,140,1400,unladen,16.5,1416.5,76.019,594.5
8282,38.73,arterial,69.3,3.9,32.0,0.384,32.0,clear,small_ev,24,140,1400,unladen,0.9,1400.9,8.291,214.0
8283,43.97,highway,1.9,28.9,74.8,0.533,30.0,clear,mid_ev,40,160,1900,full_load,413.5,2313.5,24.198,550.3
8284,7.08,city,25.4,6.6,20.0,0.662,25.9,clear,mid_ev,40,160,1900,unladen,6.9,1906.9,3.443,486.1
8285,25.86,arterial,21.3,0.7,48.1,0.208,28.9,clear,large_ev,75,190,2400,half_load,322.2,2722.2,9.475,366.3
8288,158.81,highway,8.5,2.3,106.4,0.09,34.9,heavy_rain,small_ev,24,140,1400,full_load,266.8,1666.8,132.799,836.2
8289,5.98,city,5.8,13.6,29.4,0.77,35.7,clear,large_ev,75,190,2400,half_load,311.1,2711.1,5.984,1001.1
8290,57.4,highway,18.2,3.5,75.7,0.005,21.0,clear,mid_ev,40,160,1900,unladen,5.5,1905.5,24.743,431.1
8291,8.43,city,4.1,0.2,11.9,0.629,24.5,rain,small_ev,24,140,1400,full_load,262.9,1662.9,3.504,415.9
8292,80.1,highway,50.0,10.8,81.4,0.031,23.8,clear,mid_ev,40,160,1900,full_load,436.4,2336.4,40.103,500.6
8293,61.5,highway,12.3,82.4,87.7,0.101,34.4,clear,small_ev,24,140,1400,unladen,5.6,1405.6,32.71,531.9
8294,31.97,arterial,7.2,12.0,43.0,0.33,32.0,clear,mid_ev,40,160,1900,full_load,439.7,2339.7,10.907,341.2
8295,6.26,arterial,33.1,9.8,40.6,0.348,24.3,clear,large_ev,75,190,2400,unladen,27.5,2427.5,2.36,377.2
8296,48.08,arterial,5.3,3.3,52.4,0.609,29.0,clear,small_ev,24,140,1400,full_load,296.3,1696.3,19.485,405.2
8297,4.35,city,20.1,17.9,23.6,0.6,34.7,clear,mid_ev,40,160,1900,half_load,257.6,2157.6,2.515,578.1
8298,99.17,highway,15.0,6.0,89.2,0.344,30.1,clear,large_ev,75,190,2400,half_load,299.6,2699.6,77.668,783.2
8299,28.78,arterial,1.3,25.0,45.4,0.801,34.6,clear,small_ev,24,140,1400,full_load,292.8,1692.8,12.788,444.3
8301,68.72,highway,28.9,27.7,92.5,0.437,29.0,clear,small_ev,24,140,1400,half_load,175.2,1575.2,39.837,579.7
8302,7.7,city,4.1,1.9,16.4,0.364,32.0,clear,small_ev,24,140,1400,unladen,13.8,1413.8,1.787,232.0
8303,94.34,highway,6.2,156.7,81.8,0.141,37.3,clear,small_ev,24,140,1400,full_load,264.0,1664.0,47.181,500.1
8304,70.49,highway,3.4,6.1,91.3,0.207,35.5,clear,small_ev,24,140,1400,half_load,149.0,1549.0,42.011,596.0
8306,12.63,arterial,0.9,30.9,37.6,0.439,31.1,heavy_rain,large_ev,75,190,2400,full_load,544.6,2944.6,6.437,509.7
8307,103.37,highway,53.2,8.4,86.5,0.152,34.4,clear,small_ev,24,140,1400,unladen,13.2,1413.2,54.956,531.6
8308,10.05,city,35.4,2.5,25.9,0.442,29.3,clear,small_ev,24,140,1400,full_load,293.2,1693.2,3.741,372.3
8309,10.8,city,1.6,15.2,17.5,0.597,28.8,rain,small_ev,24,140,1400,full_load,295.4,1695.4,4.543,420.8
8310,19.86,city,1.3,3.5,16.7,0.398,25.4,clear,mid_ev,40,160,1900,unladen,0.9,1900.9,6.196,312.0
8314,81.69,highway,12.0,8.6,102.4,0.105,35.1,clear,large_ev,75,190,2400,full_load,525.8,2925.8,84.561,1035.2
8317,59.49,highway,33.1,0.2,98.4,0.196,37.0,clear,mid_ev,40,160,1900,full_load,410.3,2310.3,50.029,841.0
8319,2.58,city,1.4,5.8,22.3,0.838,35.5,clear,large_ev,75,190,2400,unladen,6.1,2406.1,2.045,793.0
8320,34.52,arterial,17.9,12.2,41.0,0.325,42.0,rain,mid_ev,40,160,1900,half_load,222.8,2122.8,12.801,370.9
8321,15.75,arterial,19.2,8.5,49.3,0.291,30.6,clear,small_ev,24,140,1400,unladen,9.4,1409.4,4.118,261.5
8322,13.43,highway,9.1,58.2,95.2,0.078,37.6,clear,small_ev,24,140,1400,full_load,296.1,1696.1,9.192,684.2
8324,7.6,arterial,5.0,15.7,51.9,0.194,27.4,rain,small_ev,24,140,1400,full_load,286.0,1686.0,2.091,275.1
8325,16.77,arterial,4.4,10.0,57.1,0.37,41.3,clear,mid_ev,40,160,1900,half_load,252.2,2152.2,8.83,526.5
8326,39.06,highway,22.7,31.2,77.2,0.273,33.2,clear,large_ev,75,190,2400,unladen,55.6,2455.6,24.258,621.1
8327,13.96,arterial,20.9,7.9,56.9,0.481,31.8,rain,small_ev,24,140,1400,unladen,24.6,1424.6,5.36,383.9
8328,36.98,highway,98.3,0.2,91.8,0.056,35.1,clear,mid_ev,40,160,1900,unladen,9.6,1909.6,25.922,701.0
8329,2.55,city,2.6,0.3,20.2,0.911,27.1,rain,large_ev,75,190,2400,half_load,252.4,2652.4,2.57,1007.9
8331,18.25,city,2.8,5.5,11.7,0.271,37.2,clear,small_ev,24,140,1400,half_load,147.5,1547.5,4.081,223.7
8332,34.24,arterial,8.6,26.4,45.6,0.388,32.3,rain,mid_ev,40,160,1900,full_load,443.1,2343.1,14.107,412.0
8333,50.72,highway,64.9,6.2,83.8,0.002,27.8,clear,large_ev,75,190,2400,half_load,329.3,2729.3,31.41,619.3
8334,8.47,arterial,20.0,47.9,50.2,0.424,30.3,clear,small_ev,24,140,1400,half_load,179.6,1579.6,2.791,329.5
8335,16.17,arterial,3.0,6.4,47.5,0.218,26.6,rain,mid_ev,40,160,1900,half_load,198.9,2098.9,4.744,293.3
8336,2.21,city,6.1,3.5,23.7,0.394,30.4,clear,small_ev,24,140,1400,half_load,142.9,1542.9,0.617,279.5
8337,8.02,city,1.7,15.3,16.7,0.76,37.3,rain,large_ev,75,190,2400,half_load,310.9,2710.9,7.465,931.4
8340,7.51,city,1.6,14.1,21.7,0.442,28.9,rain,large_ev,75,190,2400,half_load,244.9,2644.9,4.025,536.3
8341,5.41,arterial,7.4,21.9,35.3,0.305,31.9,clear,mid_ev,40,160,1900,half_load,240.7,2140.7,1.424,263.2
8343,1.0,city,1.3,3.2,20.9,0.415,28.5,clear,large_ev,75,190,2400,unladen,51.1,2451.1,0.45,449.5
8344,89.1,highway,15.5,1.5,105.5,0.197,25.7,clear,large_ev,75,190,2400,unladen,58.5,2458.5,90.267,1013.0
8345,10.61,city,6.2,14.5,25.6,0.058,30.3,rain,large_ev,75,190,2400,half_load,263.3,2663.3,2.114,199.3
8346,10.19,arterial,3.0,15.3,47.0,0.603,28.8,clear,large_ev,75,190,2400,unladen,24.2,2424.2,5.321,522.2
8347,2.06,city,14.3,3.9,18.3,0.263,37.9,clear,small_ev,24,140,1400,unladen,28.8,1428.8,0.501,243.5
8349,1.0,city,7.9,6.8,20.4,0.412,27.3,heavy_rain,mid_ev,40,160,1900,half_load,191.9,2091.9,0.418,418.2
8350,7.08,arterial,0.6,11.7,37.6,0.12,26.2,rain,large_ev,75,190,2400,half_load,282.7,2682.7,1.729,244.2
8351,3.73,city,1.4,19.8,13.7,0.775,33.2,clear,mid_ev,40,160,1900,unladen,13.9,1913.9,2.146,575.9
8352,53.48,highway,2.5,103.4,77.9,0.293,26.5,clear,small_ev,24,140,1400,half_load,162.9,1562.9,23.129,432.5
8353,14.88,arterial,35.5,9.2,30.6,0.334,31.1,clear,small_ev,24,140,1400,full_load,269.3,1669.3,3.313,222.6
8354,2.81,city,0.0,2.7,25.6,0.299,35.5,clear,small_ev,24,140,1400,half_load,159.1,1559.1,0.815,290.3
8356,10.7,city,1.5,4.7,24.2,0.304,32.4,clear,mid_ev,40,160,1900,half_load,248.9,2148.9,3.73,348.6
8357,10.78,city,5.0,25.9,25.4,0.265,32.2,clear,mid_ev,40,160,1900,half_load,242.3,2142.3,3.237,300.3
8358,11.81,arterial,24.3,5.7,39.7,0.679,26.2,heavy_rain,large_ev,75,190,2400,half_load,272.8,2672.8,6.834,578.6
8359,9.0,city,14.4,10.9,26.9,0.54,37.3,clear,small_ev,24,140,1400,full_load,282.0,1682.0,4.176,464.1
8360,38.09,highway,25.5,50.4,89.3,0.151,32.4,clear,large_ev,75,190,2400,half_load,347.1,2747.1,29.358,770.8
8361,72.16,highway,77.7,16.4,55.7,0.046,29.2,clear,large_ev,75,190,2400,half_load,349.3,2749.3,25.953,359.7
8362,12.87,arterial,12.0,5.8,46.6,0.495,27.9,clear,mid_ev,40,160,1900,unladen,19.3,1919.3,4.946,384.5
8363,12.4,arterial,21.5,35.3,47.7,0.189,32.2,clear,large_ev,75,190,2400,full_load,525.5,2925.5,4.723,380.8
8364,38.69,highway,65.4,7.5,88.8,0.037,23.5,clear,large_ev,75,190,2400,unladen,0.3,2400.3,26.031,672.8
8365,18.6,arterial,1.3,2.9,47.7,0.322,26.6,clear,mid_ev,40,160,1900,unladen,16.3,1916.3,5.886,316.4
8366,5.01,city,7.2,4.5,29.0,0.256,28.0,clear,mid_ev,40,160,1900,unladen,1.4,1901.4,1.509,301.4
8367,9.21,arterial,31.8,5.5,42.5,0.364,28.3,clear,mid_ev,40,160,1900,unladen,42.1,1942.1,2.996,325.4
8368,3.74,city,9.4,4.4,13.1,0.195,35.9,rain,mid_ev,40,160,1900,unladen,16.8,1916.8,0.822,219.8
8369,32.29,arterial,50.9,30.7,52.1,0.362,38.1,heavy_rain,large_ev,75,190,2400,unladen,19.1,2419.1,17.918,554.9
8370,72.28,highway,83.7,19.7,98.9,0.185,33.9,clear,small_ev,24,140,1400,full_load,297.5,1697.5,51.041,706.2
8371,12.39,arterial,16.1,8.3,56.4,0.291,36.5,clear,large_ev,75,190,2400,half_load,339.1,2739.1,6.241,503.8
8375,7.1,arterial,8.2,0.2,50.8,0.734,22.2,rain,large_ev,75,190,2400,unladen,34.9,2434.9,4.295,604.6
8381,6.18,city,13.3,9.4,25.4,0.781,28.5,clear,mid_ev,40,160,1900,full_load,421.3,2321.3,4.346,703.5
8382,9.55,arterial,16.6,2.2,32.0,0.489,28.7,clear,small_ev,24,140,1400,half_load,177.9,1577.9,2.275,238.2
8383,27.73,highway,22.2,77.7,81.7,0.022,31.4,clear,mid_ev,40,160,1900,full_load,397.5,2297.5,13.793,497.3
8384,17.88,arterial,3.7,1.5,47.4,0.277,28.7,clear,mid_ev,40,160,1900,unladen,37.8,1937.8,5.604,313.3
8385,15.96,city,12.6,6.2,29.1,0.818,29.5,clear,mid_ev,40,160,1900,full_load,440.4,2340.4,12.069,756.3
8387,19.05,arterial,11.8,10.7,51.9,0.791,39.8,rain,mid_ev,40,160,1900,unladen,12.9,1912.9,11.731,615.7
8388,12.58,city,7.7,4.4,30.3,0.944,23.5,clear,large_ev,75,190,2400,unladen,24.6,2424.6,11.146,886.1
8389,1.47,city,1.4,13.6,18.0,0.924,29.6,clear,small_ev,24,140,1400,unladen,15.6,1415.6,0.736,501.1
8390,99.33,highway,26.4,44.9,86.4,0.213,28.5,clear,small_ev,24,140,1400,half_load,164.5,1564.5,50.373,507.2
8391,1.32,city,6.6,2.8,31.1,0.609,29.4,rain,large_ev,75,190,2400,unladen,57.7,2457.7,0.892,676.4
8392,5.44,city,21.5,2.9,18.6,0.291,34.4,heavy_rain,large_ev,75,190,2400,unladen,51.3,2451.3,2.256,414.9
8393,8.62,city,10.4,10.3,16.4,0.764,31.3,clear,mid_ev,40,160,1900,half_load,196.1,2096.1,5.421,629.0
8394,13.89,city,10.6,16.2,20.9,0.116,34.4,clear,mid_ev,40,160,1900,full_load,424.8,2324.8,2.579,185.7
8395,102.27,highway,99.4,61.9,79.8,0.043,28.3,clear,large_ev,75,190,2400,full_load,550.3,2950.3,59.906,585.8
8396,52.99,highway,23.1,23.9,79.7,0.195,30.6,heavy_rain,mid_ev,40,160,1900,unladen,41.1,1941.1,28.816,543.8
8397,2.84,city,1.2,8.4,22.3,0.085,22.9,clear,large_ev,75,190,2400,unladen,18.3,2418.3,0.53,186.3
8398,3.58,city,4.8,1.0,14.1,0.828,22.1,heavy_rain,small_ev,24,140,1400,half_load,165.1,1565.1,1.884,526.7
8399,23.88,highway,110.4,24.6,82.4,0.296,32.0,clear,large_ev,75,190,2400,full_load,568.1,2968.1,18.572,777.7
8400,127.15,highway,6.5,12.1,72.6,0.112,34.2,clear,mid_ev,40,160,1900,full_load,440.3,2340.3,60.201,473.5
8401,49.2,highway,60.0,15.5,95.2,0.062,36.5,clear,small_ev,24,140,1400,unladen,5.8,1405.8,30.533,620.5
8402,4.32,city,9.2,1.8,22.6,0.299,24.8,clear,mid_ev,40,160,1900,unladen,5.6,1905.6,1.238,286.5
8403,15.69,highway,91.6,19.4,83.6,0.271,32.0,clear,mid_ev,40,160,1900,half_load,242.5,2142.5,9.805,625.0
8404,3.62,city,5.9,2.9,25.8,0.228,33.0,heavy_rain,large_ev,75,190,2400,full_load,575.1,2975.1,1.539,424.8
8405,5.05,city,9.5,16.0,26.9,0.75,28.2,clear,mid_ev,40,160,1900,full_load,442.6,2342.6,3.574,708.3
8406,147.83,highway,35.5,13.8,57.1,0.603,28.6,clear,small_ev,24,140,1400,half_load,149.4,1549.4,45.645,308.8
8407,1.27,city,1.0,7.5,30.6,0.279,28.0,clear,small_ev,24,140,1400,half_load,153.8,1553.8,0.287,226.4
8408,97.53,highway,69.4,65.6,114.5,0.419,35.6,heavy_rain,small_ev,24,140,1400,half_load,175.1,1575.1,98.812,1013.2
8410,42.52,highway,18.3,19.9,76.3,0.071,34.0,clear,large_ev,75,190,2400,unladen,7.3,2407.3,24.136,567.6
8411,6.71,city,33.5,14.1,26.4,0.152,35.6,clear,mid_ev,40,160,1900,unladen,7.0,1907.0,1.483,221.0
8412,10.06,city,7.7,4.8,18.3,0.495,35.4,clear,large_ev,75,190,2400,full_load,576.7,2976.7,6.296,626.0
8413,14.88,arterial,19.2,9.8,39.2,0.344,23.5,clear,mid_ev,40,160,1900,full_load,438.2,2338.2,4.691,315.2
8415,6.47,city,13.3,28.9,23.9,0.675,32.5,clear,large_ev,75,190,2400,full_load,543.8,2943.8,5.21,805.4
8416,14.24,city,15.2,43.3,24.0,0.547,28.4,rain,mid_ev,40,160,1900,full_load,394.3,2294.3,8.121,570.2
8418,3.94,city,6.3,10.3,19.1,0.523,32.8,clear,small_ev,24,140,1400,half_load,157.9,1557.9,1.294,328.5
8419,9.93,city,4.8,23.4,20.1,0.131,23.3,clear,mid_ev,40,160,1900,unladen,33.2,1933.2,1.529,154.0
8420,2.88,city,2.7,3.5,16.2,0.471,35.4,rain,large_ev,75,190,2400,half_load,318.2,2718.2,1.661,576.0
8421,1.34,city,2.2,4.4,23.7,0.461,28.7,rain,large_ev,75,190,2400,unladen,49.9,2449.9,0.693,515.6
8422,33.86,arterial,6.8,8.1,39.6,0.067,28.1,clear,small_ev,24,140,1400,half_load,144.5,1544.5,5.243,154.8
8423,7.7,arterial,2.0,19.0,47.1,0.41,23.0,heavy_rain,small_ev,24,140,1400,full_load,274.2,1674.2,2.379,309.0
8424,18.55,city,1.8,2.9,21.4,0.361,26.1,clear,mid_ev,40,160,1900,full_load,444.8,2344.8,6.951,374.7
8427,5.69,arterial,6.8,19.8,41.4,0.096,29.7,clear,small_ev,24,140,1400,unladen,6.4,1406.4,0.942,165.6
8428,32.79,arterial,5.3,9.8,49.7,0.488,26.1,rain,small_ev,24,140,1400,half_load,179.6,1579.6,11.011,335.8
8429,15.81,city,2.0,1.3,21.2,0.339,32.9,clear,small_ev,24,140,1400,full_load,289.9,1689.9,4.343,274.8
8430,21.24,arterial,23.6,4.2,38.8,0.619,32.2,clear,small_ev,24,140,1400,half_load,158.7,1558.7,6.752,317.8
8431,22.46,arterial,13.3,21.1,43.2,0.567,23.5,clear,mid_ev,40,160,1900,half_load,201.6,2101.6,9.273,412.8
8432,55.01,highway,38.0,1.1,89.5,0.259,36.9,clear,mid_ev,40,160,1900,half_load,186.5,2086.5,39.673,721.2
8433,57.46,highway,4.5,50.1,76.8,0.235,38.1,rain,small_ev,24,140,1400,half_load,166.7,1566.7,27.655,481.3
8435,4.25,city,3.8,6.6,33.3,0.913,25.2,clear,small_ev,24,140,1400,unladen,18.4,1418.4,2.16,508.0
8437,18.56,arterial,9.0,13.9,43.4,0.608,31.2,clear,small_ev,24,140,1400,half_load,175.7,1575.7,6.055,326.2
8439,80.92,highway,15.0,43.3,86.1,0.035,30.9,clear,mid_ev,40,160,1900,full_load,416.6,2316.6,46.9,579.6
8440,5.39,city,7.6,7.8,17.6,0.363,23.5,heavy_rain,large_ev,75,190,2400,unladen,48.4,2448.4,2.223,412.1
8441,63.23,highway,32.1,18.4,88.5,0.158,39.1,rain,small_ev,24,140,1400,half_load,121.7,1521.7,37.966,600.4
8442,11.62,arterial,8.5,27.8,58.9,0.497,33.8,clear,large_ev,75,190,2400,half_load,327.0,2727.0,7.252,624.3
8443,13.83,city,1.3,5.3,18.4,0.563,26.0,rain,small_ev,24,140,1400,unladen,0.9,1400.9,4.413,319.0
8444,5.3,arterial,24.5,32.1,42.8,0.772,31.9,clear,small_ev,24,140,1400,full_load,259.8,1659.8,2.124,400.5
8445,6.52,city,4.3,10.7,21.2,0.723,34.7,clear,mid_ev,40,160,1900,full_load,390.8,2290.8,4.134,633.9
8446,53.23,highway,24.0,36.6,83.4,0.361,39.1,clear,large_ev,75,190,2400,half_load,271.0,2671.0,42.203,792.8
8447,13.03,arterial,0.4,9.7,52.2,0.37,42.0,clear,mid_ev,40,160,1900,unladen,44.2,1944.2,6.137,471.1
8448,11.31,arterial,30.9,6.8,40.9,0.426,26.1,rain,mid_ev,40,160,1900,full_load,439.6,2339.6,4.414,390.1
8449,3.6,city,24.2,11.6,33.0,0.566,24.3,heavy_rain,large_ev,75,190,2400,half_load,276.0,2676.0,2.635,732.6
8450,6.73,city,3.4,0.5,15.6,0.16,33.6,rain,large_ev,75,190,2400,unladen,27.3,2427.3,1.666,247.4
8451,13.87,arterial,10.3,8.7,31.1,0.131,28.0,clear,large_ev,75,190,2400,full_load,528.3,2928.3,3.128,225.5
8452,3.27,city,15.7,9.5,20.8,0.904,37.6,heavy_rain,large_ev,75,190,2400,unladen,1.0,2401.0,3.483,1063.8
8453,29.07,arterial,10.4,31.2,35.9,0.465,26.4,rain,mid_ev,40,160,1900,unladen,16.1,1916.1,8.812,303.1
8454,9.94,arterial,5.8,2.2,50.1,0.321,25.6,clear,small_ev,24,140,1400,unladen,19.7,1419.7,2.482,249.6
8456,14.75,arterial,7.2,3.1,60.4,0.371,25.2,clear,small_ev,24,140,1400,unladen,29.9,1429.9,4.957,336.0
8457,41.78,highway,18.3,39.2,89.8,0.474,29.5,clear,mid_ev,40,160,1900,unladen,10.2,1910.2,28.479,681.6
8458,4.66,city,3.9,4.1,16.5,0.829,34.6,clear,large_ev,75,190,2400,half_load,352.5,2752.5,4.332,929.2
8461,24.24,arterial,0.5,2.4,44.1,0.478,20.0,clear,large_ev,75,190,2400,unladen,42.9,2442.9,10.362,427.5
8462,10.36,city,2.1,61.3,5.0,0.662,29.5,clear,small_ev,24,140,1400,full_load,273.1,1673.1,4.097,395.5
8463,1.8,city,23.8,12.4,19.9,0.751,21.6,clear,mid_ev,40,160,1900,unladen,33.6,1933.6,1.052,585.0
8464,16.83,arterial,4.8,6.1,37.9,0.392,28.4,rain,mid_ev,40,160,1900,half_load,194.7,2094.7,5.332,316.8
8465,75.01,highway,22.4,10.0,83.5,0.157,27.1,clear,large_ev,75,190,2400,half_load,251.6,2651.6,49.03,653.7
8467,12.32,arterial,1.2,15.3,50.0,0.574,33.9,clear,large_ev,75,190,2400,full_load,584.3,2984.3,7.465,605.9
8468,78.87,highway,34.8,135.3,82.5,0.157,29.5,clear,large_ev,75,190,2400,unladen,43.9,2443.9,51.299,650.4
8469,3.89,city,5.8,8.7,20.4,0.596,27.6,clear,small_ev,24,140,1400,half_load,134.1,1534.1,1.444,371.6
8470,4.29,arterial,36.6,18.1,54.3,0.46,40.6,rain,large_ev,75,190,2400,full_load,588.2,2988.2,3.172,739.4
8472,7.24,city,2.8,23.7,20.1,0.338,31.4,clear,mid_ev,40,160,1900,half_load,223.4,2123.4,2.488,343.5
8473,4.55,city,2.4,2.5,27.4,0.404,32.5,clear,mid_ev,40,160,1900,half_load,198.8,2098.8,1.834,403.2
8474,8.08,arterial,0.2,21.5,32.2,0.455,26.1,clear,small_ev,24,140,1400,unladen,19.4,1419.4,1.706,211.2
8475,70.84,highway,7.1,78.3,73.7,0.248,30.9,clear,large_ev,75,190,2400,unladen,44.5,2444.5,39.261,554.2
8476,9.29,city,4.3,2.5,23.1,0.444,40.0,heavy_rain,large_ev,75,190,2400,unladen,59.6,2459.6,6.079,654.3
8478,28.31,arterial,69.4,16.5,34.2,0.211,26.5,heavy_rain,large_ev,75,190,2400,half_load,322.5,2722.5,9.075,320.6
8479,81.29,highway,29.2,11.5,92.2,0.064,27.6,clear,mid_ev,40,160,1900,full_load,429.8,2329.8,51.262,630.6
8481,3.49,city,3.7,14.0,17.7,0.471,28.7,clear,small_ev,24,140,1400,full_load,267.0,1667.0,1.095,313.5
8483,1.31,city,38.5,5.2,9.3,0.421,30.4,clear,small_ev,24,140,1400,full_load,296.9,1696.9,0.59,450.3
8484,16.4,city,20.4,21.9,5.0,0.351,33.5,clear,mid_ev,40,160,1900,unladen,18.7,1918.7,5.111,311.6
8485,3.37,city,6.2,2.2,12.7,0.535,29.5,clear,small_ev,24,140,1400,full_load,286.1,1686.1,1.253,372.0
8486,36.65,highway,31.0,45.5,82.0,0.177,38.5,clear,large_ev,75,190,2400,unladen,47.6,2447.6,25.173,686.8
8488,30.61,city,1.0,23.5,29.1,0.664,37.3,rain,mid_ev,40,160,1900,half_load,214.0,2114.0,19.736,644.7
8489,1.37,city,28.1,12.7,21.4,0.427,33.8,clear,large_ev,75,190,2400,full_load,517.5,2917.5,0.934,682.4
8490,39.28,highway,31.8,18.1,85.0,0.404,33.2,clear,small_ev,24,140,1400,unladen,15.6,1415.6,20.938,533.0
8491,12.64,highway,37.9,64.5,87.7,0.221,27.5,clear,small_ev,24,140,1400,unladen,8.3,1408.3,6.455,510.6
8493,12.17,city,8.4,18.1,13.9,0.833,35.9,clear,small_ev,24,140,1400,unladen,25.8,1425.8,6.072,498.9
8494,2.48,city,42.6,0.1,38.2,0.68,29.8,clear,large_ev,75,190,2400,unladen,35.5,2435.5,2.161,872.7
8495,23.25,arterial,16.6,14.7,45.7,0.259,36.3,clear,large_ev,75,190,2400,unladen,46.5,2446.5,9.619,413.8
8497,55.42,highway,7.8,2.1,85.5,0.312,34.6,clear,large_ev,75,190,2400,full_load,516.0,2916.0,43.618,787.1
8498,3.56,city,1.0,2.7,14.0,0.738,28.7,clear,mid_ev,40,160,1900,unladen,38.5,1938.5,1.928,541.9
8500,2.0,arterial,3.1,3.0,45.1,0.403,30.8,rain,large_ev,75,190,2400,full_load,561.1,2961.1,0.999,499.3
8502,10.55,arterial,21.0,6.9,26.8,0.724,36.6,clear,mid_ev,40,160,1900,full_load,422.2,2322.2,5.089,482.4
8504,5.27,arterial,38.7,30.0,36.8,0.426,22.1,clear,mid_ev,40,160,1900,full_load,424.0,2324.0,1.816,344.4
8505,17.82,city,9.0,7.5,5.0,0.235,27.8,clear,mid_ev,40,160,1900,full_load,447.5,2347.5,4.525,253.9
8506,3.87,city,2.1,9.5,21.2,0.662,28.0,clear,small_ev,24,140,1400,full_load,264.4,1664.4,1.692,437.0
8507,23.79,highway,29.3,47.1,67.7,0.154,26.1,clear,mid_ev,40,160,1900,full_load,406.7,2306.7,9.049,380.3
8508,13.04,city,17.8,18.4,19.5,0.409,26.9,clear,small_ev,24,140,1400,half_load,154.2,1554.2,3.643,279.4
8509,110.05,highway,84.4,0.0,72.5,0.174,21.5,clear,mid_ev,40,160,1900,full_load,405.0,2305.0,47.878,435.0
8510,72.76,highway,14.8,30.0,85.3,0.092,23.0,rain,mid_ev,40,160,1900,half_load,218.9,2118.9,40.681,559.1
8511,4.8,city,16.3,2.4,9.9,0.888,32.8,clear,small_ev,24,140,1400,unladen,18.8,1418.8,2.346,488.4
8512,33.42,arterial,0.3,11.7,54.9,0.677,36.4,clear,small_ev,24,140,1400,unladen,4.5,1404.5,14.543,435.2
8514,160.4,highway,56.0,6.4,82.3,0.278,36.0,clear,small_ev,24,140,1400,full_load,293.8,1693.8,84.703,528.1
8515,111.75,highway,24.6,24.7,91.1,0.503,20.0,clear,small_ev,24,140,1400,half_load,156.6,1556.6,67.581,604.8
8516,1.56,city,13.5,9.0,13.0,0.408,20.0,clear,large_ev,75,190,2400,full_load,596.9,2996.9,0.787,503.7
8518,8.38,city,0.8,11.1,21.7,0.618,33.9,clear,large_ev,75,190,2400,half_load,256.4,2656.4,5.598,667.9
8519,30.5,arterial,32.7,1.8,51.6,0.63,37.6,rain,mid_ev,40,160,1900,half_load,180.6,2080.6,16.935,555.3
8520,8.55,arterial,5.4,37.9,52.5,0.295,30.9,rain,small_ev,24,140,1400,unladen,5.9,1405.9,2.599,304.2
8522,22.41,arterial,0.1,21.8,42.2,0.658,32.0,rain,small_ev,24,140,1400,full_load,294.1,1694.1,8.783,391.8
8523,73.31,highway,60.0,9.8,99.9,0.049,26.3,clear,large_ev,75,190,2400,half_load,348.1,2748.1,64.27,876.7
8524,25.71,highway,20.3,86.7,67.4,0.246,29.8,clear,mid_ev,40,160,1900,full_load,400.1,2300.1,10.702,416.2
8525,148.3,highway,38.6,47.4,83.6,0.158,34.9,clear,small_ev,24,140,1400,full_load,287.9,1687.9,73.114,493.0
8526,13.39,arterial,24.2,9.7,52.5,0.548,26.7,clear,small_ev,24,140,1400,unladen,10.5,1410.5,4.805,358.8
8528,97.62,highway,6.4,12.4,68.0,0.006,28.1,clear,large_ev,75,190,2400,full_load,588.6,2988.6,42.982,440.3
8529,14.23,city,7.0,3.2,20.3,0.509,29.6,clear,mid_ev,40,160,1900,half_load,208.2,2108.2,6.606,464.2
8531,44.18,highway,51.2,30.2,76.1,0.127,25.4,clear,mid_ev,40,160,1900,half_load,191.2,2091.2,19.565,442.9
8533,46.02,arterial,57.5,8.1,58.3,0.655,32.9,rain,mid_ev,40,160,1900,half_load,180.8,2080.8,27.384,595.1
8534,5.13,arterial,9.8,13.2,50.8,0.351,31.1,clear,small_ev,24,140,1400,half_load,130.6,1530.6,1.556,303.2
8535,8.18,city,13.7,5.2,19.8,0.469,31.3,heavy_rain,mid_ev,40,160,1900,full_load,423.2,2323.2,4.193,512.8
8536,48.47,highway,19.0,97.7,96.2,0.133,36.0,heavy_rain,mid_ev,40,160,1900,half_load,235.3,2135.3,39.965,824.6
8537,8.54,city,3.2,0.8,27.5,0.749,35.0,clear,large_ev,75,190,2400,full_load,533.7,2933.7,8.594,1006.0
8540,42.4,arterial,34.5,5.1,54.3,0.325,31.0,clear,large_ev,75,190,2400,half_load,316.9,2716.9,19.079,449.9
8542,22.04,city,0.6,4.8,19.9,0.897,33.7,clear,small_ev,24,140,1400,unladen,9.2,1409.2,12.164,552.0
8543,93.89,highway,14.4,82.5,89.7,0.066,26.7,rain,mid_ev,40,160,1900,unladen,41.0,1941.0,56.562,602.4
8545,83.9,highway,6.8,27.3,101.9,0.201,37.1,clear,small_ev,24,140,1400,half_load,177.7,1577.7,60.517,721.3
8547,20.86,arterial,2.0,8.8,32.8,0.284,29.7,clear,large_ev,75,190,2400,unladen,7.3,2407.3,5.88,281.8
8548,10.58,city,5.2,9.4,27.4,0.844,26.4,clear,small_ev,24,140,1400,half_load,155.3,1555.3,5.702,538.9
8549,14.66,city,9.9,10.5,13.0,0.472,35.7,clear,large_ev,75,190,2400,unladen,5.2,2405.2,7.521,513.2
8550,33.66,arterial,10.6,7.5,41.8,0.353,34.3,clear,large_ev,75,190,2400,half_load,338.6,2738.6,13.626,404.8
8551,8.29,arterial,2.9,13.2,63.4,0.539,28.2,rain,mid_ev,40,160,1900,half_load,188.0,2088.0,4.629,558.4
8554,4.07,city,3.7,18.6,12.6,0.252,33.1,clear,large_ev,75,190,2400,half_load,357.2,2757.2,1.362,334.6
8555,17.19,arterial,45.9,4.4,35.3,0.228,33.5,clear,large_ev,75,190,2400,half_load,354.7,2754.7,6.0,349.1
8558,14.52,highway,25.0,1.6,94.8,0.037,40.9,clear,small_ev,24,140,1400,unladen,23.6,1423.6,9.867,679.6
8559,7.72,city,11.9,3.0,7.4,0.569,32.1,rain,small_ev,24,140,1400,unladen,0.8,1400.8,2.697,349.3
8561,22.92,arterial,56.0,7.0,45.7,0.059,27.5,heavy_rain,small_ev,24,140,1400,half_load,131.7,1531.7,4.718,205.9
8563,11.13,city,23.8,1.3,18.5,0.649,20.0,clear,mid_ev,40,160,1900,half_load,184.3,2084.3,5.737,515.5
8564,22.9,arterial,1.8,8.7,56.0,0.547,20.0,clear,mid_ev,40,160,1900,unladen,12.8,1912.8,9.457,413.0
8565,14.46,arterial,11.8,17.1,39.2,0.406,23.1,clear,mid_ev,40,160,1900,full_load,445.3,2345.3,4.504,311.4
8566,9.14,arterial,2.1,4.4,41.5,0.264,24.8,rain,mid_ev,40,160,1900,full_load,406.7,2306.7,2.633,288.2
8568,11.25,city,2.5,4.5,14.3,0.471,31.6,clear,mid_ev,40,160,1900,unladen,41.8,1941.8,4.42,392.9
8569,19.38,arterial,12.7,3.0,54.0,0.272,21.2,clear,large_ev,75,190,2400,unladen,37.2,2437.2,8.001,412.9
8571,6.75,city,4.5,7.8,17.3,0.162,30.5,heavy_rain,large_ev,75,190,2400,half_load,338.7,2738.7,1.872,277.4
8572,2.1,city,8.4,1.2,20.6,0.901,30.4,clear,mid_ev,40,160,1900,half_load,247.4,2147.4,1.632,778.0
8573,21.56,city,0.4,8.2,15.2,0.261,28.6,clear,large_ev,75,190,2400,full_load,565.3,2965.3,7.467,346.2
8574,9.29,city,21.9,17.8,29.8,0.25,27.1,clear,small_ev,24,140,1400,half_load,174.8,1574.8,2.12,228.4
8575,20.57,arterial,66.7,19.1,44.2,0.422,35.5,rain,small_ev,24,140,1400,full_load,271.0,1671.0,7.569,368.1
8576,5.29,city,6.4,10.2,29.8,0.635,41.1,clear,mid_ev,40,160,1900,unladen,14.2,1914.2,3.381,639.2
8577,13.36,city,16.9,15.6,19.9,0.472,30.7,clear,small_ev,24,140,1400,half_load,137.1,1537.1,4.57,342.0
8578,3.87,city,4.4,1.6,23.5,0.931,39.8,clear,large_ev,75,190,2400,unladen,1.6,2401.6,4.064,1049.2
8579,26.99,arterial,14.3,16.5,37.8,0.349,24.5,clear,mid_ev,40,160,1900,unladen,33.3,1933.3,6.835,253.2
8580,18.59,highway,39.5,23.0,79.6,0.023,30.9,clear,large_ev,75,190,2400,unladen,3.8,2403.8,10.772,579.4
8581,148.2,highway,12.6,34.6,89.0,0.131,35.9,rain,small_ev,24,140,1400,half_load,149.9,1549.9,87.174,588.2
8582,113.97,highway,75.4,24.3,86.5,0.299,24.9,clear,mid_ev,40,160,1900,full_load,433.9,2333.9,67.654,593.6
8583,14.0,arterial,64.6,18.3,44.5,0.492,25.8,clear,small_ev,24,140,1400,full_load,294.0,1694.0,4.754,339.5
8585,13.62,city,40.6,12.2,23.5,0.338,26.7,clear,large_ev,75,190,2400,half_load,300.1,2700.1,6.302,462.9
8586,12.25,city,37.1,1.6,34.3,0.88,33.9,clear,small_ev,24,140,1400,unladen,11.5,1411.5,6.753,551.2
8588,12.01,arterial,6.1,13.2,46.6,0.438,25.5,rain,mid_ev,40,160,1900,full_load,398.2,2298.2,4.786,398.7
8589,2.61,city,5.5,4.1,5.7,0.283,29.8,clear,small_ev,24,140,1400,unladen,22.9,1422.9,0.535,204.9
8590,32.74,arterial,3.5,0.0,48.3,0.189,34.6,clear,mid_ev,40,160,1900,full_load,409.0,2309.0,10.643,325.1
8591,1.42,city,6.6,15.3,28.6,0.415,28.7,clear,mid_ev,40,160,1900,full_load,412.6,2312.6,0.565,398.0
8593,33.46,highway,27.8,65.8,89.6,0.033,29.2,clear,small_ev,24,140,1400,full_load,260.3,1660.3,16.644,497.5
8594,16.12,highway,31.4,47.9,81.6,0.151,31.2,clear,mid_ev,40,160,1900,unladen,9.6,1909.6,8.732,541.8
8595,7.13,city,13.9,0.2,28.7,0.686,33.6,clear,small_ev,24,140,1400,half_load,177.6,1577.6,3.428,481.1
8596,75.57,highway,74.8,11.9,89.2,0.381,20.0,clear,large_ev,75,190,2400,unladen,42.4,2442.4,53.452,707.3
8597,13.88,arterial,2.5,31.7,42.5,0.66,37.0,clear,large_ev,75,190,2400,unladen,42.8,2442.8,7.716,555.8
8598,25.47,city,0.7,11.6,30.0,0.464,35.3,clear,small_ev,24,140,1400,half_load,132.5,1532.5,8.75,343.5
8599,3.98,city,2.5,12.7,28.3,0.588,25.2,clear,mid_ev,40,160,1900,half_load,193.0,2093.0,1.978,496.4
8601,48.62,arterial,59.6,59.7,43.4,0.19,37.1,clear,small_ev,24,140,1400,unladen,24.8,1424.8,10.332,212.5
8603,2.3,arterial,4.5,51.7,40.6,0.516,33.0,rain,small_ev,24,140,1400,full_load,260.0,1660.0,0.675,293.4
8604,6.38,arterial,10.8,47.5,29.3,0.387,29.9,clear,mid_ev,40,160,1900,unladen,4.7,1904.7,1.546,242.4
8605,1.24,city,1.7,0.3,14.2,0.414,39.2,clear,large_ev,75,190,2400,unladen,44.8,2444.8,0.636,514.2
8606,62.44,highway,32.5,50.2,88.1,0.362,30.0,clear,small_ev,24,140,1400,full_load,279.2,1679.2,33.71,539.9
8607,7.15,city,5.6,2.4,26.6,0.16,33.2,clear,small_ev,24,140,1400,full_load,269.0,1669.0,1.366,191.0
8608,14.4,city,8.3,10.7,36.3,0.824,35.0,rain,large_ev,75,190,2400,unladen,54.1,2454.1,13.28,922.0
8609,24.02,arterial,8.1,51.0,46.5,0.293,22.0,clear,small_ev,24,140,1400,full_load,263.1,1663.1,6.131,255.3
8610,4.04,arterial,19.9,31.8,49.5,0.173,26.9,clear,mid_ev,40,160,1900,full_load,423.4,2323.4,1.231,304.8
8611,36.68,highway,11.9,10.4,72.3,0.017,34.9,clear,small_ev,24,140,1400,full_load,258.4,1658.4,14.014,382.1
8612,89.64,highway,130.4,15.1,100.3,0.093,29.6,clear,large_ev,75,190,2400,half_load,257.0,2657.0,79.631,888.4
8613,15.17,city,12.2,18.7,25.7,0.798,34.0,clear,mid_ev,40,160,1900,half_load,252.0,2152.0,11.438,753.9
8614,115.44,highway,17.3,195.7,80.8,0.318,34.2,clear,mid_ev,40,160,1900,unladen,30.9,1930.9,68.506,593.4
8615,50.56,arterial,24.8,12.1,57.7,0.254,20.0,rain,small_ev,24,140,1400,full_load,275.9,1675.9,15.968,315.8
8616,8.07,city,7.9,11.3,17.4,0.547,30.0,rain,large_ev,75,190,2400,unladen,23.7,2423.7,4.491,556.4
8617,24.04,highway,27.8,5.3,87.8,0.136,30.9,clear,small_ev,24,140,1400,half_load,144.0,1544.0,13.139,546.5
8618,8.3,arterial,24.0,18.1,53.3,0.36,27.2,clear,large_ev,75,190,2400,full_load,530.9,2930.9,4.034,486.2
8619,23.1,arterial,26.5,25.3,39.7,0.22,27.4,clear,small_ev,24,140,1400,half_load,143.7,1543.7,4.629,200.4
8621,31.13,arterial,4.2,11.5,38.2,0.696,29.7,clear,mid_ev,40,160,1900,half_load,212.8,2112.8,13.392,430.2
8622,116.98,highway,97.4,56.6,68.8,0.102,25.7,clear,large_ev,75,190,2400,unladen,46.9,2446.9,54.144,462.9
8623,16.85,city,4.3,0.1,23.1,0.783,33.1,heavy_rain,small_ev,24,140,1400,half_load,124.1,1524.1,9.018,535.1
8625,71.82,highway,19.4,74.5,75.3,0.095,35.3,clear,mid_ev,40,160,1900,half_load,223.6,2123.6,35.684,496.8
8626,72.87,highway,51.0,53.9,95.5,0.546,36.5,clear,large_ev,75,190,2400,unladen,44.8,2444.8,73.109,1003.2
8627,63.68,highway,6.5,6.1,75.2,0.211,31.7,clear,mid_ev,40,160,1900,half_load,235.3,2135.3,30.472,478.5
8628,1.0,city,1.6,14.1,25.7,0.394,33.8,rain,large_ev,75,190,2400,unladen,54.2,2454.2,0.498,497.6
8629,5.14,city,12.7,6.9,11.5,0.628,30.5,rain,small_ev,24,140,1400,unladen,11.0,1411.0,1.955,380.0
8630,2.64,city,1.8,12.1,36.0,0.501,33.5,rain,mid_ev,40,160,1900,full_load,447.8,2347.8,1.554,587.9
8631,8.7,city,13.4,1.6,17.5,0.322,34.3,rain,large_ev,75,190,2400,full_load,595.1,2995.1,4.509,517.9
8634,46.48,highway,2.2,27.9,82.4,0.26,31.9,clear,large_ev,75,190,2400,half_load,338.3,2738.3,34.008,731.7
8635,79.51,highway,13.7,10.4,72.7,0.188,30.6,rain,large_ev,75,190,2400,unladen,42.9,2442.9,43.421,546.1
8636,20.57,arterial,13.5,14.1,39.3,0.434,20.0,clear,small_ev,24,140,1400,unladen,3.5,1403.5,4.723,229.6
8637,31.58,arterial,64.0,37.0,48.8,0.38,31.5,rain,large_ev,75,190,2400,full_load,542.7,2942.7,16.416,519.9
8638,5.23,arterial,7.5,1.0,53.8,0.362,33.6,heavy_rain,mid_ev,40,160,1900,unladen,21.2,1921.2,2.266,433.4
8640,8.37,city,1.1,2.4,10.8,0.589,33.6,clear,mid_ev,40,160,1900,unladen,42.4,1942.4,4.025,481.0
8641,2.15,city,2.6,1.6,25.0,0.04,29.5,clear,mid_ev,40,160,1900,half_load,205.4,2105.4,0.299,139.5
8642,75.94,highway,28.3,17.9,93.0,0.16,30.6,rain,mid_ev,40,160,1900,half_load,226.4,2126.4,54.237,714.2
8643,4.78,city,7.9,2.5,20.4,0.711,42.0,rain,small_ev,24,140,1400,full_load,261.8,1661.8,2.864,599.1
8644,8.6,city,14.7,13.7,20.7,0.188,29.2,rain,small_ev,24,140,1400,half_load,137.2,1537.2,1.502,174.7
8645,19.85,city,0.2,16.2,14.5,0.231,29.1,rain,mid_ev,40,160,1900,unladen,6.6,1906.6,4.408,222.0
8646,41.76,highway,24.3,21.1,84.8,0.348,24.2,rain,mid_ev,40,160,1900,full_load,439.0,2339.0,25.198,603.4
8647,5.22,city,3.4,4.0,14.7,0.492,32.6,clear,large_ev,75,190,2400,half_load,348.9,2748.9,2.955,566.3
8650,35.69,arterial,25.9,0.6,33.8,0.54,20.9,rain,mid_ev,40,160,1900,full_load,438.1,2338.1,13.371,374.6
8652,22.64,arterial,4.3,4.0,49.7,0.373,33.9,clear,mid_ev,40,160,1900,half_load,264.3,2164.3,9.034,399.0
8653,59.19,highway,188.6,6.5,82.0,0.393,41.6,rain,mid_ev,40,160,1900,full_load,416.3,2316.3,47.103,795.8
8654,3.46,city,12.5,2.9,12.4,0.627,36.1,clear,mid_ev,40,160,1900,full_load,398.1,2298.1,2.185,631.6
8656,1.52,city,36.2,15.8,18.9,0.668,42.0,rain,small_ev,24,140,1400,unladen,15.0,1415.0,0.84,551.1
8657,1.79,city,12.8,16.8,29.5,0.874,30.3,heavy_rain,small_ev,24,140,1400,full_load,283.7,1683.7,1.226,684.5
8659,4.02,arterial,3.5,23.0,38.0,0.502,30.9,clear,mid_ev,40,160,1900,full_load,432.2,2332.2,1.573,391.3
8660,56.27,highway,11.6,14.2,91.3,0.054,27.4,rain,small_ev,24,140,1400,half_load,146.5,1546.5,29.283,520.4
8661,5.79,city,3.9,1.6,19.8,0.785,31.4,clear,small_ev,24,140,1400,unladen,19.4,1419.4,2.625,453.5
8663,8.55,city,4.1,1.9,17.6,0.777,27.5,clear,small_ev,24,140,1400,full_load,270.1,1670.1,4.459,521.6
8664,8.56,arterial,62.7,10.8,34.1,0.287,33.6,clear,large_ev,75,190,2400,unladen,43.6,2443.6,3.074,359.0
8665,34.31,arterial,10.1,19.5,42.5,0.396,35.0,clear,large_ev,75,190,2400,half_load,249.2,2649.2,15.324,446.6
8667,188.77,highway,37.6,128.5,79.7,0.121,34.0,clear,large_ev,75,190,2400,half_load,240.2,2640.2,120.946,640.7
8668,59.99,highway,8.7,28.2,98.8,0.168,35.7,clear,large_ev,75,190,2400,half_load,350.5,2750.5,56.99,950.0
8669,26.2,arterial,33.5,3.4,33.3,0.525,23.7,clear,large_ev,75,190,2400,full_load,515.0,2915.0,11.608,443.1
8670,69.41,highway,43.0,42.8,79.4,0.55,30.9,clear,mid_ev,40,160,1900,half_load,205.7,2105.7,39.793,573.3
8671,18.65,highway,7.2,16.1,66.9,0.262,34.5,clear,large_ev,75,190,2400,full_load,573.4,2973.4,9.585,514.0
8673,2.61,city,3.2,5.0,14.1,0.472,33.3,clear,small_ev,24,140,1400,unladen,22.3,1422.3,0.727,278.3
8674,6.99,city,12.4,2.9,16.7,0.29,26.0,rain,large_ev,75,190,2400,full_load,591.5,2991.5,2.845,406.9
8675,34.8,arterial,8.9,2.3,37.5,0.349,26.7,clear,small_ev,24,140,1400,half_load,176.3,1576.3,8.043,231.1
8677,15.81,arterial,3.5,7.8,38.4,0.502,27.3,clear,mid_ev,40,160,1900,unladen,33.5,1933.5,5.157,326.2
8679,20.15,highway,4.1,2.0,88.0,0.102,22.9,clear,large_ev,75,190,2400,full_load,534.2,2934.2,13.9,689.9
8681,35.24,highway,202.9,23.1,92.0,0.176,29.3,clear,small_ev,24,140,1400,half_load,159.4,1559.4,20.346,577.4
8682,26.12,highway,31.1,34.8,97.4,0.033,31.2,clear,large_ev,75,190,2400,unladen,53.1,2453.1,22.559,863.5
8683,20.02,highway,5.4,22.1,82.2,0.149,20.9,clear,small_ev,24,140,1400,unladen,3.5,1403.5,9.104,454.9
8684,10.03,city,13.1,1.6,17.5,0.109,23.3,rain,small_ev,24,140,1400,full_load,291.2,1691.2,1.316,131.2
8685,12.84,city,0.0,0.6,9.5,0.689,29.1,clear,mid_ev,40,160,1900,full_load,399.0,2299.0,7.689,598.8
8686,17.9,city,12.1,0.7,24.4,0.313,33.3,clear,large_ev,75,190,2400,full_load,597.4,2997.4,8.648,483.2
8687,14.39,city,13.3,9.5,26.5,0.346,35.5,clear,mid_ev,40,160,1900,full_load,407.9,2307.9,5.821,404.6
8688,40.42,arterial,31.4,22.9,52.7,0.335,29.2,clear,large_ev,75,190,2400,half_load,248.7,2648.7,19.558,483.9
8689,63.94,arterial,15.9,5.9,50.8,0.406,39.8,rain,large_ev,75,190,2400,half_load,277.8,2677.8,37.396,584.9
8692,6.01,city,16.0,8.1,23.3,0.701,22.5,clear,small_ev,24,140,1400,full_load,260.4,1660.4,2.758,459.0
8693,10.44,city,7.6,2.6,22.9,0.363,20.1,clear,large_ev,75,190,2400,half_load,335.3,2735.3,4.577,438.6
8694,18.11,arterial,8.6,3.9,36.5,0.63,30.5,clear,mid_ev,40,160,1900,full_load,413.3,2313.3,7.387,407.8
8695,13.3,arterial,31.3,46.3,45.9,0.524,34.0,clear,mid_ev,40,160,1900,full_load,387.3,2287.3,6.018,452.5
8696,15.91,city,13.4,2.6,22.3,0.733,28.7,clear,large_ev,75,190,2400,unladen,32.9,2432.9,11.6,729.3
8697,11.92,arterial,13.2,1.9,47.5,0.542,29.1,clear,mid_ev,40,160,1900,half_load,198.4,2098.4,4.941,414.4
8698,14.19,city,5.8,0.1,16.6,0.621,40.9,clear,small_ev,24,140,1400,half_load,122.3,1522.3,6.801,479.4
8699,27.82,highway,0.6,11.3,76.5,0.096,34.0,clear,large_ev,75,190,2400,half_load,318.3,2718.3,17.123,615.4
8701,100.14,highway,56.9,15.5,90.3,0.063,32.4,clear,large_ev,75,190,2400,full_load,559.4,2959.4,75.842,757.4
8702,91.98,highway,44.7,27.4,97.1,0.275,34.4,rain,large_ev,75,190,2400,unladen,7.0,2407.0,87.67,953.2
8703,46.5,highway,20.8,32.7,87.0,0.465,26.9,rain,small_ev,24,140,1400,unladen,18.5,1418.5,25.46,547.5
8705,130.15,highway,23.9,58.1,73.2,0.031,35.3,rain,small_ev,24,140,1400,unladen,11.8,1411.8,49.791,382.6
8707,80.85,highway,13.2,49.2,92.3,0.013,37.1,clear,mid_ev,40,160,1900,full_load,436.3,2336.3,52.927,654.6
8709,11.32,city,3.1,7.1,30.7,0.055,27.2,clear,small_ev,24,140,1400,half_load,120.9,1520.9,1.495,132.1
8711,47.52,highway,33.2,176.9,63.5,0.299,33.5,rain,large_ev,75,190,2400,unladen,53.1,2453.1,21.455,451.5
8713,6.74,city,18.5,2.7,14.7,0.878,34.8,clear,large_ev,75,190,2400,unladen,57.8,2457.8,6.337,940.8
8715,14.83,city,4.6,0.1,20.9,0.507,29.9,rain,small_ev,24,140,1400,full_load,285.3,1685.3,5.332,359.4
8717,19.45,city,14.5,12.0,11.6,0.207,35.6,rain,large_ev,75,190,2400,half_load,301.7,2701.7,6.338,325.8
8718,8.71,city,23.0,4.8,16.5,0.793,30.3,clear,large_ev,75,190,2400,full_load,580.6,2980.6,7.972,915.2
8719,13.42,city,13.1,3.8,30.5,0.622,30.9,clear,small_ev,24,140,1400,full_load,259.6,1659.6,6.324,471.3
8720,23.13,arterial,28.9,5.7,48.1,0.259,26.1,clear,mid_ev,40,160,1900,unladen,9.3,1909.3,6.719,290.5
8721,13.7,arterial,28.2,21.9,25.9,0.463,20.0,rain,large_ev,75,190,2400,full_load,589.2,2989.2,5.496,401.3
8723,25.37,highway,143.3,7.6,92.4,0.111,28.2,clear,small_ev,24,140,1400,full_load,276.0,1676.0,14.57,574.4
8724,22.26,arterial,28.4,6.3,43.5,0.467,40.8,clear,large_ev,75,190,2400,full_load,547.3,2947.3,12.648,568.3
8725,9.34,city,11.7,17.5,26.9,0.36,29.7,clear,large_ev,75,190,2400,unladen,25.8,2425.8,3.916,419.1
8726,15.28,city,20.2,3.5,10.7,0.677,24.4,clear,small_ev,24,140,1400,unladen,21.8,1421.8,5.742,375.8
8727,4.91,city,3.5,3.8,16.6,0.216,26.8,clear,mid_ev,40,160,1900,unladen,22.6,1922.6,1.036,210.8
8728,96.84,highway,1.4,7.6,96.0,0.067,28.0,clear,large_ev,75,190,2400,unladen,49.2,2449.2,77.313,798.4
8729,35.62,arterial,45.2,8.0,33.2,0.266,34.3,rain,small_ev,24,140,1400,unladen,15.0,1415.0,7.249,203.5
8730,17.65,arterial,29.8,10.9,28.2,0.791,31.6,clear,small_ev,24,140,1400,full_load,264.1,1664.1,6.337,359.1
8731,23.98,highway,71.1,44.7,93.2,0.104,26.8,clear,mid_ev,40,160,1900,unladen,18.8,1918.8,15.463,644.8
8732,21.99,city,6.7,18.4,19.8,0.479,26.3,clear,mid_ev,40,160,1900,unladen,35.5,1935.5,8.438,383.8
8733,1.66,city,0.8,2.9,26.6,0.831,28.2,rain,small_ev,24,140,1400,half_load,161.0,1561.0,0.877,528.1
8734,4.26,city,11.3,5.8,27.5,0.369,26.3,clear,large_ev,75,190,2400,unladen,19.6,2419.6,1.768,414.8
8735,2.56,city,11.1,2.4,20.0,0.454,39.6,rain,mid_ev,40,160,1900,unladen,33.9,1933.9,1.254,489.9
8736,124.1,highway,67.9,27.8,81.8,0.336,35.5,clear,small_ev,24,140,1400,half_load,129.6,1529.6,65.792,530.2
8737,39.7,highway,50.6,104.7,88.2,0.307,31.2,clear,small_ev,24,140,1400,half_load,157.3,1557.3,21.756,548.1
8738,20.87,arterial,38.7,44.0,23.8,0.173,26.9,clear,small_ev,24,140,1400,full_load,268.1,1668.1,2.85,136.6
8740,95.61,highway,11.7,34.2,84.0,0.018,26.4,clear,large_ev,75,190,2400,full_load,573.9,2973.9,61.346,641.7
8741,3.67,city,2.1,13.0,25.4,0.484,23.3,clear,large_ev,75,190,2400,full_load,573.1,2973.1,2.169,591.0
8742,9.75,city,5.8,2.8,19.1,0.179,30.4,rain,small_ev,24,140,1400,full_load,257.9,1657.9,1.627,166.8
8743,114.07,highway,23.7,7.5,101.0,0.509,25.7,clear,small_ev,24,140,1400,unladen,22.3,1422.3,75.251,659.7
8744,13.98,arterial,20.2,4.0,45.1,0.695,40.9,clear,small_ev,24,140,1400,half_load,144.5,1544.5,6.042,432.3
8745,27.19,city,0.8,0.5,24.9,0.507,35.4,rain,large_ev,75,190,2400,full_load,517.6,2917.6,19.174,705.2
8746,3.26,city,0.1,0.5,22.3,0.502,27.2,clear,small_ev,24,140,1400,half_load,148.1,1548.1,1.029,315.9
8747,54.6,arterial,15.6,9.5,51.9,0.798,33.3,rain,mid_ev,40,160,1900,unladen,19.1,1919.1,29.26,535.9
8748,6.36,arterial,3.5,7.2,39.9,0.502,33.7,clear,mid_ev,40,160,1900,unladen,21.6,1921.6,2.206,346.6
8749,14.76,highway,6.5,57.5,89.1,0.162,31.6,clear,mid_ev,40,160,1900,unladen,3.4,1903.4,9.224,625.0
8750,45.12,highway,89.6,3.1,84.7,0.115,29.4,clear,mid_ev,40,160,1900,unladen,21.2,1921.2,25.358,562.0
8751,48.16,arterial,12.3,2.6,46.9,0.247,26.7,clear,small_ev,24,140,1400,full_load,263.1,1663.1,12.571,261.0
8752,7.89,arterial,3.8,15.9,45.6,0.476,31.1,clear,mid_ev,40,160,1900,half_load,265.3,2165.3,3.2,405.5
8754,7.38,arterial,9.9,14.0,45.8,0.365,22.9,clear,small_ev,24,140,1400,half_load,152.9,1552.9,1.847,250.3
8755,6.29,city,9.5,3.3,7.7,0.696,26.9,clear,mid_ev,40,160,1900,unladen,34.0,1934.0,3.272,519.8
8756,20.33,city,8.3,8.6,18.7,0.492,31.5,clear,mid_ev,40,160,1900,full_load,424.2,2324.2,9.908,487.3
8757,5.42,city,6.8,1.6,24.8,0.81,36.1,clear,small_ev,24,140,1400,half_load,160.4,1560.4,3.023,557.4
8759,7.92,city,0.5,30.8,29.2,0.49,33.8,clear,mid_ev,40,160,1900,unladen,19.5,1919.5,3.451,435.9
8760,6.92,arterial,0.8,17.0,41.3,0.647,32.6,clear,large_ev,75,190,2400,full_load,561.4,2961.4,3.856,557.5
8761,8.91,arterial,32.8,3.8,36.4,0.776,34.5,clear,large_ev,75,190,2400,unladen,32.3,2432.3,5.198,583.6
8762,12.29,arterial,28.1,18.8,39.8,0.286,32.5,clear,small_ev,24,140,1400,full_load,295.4,1695.4,2.865,233.2
8763,16.54,city,43.1,2.9,11.8,0.437,38.1,clear,small_ev,24,140,1400,unladen,25.2,1425.2,5.128,310.1
8765,48.73,arterial,3.5,0.6,44.5,0.613,30.7,rain,large_ev,75,190,2400,half_load,256.9,2656.9,27.464,563.6
8766,10.56,city,10.8,0.6,20.8,0.848,37.5,rain,small_ev,24,140,1400,unladen,6.1,1406.1,5.775,546.7
8767,12.52,city,1.2,0.8,15.2,0.823,22.6,clear,mid_ev,40,160,1900,full_load,446.0,2346.0,8.816,704.3
8768,47.9,highway,128.0,24.3,90.3,0.172,40.2,clear,large_ev,75,190,2400,full_load,540.5,2940.5,44.152,921.7
8769,75.78,highway,6.3,10.2,104.9,0.106,26.9,clear,small_ev,24,140,1400,full_load,297.8,1697.8,52.094,687.4
8770,4.98,city,10.2,0.6,27.4,0.383,36.8,heavy_rain,large_ev,75,190,2400,unladen,59.8,2459.8,2.733,549.2
8771,77.7,highway,15.9,79.4,90.7,0.643,37.1,clear,large_ev,75,190,2400,unladen,34.1,2434.1,75.231,968.2
8772,13.68,arterial,81.5,7.3,49.7,0.535,28.2,clear,large_ev,75,190,2400,unladen,33.6,2433.6,7.555,552.3
8773,81.3,highway,22.3,55.6,75.2,0.166,25.9,clear,mid_ev,40,160,1900,half_load,236.8,2136.8,39.446,485.2
8774,94.44,highway,34.9,23.6,81.0,0.049,37.0,clear,large_ev,75,190,2400,unladen,25.8,2425.8,61.097,646.9
8775,8.16,city,2.5,0.3,33.3,0.643,38.3,heavy_rain,large_ev,75,190,2400,half_load,278.3,2678.3,7.483,916.7
8776,23.3,arterial,3.9,10.7,41.9,0.469,34.1,rain,large_ev,75,190,2400,unladen,50.9,2450.9,10.833,465.0
8777,61.19,highway,83.7,4.6,92.2,0.439,34.3,clear,small_ev,24,140,1400,half_load,127.1,1527.1,37.83,618.2
8778,34.22,highway,46.4,14.9,85.8,0.098,24.8,clear,large_ev,75,190,2400,unladen,49.8,2449.8,21.559,629.9
8780,6.63,arterial,65.7,10.0,43.2,0.51,32.2,heavy_rain,small_ev,24,140,1400,half_load,136.0,1536.0,2.424,365.8
8781,11.47,arterial,69.5,56.1,44.2,0.351,34.2,clear,large_ev,75,190,2400,unladen,47.9,2447.9,4.888,426.1
8783,19.44,city,11.8,4.9,20.1,0.814,23.2,clear,large_ev,75,190,2400,unladen,52.2,2452.2,15.05,774.0
8784,91.21,highway,32.7,59.4,69.1,0.023,31.1,clear,mid_ev,40,160,1900,unladen,34.9,1934.9,34.959,383.3
8785,6.98,city,3.6,0.7,9.1,0.85,27.2,heavy_rain,large_ev,75,190,2400,half_load,337.8,2737.8,6.572,941.1
8787,62.4,highway,26.8,42.9,91.7,0.129,20.4,clear,large_ev,75,190,2400,unladen,47.4,2447.4,47.119,755.1
8788,57.24,arterial,12.7,55.2,36.9,0.224,31.4,clear,mid_ev,40,160,1900,unladen,19.5,1919.5,13.365,233.5
8789,24.23,arterial,5.6,3.8,43.9,0.22,37.0,clear,large_ev,75,190,2400,full_load,557.1,2957.1,9.464,390.5
8790,8.69,city,1.8,2.6,20.1,0.585,31.0,clear,large_ev,75,190,2400,half_load,312.9,2712.9,5.481,630.5
8791,133.24,highway,60.9,16.7,88.0,0.276,38.2,rain,small_ev,24,140,1400,half_load,148.3,1548.3,79.588,597.3
8792,89.54,highway,41.6,41.8,77.2,0.261,39.5,heavy_rain,small_ev,24,140,1400,full_load,283.6,1683.6,47.257,527.8
8793,1.0,city,23.0,2.6,15.6,0.143,27.3,clear,small_ev,24,140,1400,unladen,26.8,1426.8,0.204,204.4
8794,7.48,city,0.2,5.5,36.9,0.177,34.2,rain,small_ev,24,140,1400,half_load,165.1,1565.1,1.844,246.5
8795,10.24,city,2.5,2.5,23.0,0.629,28.5,clear,large_ev,75,190,2400,unladen,18.9,2418.9,6.477,632.4
8797,25.07,arterial,6.4,10.7,43.6,0.207,33.9,rain,small_ev,24,140,1400,full_load,294.2,1694.2,6.542,260.9
8798,25.69,arterial,80.3,2.9,42.3,0.267,36.1,rain,small_ev,24,140,1400,half_load,166.2,1566.2,7.249,282.2
8799,5.16,arterial,5.2,11.9,27.2,0.114,24.5,rain,large_ev,75,190,2400,unladen,23.7,2423.7,0.881,170.6
8800,1.0,city,10.9,0.1,26.7,0.89,29.8,clear,mid_ev,40,160,1900,half_load,268.7,2168.7,0.891,890.5
8801,26.41,arterial,4.4,14.9,52.3,0.15,37.0,clear,small_ev,24,140,1400,half_load,164.4,1564.4,7.109,269.1
8802,139.55,highway,16.3,52.1,64.2,0.076,34.3,clear,small_ev,24,140,1400,full_load,290.3,1690.3,42.032,301.2
8803,3.98,city,11.9,6.5,24.2,0.515,25.2,clear,large_ev,75,190,2400,half_load,265.7,2665.7,2.2,552.3
8804,3.52,city,12.8,0.5,12.0,0.557,38.1,clear,mid_ev,40,160,1900,unladen,17.7,1917.7,1.667,473.1
8805,19.15,arterial,21.5,21.7,49.7,0.356,42.0,clear,large_ev,75,190,2400,unladen,45.4,2445.4,9.953,519.8
8806,134.67,highway,42.2,5.7,95.2,0.06,26.7,rain,large_ev,75,190,2400,full_load,569.2,2969.2,108.823,808.1
8807,28.8,arterial,57.9,16.6,54.7,0.155,35.4,rain,small_ev,24,140,1400,half_load,127.8,1527.8,8.524,295.9
8808,160.51,highway,22.4,127.2,85.3,0.11,30.8,clear,mid_ev,40,160,1900,unladen,35.8,1935.8,88.768,553.0
8809,10.49,arterial,25.2,22.7,49.2,0.337,32.3,clear,large_ev,75,190,2400,full_load,574.7,2974.7,5.298,505.1
8810,32.09,highway,66.5,7.1,69.2,0.063,22.9,clear,small_ev,24,140,1400,full_load,295.2,1695.2,10.67,332.5
8811,7.38,city,12.8,0.8,24.6,0.917,29.7,rain,small_ev,24,140,1400,full_load,287.5,1687.5,4.665,632.2
8812,20.0,arterial,34.4,7.1,59.3,0.598,26.3,clear,mid_ev,40,160,1900,unladen,19.8,1919.8,10.496,524.8
8813,9.69,city,2.6,7.5,16.7,0.526,36.0,heavy_rain,mid_ev,40,160,1900,unladen,11.7,1911.7,4.754,490.6
8814,38.68,arterial,7.2,9.1,45.8,0.192,37.0,clear,small_ev,24,140,1400,unladen,0.0,1400.0,9.107,235.5
8815,28.62,arterial,1.0,54.0,39.0,0.333,33.2,clear,mid_ev,40,160,1900,half_load,196.0,2096.0,8.653,302.3
8816,142.85,highway,52.0,28.3,91.2,0.186,23.6,clear,large_ev,75,190,2400,full_load,537.1,2937.1,105.958,741.7
8817,27.79,arterial,43.6,25.8,63.7,0.726,30.8,rain,mid_ev,40,160,1900,unladen,42.4,1942.4,17.747,638.6
8819,8.17,city,1.7,14.9,25.4,0.629,29.0,clear,small_ev,24,140,1400,unladen,16.0,1416.0,2.995,366.7
8820,24.03,highway,15.4,2.3,73.5,0.4,32.2,heavy_rain,mid_ev,40,160,1900,full_load,408.4,2308.4,14.196,590.8
8822,12.13,arterial,42.1,18.3,39.9,0.366,35.1,clear,small_ev,24,140,1400,half_load,153.2,1553.2,3.215,265.1
8823,27.95,arterial,68.2,8.9,38.2,0.254,41.3,clear,small_ev,24,140,1400,half_load,128.0,1528.0,7.182,256.9
8825,33.51,arterial,2.8,3.0,43.9,0.61,36.2,rain,mid_ev,40,160,1900,half_load,261.1,2161.1,16.907,504.6
8827,5.21,city,15.5,5.8,14.6,0.864,32.7,clear,large_ev,75,190,2400,full_load,582.7,2982.7,5.467,1049.4
8828,201.03,highway,3.2,48.0,105.3,0.327,20.0,clear,small_ev,24,140,1400,half_load,135.5,1535.5,135.431,673.7
8829,15.87,city,5.1,13.9,19.3,0.661,32.1,clear,small_ev,24,140,1400,half_load,124.7,1524.7,6.897,434.5
8830,3.61,arterial,37.6,26.5,61.6,0.59,30.2,heavy_rain,large_ev,75,190,2400,unladen,24.6,2424.6,2.627,728.4
8831,34.41,highway,9.0,29.2,76.9,0.036,32.3,rain,small_ev,24,140,1400,half_load,166.4,1566.4,15.436,448.6
8832,5.12,city,2.3,33.7,17.9,0.473,34.6,clear,mid_ev,40,160,1900,half_load,216.9,2116.9,2.237,436.7
8833,64.84,highway,5.8,4.6,80.7,0.157,34.9,clear,mid_ev,40,160,1900,full_load,432.8,2332.8,37.845,583.7
8834,20.59,arterial,2.9,0.5,36.1,0.251,22.6,clear,large_ev,75,190,2400,unladen,15.3,2415.3,5.8,281.7
8835,139.72,highway,70.2,0.1,69.6,0.37,31.2,clear,mid_ev,40,160,1900,full_load,388.1,2288.1,66.529,476.2
8836,12.91,city,16.2,18.3,23.7,0.394,29.0,clear,mid_ev,40,160,1900,full_load,432.6,2332.6,5.522,427.9
8837,50.12,highway,5.3,5.4,91.3,0.032,34.5,clear,mid_ev,40,160,1900,full_load,393.5,2293.5,33.385,666.2
8838,100.7,highway,18.9,45.8,76.5,0.374,31.3,clear,small_ev,24,140,1400,unladen,16.9,1416.9,41.414,411.3
8839,190.28,highway,56.7,15.6,82.7,0.515,31.0,heavy_rain,small_ev,24,140,1400,unladen,12.1,1412.1,100.629,528.8
8840,48.4,highway,17.6,14.9,95.5,0.27,31.9,clear,mid_ev,40,160,1900,half_load,185.2,2085.2,37.261,769.9
8841,95.04,highway,52.8,50.7,82.7,0.014,23.3,rain,mid_ev,40,160,1900,half_load,214.0,2114.0,50.055,526.7
8842,72.85,highway,4.1,26.4,92.9,0.563,38.3,clear,small_ev,24,140,1400,half_load,131.5,1531.5,47.33,649.7
8843,106.02,highway,13.6,2.8,99.0,0.235,33.9,clear,large_ev,75,190,2400,full_load,524.2,2924.2,102.283,964.7
8844,15.34,city,1.5,0.9,23.8,0.551,32.6,clear,small_ev,24,140,1400,unladen,16.6,1416.6,5.404,352.2
8845,18.94,arterial,9.4,3.8,43.8,0.206,23.3,clear,small_ev,24,140,1400,unladen,21.9,1421.9,3.696,195.2
8846,113.21,highway,6.7,107.9,102.4,0.415,42.0,clear,large_ev,75,190,2400,half_load,349.7,2749.7,136.635,1207.0
8847,14.23,city,13.8,6.4,24.6,0.505,26.3,clear,mid_ev,40,160,1900,full_load,433.2,2333.2,6.959,489.1
8848,30.79,highway,79.0,0.2,77.8,0.047,26.5,clear,small_ev,24,140,1400,unladen,5.9,1405.9,12.495,405.8
8849,21.58,arterial,99.1,8.9,55.2,0.691,35.4,clear,large_ev,75,190,2400,full_load,596.3,2996.3,17.917,830.1
8850,177.42,highway,50.3,51.4,87.3,0.195,25.9,clear,large_ev,75,190,2400,half_load,292.8,2692.8,126.634,713.7
8852,87.31,highway,16.7,56.6,100.5,0.019,28.5,clear,small_ev,24,140,1400,half_load,144.9,1544.9,53.411,611.7
8854,7.73,arterial,1.0,12.6,41.4,0.544,32.3,clear,mid_ev,40,160,1900,unladen,34.2,1934.2,2.916,377.4
8855,29.73,arterial,22.9,2.3,40.9,0.346,23.4,rain,large_ev,75,190,2400,unladen,44.6,2444.6,11.081,372.7
8856,25.73,arterial,4.1,10.1,32.5,0.138,32.3,clear,large_ev,75,190,2400,half_load,299.9,2699.9,6.006,233.4
8857,45.51,arterial,1.4,22.6,26.4,0.506,38.8,rain,mid_ev,40,160,1900,unladen,41.7,1941.7,15.551,341.7
8858,94.58,highway,9.7,17.3,99.2,0.202,29.1,rain,large_ev,75,190,2400,half_load,351.6,2751.6,85.765,906.8
8859,4.47,arterial,0.3,10.2,43.3,0.152,42.0,clear,small_ev,24,140,1400,half_load,150.0,1550.0,1.041,232.6
8860,15.3,arterial,3.2,27.1,41.5,0.453,23.1,clear,mid_ev,40,160,1900,unladen,37.4,1937.4,4.903,320.5
8861,65.19,highway,37.1,28.7,88.2,0.087,30.8,clear,mid_ev,40,160,1900,full_load,417.8,2317.8,39.464,605.4
8862,22.87,highway,18.8,24.5,82.9,0.024,22.3,clear,mid_ev,40,160,1900,unladen,17.1,1917.1,11.747,513.7
8863,24.57,arterial,37.3,9.9,46.7,0.567,33.8,clear,mid_ev,40,160,1900,full_load,406.4,2306.4,11.581,471.3
8864,24.64,highway,19.8,217.8,82.6,0.119,25.8,clear,mid_ev,40,160,1900,unladen,30.8,1930.8,13.248,537.5
8865,27.61,highway,25.0,148.7,89.2,0.067,37.9,clear,mid_ev,40,160,1900,unladen,15.9,1915.9,18.764,679.7
8866,27.71,arterial,14.0,3.1,44.8,0.9,40.1,clear,large_ev,75,190,2400,unladen,0.6,2400.6,19.493,703.6
8868,7.5,city,2.5,2.5,21.4,0.409,29.5,clear,large_ev,75,190,2400,full_load,575.6,2975.6,3.863,515.3
8869,9.06,city,4.2,7.3,27.0,0.639,34.0,clear,large_ev,75,190,2400,half_load,270.0,2670.0,6.94,765.8
8870,2.24,city,8.7,6.1,16.0,0.466,31.1,clear,large_ev,75,190,2400,half_load,335.0,2735.0,1.294,577.3
8872,14.27,arterial,1.5,18.2,45.2,0.534,33.4,rain,small_ev,24,140,1400,unladen,8.4,1408.4,4.808,337.0
8873,1.56,city,13.5,11.8,20.8,0.635,31.3,clear,small_ev,24,140,1400,unladen,18.4,1418.4,0.621,398.5
8874,31.54,arterial,7.9,15.7,50.7,0.541,31.5,clear,large_ev,75,190,2400,full_load,523.3,2923.3,19.214,609.1
8876,14.94,arterial,29.7,26.6,43.4,0.756,31.6,clear,mid_ev,40,160,1900,unladen,38.1,1938.1,7.154,478.9
8877,67.14,highway,3.2,51.8,102.3,0.246,32.2,clear,large_ev,75,190,2400,full_load,510.7,2910.7,66.11,984.7
8878,8.53,arterial,0.4,0.3,42.9,0.513,32.3,heavy_rain,mid_ev,40,160,1900,half_load,180.5,2080.5,3.521,412.9
8879,26.25,arterial,5.8,67.2,48.0,0.354,36.7,rain,small_ev,24,140,1400,half_load,147.4,1547.4,8.105,308.8
8880,60.1,highway,16.3,71.3,79.9,0.478,27.7,clear,mid_ev,40,160,1900,half_load,209.2,2109.2,33.347,554.9
8881,32.4,highway,6.6,25.6,74.9,0.032,30.4,rain,mid_ev,40,160,1900,unladen,19.5,1919.5,15.069,465.1
8882,13.75,city,1.6,22.4,18.2,0.393,33.4,clear,mid_ev,40,160,1900,unladen,40.7,1940.7,4.894,355.9
8884,52.55,highway,79.1,2.1,94.1,0.223,27.0,clear,mid_ev,40,160,1900,full_load,444.5,2344.5,36.569,695.9
8885,2.22,city,32.2,8.9,20.2,0.591,30.7,clear,small_ev,24,140,1400,unladen,23.7,1423.7,0.913,412.0
8886,3.43,city,6.7,8.3,34.6,0.621,23.6,rain,mid_ev,40,160,1900,unladen,40.0,1940.0,1.794,522.8
8887,1.0,city,0.1,18.5,11.4,0.327,37.0,rain,large_ev,75,190,2400,full_load,534.9,2934.9,0.505,505.2
8888,17.93,arterial,25.0,15.9,47.8,0.317,40.7,clear,small_ev,24,140,1400,unladen,5.2,1405.2,5.814,324.2
8889,1.0,city,5.6,10.4,22.2,0.519,31.9,clear,small_ev,24,140,1400,half_load,141.8,1541.8,0.323,323.2
8891,1.0,city,23.6,14.7,18.2,0.366,30.1,rain,large_ev,75,190,2400,full_load,596.9,2996.9,0.63,629.6
8894,62.01,highway,41.1,47.6,70.0,0.187,32.5,clear,large_ev,75,190,2400,half_load,289.7,2689.7,31.566,509.0
8895,14.65,arterial,4.7,10.6,58.3,0.493,29.7,clear,small_ev,24,140,1400,half_load,125.0,1525.0,5.53,377.6
8896,14.52,arterial,16.0,8.5,36.2,0.506,33.8,rain,large_ev,75,190,2400,half_load,345.3,2745.3,6.983,481.0
8897,30.56,arterial,17.4,13.0,44.5,0.606,29.0,clear,large_ev,75,190,2400,full_load,519.9,2919.9,17.108,559.9
8899,141.43,highway,8.1,57.3,72.1,0.282,27.1,clear,mid_ev,40,160,1900,full_load,409.6,2309.6,61.902,437.7
8901,4.96,city,0.6,0.7,29.0,0.563,27.5,rain,large_ev,75,190,2400,unladen,42.1,2442.1,2.999,604.4
8902,54.19,highway,38.2,21.4,70.9,0.441,31.0,clear,large_ev,75,190,2400,unladen,48.0,2448.0,29.585,545.9
8903,60.85,highway,38.3,0.4,96.4,0.34,34.3,clear,small_ev,24,140,1400,half_load,175.9,1575.9,41.019,674.1
8904,23.07,arterial,17.7,18.7,51.9,0.163,23.5,clear,mid_ev,40,160,1900,half_load,182.6,2082.6,6.662,288.8
8905,7.52,city,6.2,18.5,22.7,0.654,34.1,heavy_rain,small_ev,24,140,1400,full_load,270.3,1670.3,4.108,546.5
8907,15.42,city,3.9,14.1,16.9,0.844,35.4,rain,small_ev,24,140,1400,half_load,131.6,1531.6,8.518,552.4
8908,19.81,arterial,71.7,60.7,38.7,0.662,32.8,clear,small_ev,24,140,1400,half_load,172.2,1572.2,6.905,348.5
8909,25.9,highway,15.6,108.9,88.0,0.699,29.0,rain,large_ev,75,190,2400,full_load,570.8,2970.8,23.882,922.0
8910,8.81,arterial,13.2,20.4,47.8,0.53,32.2,heavy_rain,large_ev,75,190,2400,unladen,21.7,2421.7,4.595,521.5
8911,99.56,highway,26.0,56.5,79.4,0.174,29.8,clear,small_ev,24,140,1400,unladen,2.7,1402.7,42.548,427.3
8912,87.03,highway,76.4,33.4,77.2,0.255,30.7,clear,small_ev,24,140,1400,half_load,130.3,1530.3,36.566,420.1
8914,16.88,arterial,55.4,39.9,33.9,0.267,31.8,clear,small_ev,24,140,1400,half_load,136.5,1536.5,3.577,211.9
8916,55.0,highway,3.8,8.6,70.5,0.348,37.6,clear,mid_ev,40,160,1900,full_load,404.8,2304.8,28.09,510.8
8917,6.25,arterial,14.0,3.1,55.8,0.226,25.8,clear,large_ev,75,190,2400,half_load,317.5,2717.5,2.746,439.6
8918,5.86,city,10.7,6.5,33.2,0.461,30.1,clear,small_ev,24,140,1400,half_load,177.9,1577.9,2.06,351.4
8919,4.61,city,1.1,20.7,20.0,0.538,25.3,clear,mid_ev,40,160,1900,unladen,40.7,1940.7,2.0,434.1
8920,13.28,city,3.6,7.0,17.1,0.676,40.1,clear,mid_ev,40,160,1900,unladen,44.9,1944.9,8.289,624.1
8921,36.22,highway,77.5,0.1,73.1,0.088,34.5,rain,large_ev,75,190,2400,half_load,285.2,2685.2,21.768,601.0
8922,34.98,arterial,10.2,32.0,45.8,0.315,37.0,clear,small_ev,24,140,1400,unladen,4.6,1404.6,9.31,266.2
8923,2.48,arterial,8.3,11.3,36.7,0.307,27.8,rain,small_ev,24,140,1400,full_load,293.1,1693.1,0.543,219.2
8924,54.22,highway,42.5,5.7,103.0,0.028,28.5,clear,mid_ev,40,160,1900,half_load,212.7,2112.7,41.416,763.8
8925,38.54,city,24.0,2.2,19.1,0.474,33.3,clear,large_ev,75,190,2400,half_load,279.7,2679.7,21.485,557.5
8928,75.14,highway,52.5,6.1,79.1,0.236,21.1,clear,mid_ev,40,160,1900,full_load,436.5,2336.5,37.599,500.4
8929,19.94,arterial,5.8,2.9,47.9,0.648,37.5,clear,mid_ev,40,160,1900,full_load,437.8,2337.8,11.394,571.3
8930,62.34,highway,34.2,2.5,76.6,0.357,38.0,clear,mid_ev,40,160,1900,unladen,44.0,1944.0,35.591,570.9
8932,42.38,highway,54.7,28.7,105.7,0.261,33.3,clear,mid_ev,40,160,1900,full_load,427.7,2327.7,38.15,900.3
8933,22.1,arterial,25.0,8.1,37.7,0.446,23.2,clear,large_ev,75,190,2400,half_load,278.1,2678.1,8.469,383.3
8934,139.72,highway,4.2,20.0,77.8,0.108,36.2,clear,small_ev,24,140,1400,half_load,161.7,1561.7,66.022,472.5
8935,3.32,city,0.5,0.2,24.8,0.857,38.1,clear,small_ev,24,140,1400,half_load,167.1,1567.1,2.033,611.7
8937,16.4,city,16.0,3.9,16.5,0.608,34.3,clear,mid_ev,40,160,1900,unladen,24.8,1924.8,7.86,479.2
8939,30.24,highway,33.6,33.6,90.5,0.168,32.9,rain,mid_ev,40,160,1900,full_load,405.1,2305.1,20.45,676.2
8940,17.15,arterial,60.0,14.0,45.8,0.242,26.0,clear,large_ev,75,190,2400,full_load,542.9,2942.9,6.923,403.6
8941,32.42,arterial,46.0,6.3,32.3,0.136,20.0,clear,large_ev,75,190,2400,half_load,342.8,2742.8,7.281,224.6
8942,8.45,city,3.2,5.2,32.7,0.63,32.8,clear,large_ev,75,190,2400,half_load,297.2,2697.2,6.585,779.7
8943,101.19,highway,9.9,59.4,82.4,0.024,24.4,clear,large_ev,75,190,2400,half_load,353.2,2753.2,62.392,616.6
8946,78.12,highway,16.4,1.4,91.9,0.027,37.0,clear,large_ev,75,190,2400,unladen,9.4,2409.4,62.739,803.2
8947,4.3,city,57.0,5.0,29.4,0.465,26.5,rain,mid_ev,40,160,1900,half_load,231.3,2131.3,2.337,543.6
8950,21.51,arterial,9.0,65.0,38.6,0.317,26.3,clear,mid_ev,40,160,1900,full_load,432.6,2332.6,6.609,307.3
8951,78.93,highway,13.5,10.8,73.7,0.097,36.2,clear,mid_ev,40,160,1900,half_load,255.8,2155.8,38.11,482.8
8952,17.14,arterial,0.4,7.3,33.3,0.296,24.9,clear,mid_ev,40,160,1900,full_load,419.6,2319.6,4.633,270.2
8953,16.71,city,11.6,5.7,24.9,0.704,29.1,clear,small_ev,24,140,1400,unladen,26.7,1426.7,6.824,408.3
8956,8.38,city,2.2,5.6,13.4,0.67,33.4,clear,mid_ev,40,160,1900,full_load,448.9,2348.9,5.259,627.5
8958,30.45,arterial,46.3,11.6,49.7,0.399,31.1,clear,small_ev,24,140,1400,unladen,4.7,1404.7,9.09,298.5
8959,18.8,arterial,17.1,75.8,40.3,0.164,33.0,clear,small_ev,24,140,1400,unladen,17.2,1417.2,3.397,180.7
8960,24.84,arterial,9.5,1.6,58.3,0.653,31.8,clear,small_ev,24,140,1400,unladen,6.6,1406.6,10.617,427.4
8961,132.16,highway,22.5,0.6,93.5,0.253,25.8,rain,small_ev,24,140,1400,half_load,150.9,1550.9,79.797,603.8
8962,12.08,city,3.3,13.4,16.3,0.913,41.7,clear,small_ev,24,140,1400,half_load,162.9,1562.9,7.781,644.2
8963,8.08,arterial,4.8,5.9,36.6,0.343,26.0,clear,large_ev,75,190,2400,full_load,567.8,2967.8,2.985,369.5
8964,7.9,arterial,26.6,28.9,41.3,0.319,31.7,clear,small_ev,24,140,1400,unladen,29.4,1429.4,1.909,241.8
8966,102.13,highway,30.7,44.6,116.9,0.14,39.9,clear,small_ev,24,140,1400,unladen,21.2,1421.2,100.057,979.7
8967,33.63,arterial,17.0,5.4,39.4,0.177,25.3,clear,large_ev,75,190,2400,full_load,544.7,2944.7,9.616,285.9
8968,62.87,highway,97.4,11.6,80.2,0.015,30.2,clear,small_ev,24,140,1400,unladen,7.1,1407.1,26.96,428.8
8970,16.92,arterial,18.8,1.6,53.7,0.319,32.3,clear,large_ev,75,190,2400,unladen,56.2,2456.2,7.558,446.6
8972,75.8,highway,8.0,24.5,85.5,0.057,32.1,clear,mid_ev,40,160,1900,unladen,21.6,1921.6,42.492,560.6
8973,40.19,arterial,65.1,2.9,49.8,0.307,30.8,rain,small_ev,24,140,1400,unladen,11.2,1411.2,12.039,299.6
8975,28.56,arterial,46.0,3.4,46.1,0.342,20.0,rain,small_ev,24,140,1400,unladen,17.3,1417.3,7.351,257.4
8978,11.85,arterial,117.7,26.2,32.8,0.388,33.4,rain,mid_ev,40,160,1900,half_load,186.6,2086.6,4.103,346.3
8979,29.4,highway,58.3,25.4,72.0,0.031,24.6,rain,small_ev,24,140,1400,full_load,289.1,1689.1,10.495,357.0
8980,4.72,arterial,58.0,15.3,47.7,0.322,25.9,rain,small_ev,24,140,1400,full_load,280.5,1680.5,1.583,335.4
8981,24.1,arterial,23.0,8.6,40.5,0.177,20.0,clear,large_ev,75,190,2400,unladen,44.0,2444.0,6.819,282.9
8982,3.02,city,3.6,12.6,14.5,0.551,42.0,clear,mid_ev,40,160,1900,unladen,21.5,1921.5,1.555,514.4
8983,5.41,city,5.1,12.6,19.5,0.817,34.4,clear,mid_ev,40,160,1900,full_load,404.7,2304.7,4.286,792.9
8984,23.96,highway,2.9,43.0,65.9,0.049,20.9,clear,small_ev,24,140,1400,half_load,167.5,1567.5,6.959,290.5
8985,15.05,arterial,34.3,2.0,25.6,0.091,31.5,clear,large_ev,75,190,2400,unladen,39.8,2439.8,2.738,181.9
8986,91.19,highway,44.8,17.2,88.9,0.115,26.7,clear,large_ev,75,190,2400,half_load,267.2,2667.2,64.304,705.2
8988,4.15,city,1.9,13.8,22.5,0.956,25.9,clear,mid_ev,40,160,1900,half_load,223.3,2123.3,3.274,789.6
8989,13.75,arterial,4.1,4.1,56.8,0.4,32.6,clear,mid_ev,40,160,1900,half_load,239.4,2139.4,6.348,461.5
8990,2.88,city,9.1,0.7,22.7,0.394,27.0,clear,small_ev,24,140,1400,full_load,262.2,1662.2,0.885,307.8
8991,23.48,highway,14.9,8.7,80.1,0.116,34.2,clear,large_ev,75,190,2400,full_load,568.8,2968.8,15.888,676.7
8992,5.94,city,0.2,18.8,21.1,0.371,42.0,rain,large_ev,75,190,2400,unladen,8.7,2408.7,3.164,532.6
8993,74.8,highway,5.5,17.4,83.2,0.125,33.0,clear,large_ev,75,190,2400,unladen,42.0,2442.0,51.129,683.6
8995,78.96,highway,16.2,0.1,92.0,0.155,32.8,clear,small_ev,24,140,1400,full_load,268.5,1668.5,47.287,598.9
8996,13.5,city,0.8,11.7,26.0,0.431,36.0,clear,mid_ev,40,160,1900,unladen,8.6,1908.6,5.007,370.8
8997,5.39,city,0.9,5.9,11.7,0.941,29.7,clear,small_ev,24,140,1400,full_load,269.1,1669.1,3.183,590.4
8998,27.56,arterial,0.9,9.1,40.7,0.7,31.5,clear,mid_ev,40,160,1900,unladen,10.2,1910.2,10.824,392.7
8999,6.75,city,12.9,2.6,15.7,0.527,32.1,clear,large_ev,75,190,2400,full_load,510.6,2910.6,4.24,628.5
9000,22.32,arterial,35.0,42.2,28.3,0.589,31.5,clear,large_ev,75,190,2400,full_load,562.8,2962.8,11.198,501.6
9002,20.56,highway,70.2,102.1,74.1,0.493,27.8,rain,large_ev,75,190,2400,half_load,262.6,2662.6,13.083,636.4
9005,87.88,highway,5.6,30.1,76.2,0.415,35.5,clear,large_ev,75,190,2400,full_load,523.1,2923.1,59.96,682.3
9006,12.9,city,15.2,6.9,20.1,0.783,30.5,clear,small_ev,24,140,1400,unladen,3.5,1403.5,5.737,444.9
9007,83.06,highway,17.6,11.2,100.7,0.143,24.0,clear,mid_ev,40,160,1900,unladen,26.2,1926.2,59.561,717.1
9008,7.86,city,1.7,2.1,23.2,0.353,35.1,clear,small_ev,24,140,1400,unladen,2.9,1402.9,1.994,253.7
9011,2.18,city,5.7,0.3,9.3,0.182,32.8,heavy_rain,mid_ev,40,160,1900,half_load,249.5,2149.5,0.505,232.2
9012,24.23,arterial,28.5,33.6,46.7,0.464,33.9,clear,large_ev,75,190,2400,half_load,295.2,2695.2,12.48,515.1
9013,5.4,city,1.2,4.5,28.3,0.317,30.5,clear,large_ev,75,190,2400,unladen,38.4,2438.4,2.189,405.1
9014,1.54,city,2.3,2.0,17.5,0.807,35.0,clear,mid_ev,40,160,1900,unladen,30.3,1930.3,1.022,664.8
9015,7.56,arterial,57.8,2.6,42.3,0.403,29.8,clear,small_ev,24,140,1400,half_load,168.8,1568.8,2.188,289.5
9016,40.96,highway,33.9,32.9,75.2,0.29,20.0,clear,large_ev,75,190,2400,full_load,536.7,2936.7,23.784,580.7
9017,20.45,arterial,4.1,28.3,41.6,0.491,27.6,clear,mid_ev,40,160,1900,unladen,17.9,1917.9,7.228,353.4
9019,11.12,city,10.5,18.2,18.6,0.155,37.4,clear,small_ev,24,140,1400,half_load,128.5,1528.5,1.806,162.3
9020,12.03,highway,101.9,67.8,79.0,0.368,30.0,rain,mid_ev,40,160,1900,unladen,4.6,1904.6,6.958,578.2
9022,4.51,arterial,16.3,4.3,48.2,0.46,29.5,heavy_rain,mid_ev,40,160,1900,half_load,223.1,2123.1,2.027,449.7
9023,31.15,arterial,12.3,81.8,38.8,0.485,39.4,clear,mid_ev,40,160,1900,unladen,5.3,1905.3,11.289,362.4
9024,29.28,arterial,6.1,11.6,30.5,0.829,28.3,clear,large_ev,75,190,2400,half_load,280.4,2680.4,16.523,564.4
9025,12.67,arterial,10.4,4.5,43.4,0.218,31.7,clear,small_ev,24,140,1400,half_load,124.9,1524.9,2.72,214.7
9026,7.13,city,4.6,0.4,23.9,0.082,21.0,clear,mid_ev,40,160,1900,full_load,413.7,2313.7,1.174,164.6
9027,5.05,city,1.2,11.1,17.2,0.567,31.1,clear,large_ev,75,190,2400,half_load,338.6,2738.6,3.172,628.3
9028,22.05,arterial,41.6,0.3,41.1,0.282,34.8,clear,mid_ev,40,160,1900,half_load,268.3,2168.3,7.218,327.3
9029,52.79,arterial,37.1,7.8,36.6,0.394,33.1,clear,mid_ev,40,160,1900,unladen,15.9,1915.9,15.88,300.8
9030,16.86,arterial,11.0,10.1,60.0,0.75,31.8,rain,large_ev,75,190,2400,unladen,50.5,2450.5,12.427,737.3
9031,2.63,city,1.1,17.0,22.9,0.792,21.9,clear,small_ev,24,140,1400,half_load,174.8,1574.8,1.24,472.3
9033,35.58,arterial,62.4,3.6,35.8,0.42,34.9,clear,small_ev,24,140,1400,half_load,167.0,1567.0,9.284,261.0
9034,14.75,arterial,4.9,20.8,37.6,0.321,39.0,clear,large_ev,75,190,2400,full_load,555.1,2955.1,6.032,409.1
9035,2.96,city,6.2,1.3,23.2,0.234,24.9,clear,small_ev,24,140,1400,full_load,262.0,1662.0,0.646,218.2
9037,22.63,highway,10.1,9.8,102.4,0.053,29.4,clear,mid_ev,40,160,1900,half_load,234.0,2134.0,17.16,758.3
9039,11.22,city,0.2,25.2,7.6,0.756,32.7,clear,small_ev,24,140,1400,half_load,144.3,1544.3,5.186,462.4
9040,12.75,arterial,5.3,22.8,46.5,0.623,28.1,clear,large_ev,75,190,2400,full_load,536.7,2936.7,7.254,568.8
9041,40.42,arterial,21.3,24.9,44.9,0.416,28.1,rain,large_ev,75,190,2400,full_load,550.2,2950.2,19.693,487.3
9042,5.25,arterial,2.0,44.9,42.0,0.654,29.2,clear,small_ev,24,140,1400,half_load,124.5,1524.5,1.745,332.1
9044,7.29,city,5.0,1.6,23.6,0.174,29.2,clear,mid_ev,40,160,1900,full_load,445.4,2345.4,1.864,255.7
9045,1.0,city,4.5,1.8,27.1,0.763,29.6,rain,large_ev,75,190,2400,unladen,13.4,2413.4,0.807,807.4
9047,9.55,city,5.4,32.1,33.7,0.699,31.6,clear,large_ev,75,190,2400,full_load,512.4,2912.4,8.847,926.5
9048,22.47,arterial,30.2,20.7,37.3,0.191,35.6,rain,small_ev,24,140,1400,half_load,144.3,1544.3,4.554,202.6
9049,22.52,arterial,23.9,12.5,53.4,0.308,25.5,clear,large_ev,75,190,2400,unladen,29.1,2429.1,10.064,446.8
9050,43.89,arterial,1.3,36.4,40.8,0.395,35.2,clear,small_ev,24,140,1400,half_load,128.5,1528.5,11.446,260.8
9051,21.34,city,6.2,7.1,15.7,0.905,26.5,clear,small_ev,24,140,1400,half_load,130.3,1530.3,10.888,510.3
9053,16.85,city,1.8,50.2,15.2,0.29,33.4,clear,mid_ev,40,160,1900,unladen,12.3,1912.3,4.414,262.0
9054,15.89,arterial,28.8,5.0,48.7,0.352,34.7,clear,mid_ev,40,160,1900,full_load,422.7,2322.7,6.313,397.3
9055,9.1,city,15.7,7.5,25.1,0.217,31.4,clear,small_ev,24,140,1400,unladen,24.9,1424.9,1.688,185.5
9056,15.89,city,2.0,2.1,19.1,0.641,27.7,clear,large_ev,75,190,2400,full_load,557.8,2957.8,12.182,766.8
9057,41.16,highway,50.3,45.9,86.5,0.195,27.3,rain,mid_ev,40,160,1900,unladen,2.4,1902.4,25.436,618.0
9059,13.68,arterial,2.9,0.1,32.1,0.085,31.0,clear,large_ev,75,190,2400,half_load,286.6,2686.6,2.742,200.4
9060,60.8,highway,2.7,58.0,92.8,0.008,40.3,clear,large_ev,75,190,2400,half_load,299.7,2699.7,53.578,881.3
9061,4.97,city,5.9,5.4,33.8,0.805,27.0,rain,mid_ev,40,160,1900,full_load,383.4,2283.4,3.891,782.9
9063,28.55,arterial,2.0,0.6,47.1,0.086,22.1,clear,mid_ev,40,160,1900,half_load,251.5,2151.5,6.631,232.3
9064,6.57,city,16.0,10.3,15.3,0.693,29.7,clear,large_ev,75,190,2400,unladen,51.4,2451.4,4.426,674.1
9065,22.1,arterial,9.3,18.0,40.0,0.645,33.7,clear,mid_ev,40,160,1900,full_load,415.3,2315.3,10.726,485.4
9066,61.04,highway,18.5,22.4,89.1,0.055,30.7,clear,large_ev,75,190,2400,half_load,260.3,2660.3,41.121,673.7
9067,12.08,arterial,6.0,18.7,51.2,0.283,31.0,clear,mid_ev,40,160,1900,half_load,222.9,2122.9,4.081,337.9
9068,6.47,city,3.6,9.5,10.3,0.708,24.9,clear,mid_ev,40,160,1900,half_load,213.4,2113.4,3.65,564.4
9069,71.21,highway,2.9,258.6,90.8,0.175,29.0,clear,small_ev,24,140,1400,full_load,258.0,1658.0,39.528,555.1
9070,41.47,highway,5.3,321.6,88.6,0.12,25.0,clear,large_ev,75,190,2400,unladen,39.8,2439.8,29.53,712.1
9071,10.0,highway,5.4,19.1,85.5,0.744,36.2,clear,small_ev,24,140,1400,full_load,255.4,1655.4,6.121,612.1
9072,32.51,city,1.5,14.8,17.7,0.293,24.2,clear,large_ev,75,190,2400,full_load,542.4,2942.4,11.915,366.5
9075,30.21,city,0.6,36.0,17.7,0.777,30.9,heavy_rain,large_ev,75,190,2400,full_load,595.1,2995.1,31.888,1055.5
9078,75.87,highway,12.4,24.5,80.7,0.066,32.0,clear,large_ev,75,190,2400,unladen,39.7,2439.7,47.458,625.5
9079,10.81,highway,23.4,2.7,77.9,0.252,37.7,clear,small_ev,24,140,1400,full_load,269.0,1669.0,5.451,504.4
9080,5.63,city,2.1,8.7,18.2,0.655,37.5,clear,large_ev,75,190,2400,full_load,521.0,2921.0,4.839,859.2
9081,16.94,arterial,12.8,12.8,57.1,0.269,30.1,clear,small_ev,24,140,1400,full_load,256.0,1656.0,5.632,332.4
9082,91.46,highway,15.5,184.2,115.5,0.073,30.9,clear,mid_ev,40,160,1900,full_load,420.6,2320.6,87.693,958.8
9083,55.69,highway,0.7,30.0,101.3,0.481,33.9,clear,mid_ev,40,160,1900,half_load,206.4,2106.4,47.494,852.8
9084,107.73,highway,17.4,36.7,78.6,0.027,33.9,clear,large_ev,75,190,2400,unladen,34.3,2434.3,63.627,590.6
9086,43.0,highway,56.2,27.9,95.5,0.33,31.3,clear,mid_ev,40,160,1900,half_load,196.7,2096.7,33.064,768.9
9087,1.72,city,1.9,4.3,22.0,0.716,37.3,clear,large_ev,75,190,2400,unladen,34.3,2434.3,1.266,734.4
9088,15.55,arterial,36.0,5.2,51.6,0.291,26.2,clear,mid_ev,40,160,1900,half_load,194.1,2094.1,5.799,373.0
9090,147.72,highway,0.1,30.1,73.6,0.176,35.1,clear,small_ev,24,140,1400,unladen,5.3,1405.3,60.626,410.4
9091,9.0,arterial,26.3,13.2,40.2,0.465,27.3,clear,large_ev,75,190,2400,half_load,272.8,2672.8,4.061,451.1
9092,12.5,arterial,30.7,41.2,48.6,0.334,24.5,rain,mid_ev,40,160,1900,unladen,26.5,1926.5,4.268,341.6
9093,116.88,highway,9.5,8.1,80.6,0.032,32.1,clear,large_ev,75,190,2400,full_load,581.3,2981.3,77.46,662.7
9094,2.1,city,6.4,0.5,28.3,0.723,32.1,clear,mid_ev,40,160,1900,unladen,0.6,1900.6,1.216,578.1
9095,69.07,highway,45.9,44.2,88.5,0.285,34.5,clear,small_ev,24,140,1400,half_load,122.3,1522.3,38.367,555.5
9096,65.57,highway,32.4,20.4,99.4,0.009,36.1,clear,mid_ev,40,160,1900,half_load,226.0,2126.0,48.668,742.2
9097,116.44,highway,30.6,28.3,83.6,0.173,34.0,clear,large_ev,75,190,2400,unladen,23.8,2423.8,81.14,696.8
9098,56.16,highway,35.7,72.0,89.1,0.145,32.7,heavy_rain,large_ev,75,190,2400,half_load,358.5,2758.5,45.844,816.3
9099,154.76,highway,6.5,2.2,98.3,0.205,40.8,clear,mid_ev,40,160,1900,unladen,26.7,1926.7,130.114,840.7
9100,20.94,arterial,3.7,18.9,51.6,0.471,27.2,rain,large_ev,75,190,2400,half_load,259.6,2659.6,10.722,512.2
9102,13.58,city,4.9,3.5,22.6,0.796,31.0,rain,small_ev,24,140,1400,unladen,18.5,1418.5,6.022,443.4
9103,36.01,arterial,7.5,3.8,34.8,0.174,20.0,clear,small_ev,24,140,1400,half_load,166.8,1566.8,5.664,157.3
9104,27.26,arterial,16.4,8.1,39.2,0.571,29.6,clear,mid_ev,40,160,1900,unladen,39.0,1939.0,9.773,358.5
9105,106.98,highway,24.1,58.6,75.3,0.118,30.8,clear,mid_ev,40,160,1900,half_load,234.7,2134.7,48.427,452.7
9107,49.0,arterial,21.7,1.4,43.4,0.322,30.0,rain,small_ev,24,140,1400,unladen,1.1,1401.1,12.297,251.0
9108,7.42,city,3.8,8.2,28.5,0.788,29.8,clear,mid_ev,40,160,1900,half_load,223.0,2123.0,4.996,673.7
9109,12.96,arterial,19.7,10.2,38.8,0.389,36.5,rain,large_ev,75,190,2400,unladen,9.1,2409.1,5.363,413.7
9110,48.62,highway,1.3,0.4,69.9,0.189,24.3,clear,mid_ev,40,160,1900,half_load,193.3,2093.3,19.385,398.7
9112,11.66,arterial,0.1,21.8,63.5,0.454,39.8,clear,large_ev,75,190,2400,full_load,571.7,2971.7,8.207,703.6
9113,18.57,arterial,6.2,28.0,45.0,0.639,28.2,clear,small_ev,24,140,1400,full_load,273.4,1673.4,6.2,334.0
9114,6.38,city,2.5,10.5,23.4,0.548,34.5,clear,small_ev,24,140,1400,full_load,278.6,1678.6,2.625,411.5
9116,20.13,city,3.4,7.6,28.3,0.536,23.3,rain,small_ev,24,140,1400,half_load,166.8,1566.8,7.407,368.0
9117,10.37,city,4.5,8.3,20.8,0.853,29.1,clear,mid_ev,40,160,1900,half_load,204.1,2104.1,7.583,731.1
9118,12.75,arterial,13.4,8.8,34.1,0.194,35.5,clear,large_ev,75,190,2400,full_load,510.7,2910.7,3.868,303.3
9121,78.29,highway,71.9,50.8,90.2,0.043,28.8,clear,small_ev,24,140,1400,unladen,14.3,1414.3,42.001,536.5
9122,107.82,highway,35.0,26.8,83.5,0.111,30.2,clear,large_ev,75,190,2400,unladen,49.4,2449.4,68.124,631.9
9125,7.18,city,4.3,8.2,24.3,0.71,28.0,clear,mid_ev,40,160,1900,full_load,427.8,2327.8,4.653,647.8
9127,11.23,arterial,13.0,0.5,50.6,0.178,32.2,clear,small_ev,24,140,1400,full_load,256.2,1656.2,2.958,263.4
9128,2.33,city,7.0,1.6,24.5,0.539,33.5,clear,small_ev,24,140,1400,unladen,1.2,1401.2,0.806,346.0
9131,4.59,city,16.1,6.5,29.5,0.136,26.9,heavy_rain,large_ev,75,190,2400,full_load,511.6,2911.6,1.471,320.2
9132,8.66,arterial,14.7,22.1,42.7,0.563,28.4,clear,large_ev,75,190,2400,full_load,533.7,2933.7,4.446,513.2
9133,2.18,city,2.0,4.6,25.6,0.141,25.4,clear,large_ev,75,190,2400,half_load,240.7,2640.7,0.52,238.6
9135,15.79,arterial,15.3,2.5,37.5,0.387,30.6,rain,small_ev,24,140,1400,full_load,261.8,1661.8,4.168,264.0
9136,25.64,city,1.1,10.2,9.4,0.368,31.2,clear,large_ev,75,190,2400,full_load,578.8,2978.8,12.099,471.9
9137,5.23,arterial,14.2,3.2,51.0,0.659,36.1,clear,small_ev,24,140,1400,unladen,25.1,1425.1,2.191,419.0
9139,57.4,arterial,81.7,38.9,46.1,0.792,28.5,clear,small_ev,24,140,1400,full_load,289.1,1689.1,23.289,405.8
9140,52.51,highway,27.0,4.7,88.0,0.451,23.8,clear,large_ev,75,190,2400,unladen,2.4,2402.4,41.214,784.9
9141,30.61,arterial,20.8,0.9,46.5,0.253,26.8,clear,large_ev,75,190,2400,half_load,335.7,2735.7,11.654,380.7
9142,10.39,arterial,9.2,12.4,53.5,0.263,37.5,clear,large_ev,75,190,2400,full_load,594.2,2994.2,4.887,470.5
9143,22.82,arterial,26.9,34.2,45.8,0.83,26.4,clear,mid_ev,40,160,1900,full_load,436.0,2336.0,12.303,539.2
9145,160.32,highway,5.7,41.0,101.5,0.539,26.8,clear,small_ev,24,140,1400,unladen,5.0,1405.0,111.382,694.7
9146,4.65,city,1.7,22.8,12.3,0.479,32.9,clear,small_ev,24,140,1400,half_load,152.5,1552.5,1.507,324.5
9147,26.86,highway,29.6,11.6,80.4,0.138,36.5,clear,small_ev,24,140,1400,half_load,128.6,1528.6,13.207,491.6
9148,50.63,highway,24.6,10.7,94.0,0.702,29.7,heavy_rain,mid_ev,40,160,1900,half_load,236.9,2136.9,43.38,856.8
9149,11.97,city,4.6,28.0,17.7,0.371,20.0,clear,large_ev,75,190,2400,unladen,38.8,2438.8,4.377,365.7
9150,4.63,city,0.3,3.9,15.7,0.258,38.8,clear,large_ev,75,190,2400,unladen,25.0,2425.0,1.574,340.1
9151,12.59,city,3.4,6.9,25.5,0.639,24.5,rain,large_ev,75,190,2400,half_load,310.0,2710.0,9.254,734.9
9152,19.52,city,6.4,3.4,16.8,0.225,31.3,heavy_rain,mid_ev,40,160,1900,full_load,391.4,2291.4,5.683,291.1
9155,27.94,highway,11.9,39.6,95.8,0.122,23.6,clear,large_ev,75,190,2400,full_load,547.8,2947.8,21.865,782.6
9156,62.51,highway,34.8,68.7,88.1,0.087,38.0,clear,mid_ev,40,160,1900,half_load,218.0,2118.0,42.399,678.2
9157,8.29,city,25.1,2.7,17.3,0.646,33.8,rain,small_ev,24,140,1400,half_load,172.2,1572.2,3.679,443.6
9158,84.94,highway,18.4,26.5,90.1,0.193,30.9,clear,large_ev,75,190,2400,half_load,287.4,2687.4,64.803,762.9
9160,6.66,city,9.0,7.7,25.4,0.632,35.9,clear,small_ev,24,140,1400,unladen,19.8,1419.8,2.785,418.2
9161,10.99,city,32.0,1.2,20.4,0.501,32.7,rain,mid_ev,40,160,1900,half_load,195.6,2095.6,5.371,488.7
9162,34.91,highway,41.1,20.7,87.5,0.216,33.7,rain,large_ev,75,190,2400,unladen,14.2,2414.2,28.597,819.3
9164,23.38,arterial,8.2,10.1,47.6,0.389,33.8,heavy_rain,large_ev,75,190,2400,unladen,16.9,2416.9,11.518,492.6
9166,46.42,arterial,49.2,18.5,49.5,0.639,20.5,clear,large_ev,75,190,2400,full_load,523.8,2923.8,28.325,610.1
9167,84.73,highway,23.3,42.6,90.6,0.416,30.4,clear,large_ev,75,190,2400,unladen,40.9,2440.9,68.366,806.9
9168,17.63,arterial,11.9,25.1,49.9,0.294,38.2,clear,mid_ev,40,160,1900,unladen,39.3,1939.3,6.157,349.3
9169,5.56,city,2.9,6.1,27.9,0.469,33.9,clear,large_ev,75,190,2400,unladen,52.7,2452.7,3.237,582.6
9171,9.89,city,15.8,9.5,23.7,0.29,27.7,clear,large_ev,75,190,2400,full_load,549.9,2949.9,4.275,432.5
9174,12.09,arterial,0.2,6.0,43.2,0.514,25.1,heavy_rain,small_ev,24,140,1400,full_load,288.5,1688.5,4.08,337.4
9175,81.01,highway,15.7,47.9,77.7,0.058,29.3,clear,mid_ev,40,160,1900,full_load,449.6,2349.6,38.827,479.3
9176,43.78,highway,18.7,34.2,81.4,0.144,32.0,heavy_rain,mid_ev,40,160,1900,full_load,400.4,2300.4,25.644,585.7
9177,10.61,city,4.5,12.9,22.0,0.75,31.4,rain,small_ev,24,140,1400,unladen,18.8,1418.8,4.736,446.6
9180,37.3,arterial,53.2,0.4,31.9,0.342,31.3,clear,small_ev,24,140,1400,half_load,146.5,1546.5,7.696,206.3
9181,5.93,city,1.1,0.0,16.6,0.5,31.1,clear,mid_ev,40,160,1900,full_load,414.3,2314.3,2.821,475.6
9182,1.0,city,0.9,0.2,20.7,0.099,33.7,clear,mid_ev,40,160,1900,full_load,386.6,2286.6,0.21,209.6
9185,2.0,arterial,6.4,2.4,66.0,0.214,32.3,clear,mid_ev,40,160,1900,full_load,402.6,2302.6,0.983,491.4
9186,91.23,highway,32.5,16.6,84.1,0.027,22.3,rain,mid_ev,40,160,1900,full_load,444.1,2344.1,51.327,562.6
9187,14.62,city,9.1,20.5,20.9,0.696,28.8,clear,mid_ev,40,160,1900,unladen,3.0,1903.0,7.841,536.5
9188,24.55,arterial,4.7,9.9,38.8,0.383,26.4,rain,small_ev,24,140,1400,unladen,26.2,1426.2,5.897,240.2
9189,33.87,highway,32.3,23.4,94.9,0.588,29.1,clear,small_ev,24,140,1400,unladen,16.4,1416.4,20.399,602.3
9190,22.69,arterial,28.9,10.6,53.7,0.365,33.0,clear,large_ev,75,190,2400,unladen,50.7,2450.7,10.89,479.9
9191,12.77,city,1.1,16.0,22.0,0.782,26.8,clear,mid_ev,40,160,1900,half_load,235.3,2135.3,8.376,655.8
9192,66.66,highway,69.9,24.6,89.8,0.284,29.3,clear,mid_ev,40,160,1900,full_load,398.5,2298.5,43.956,659.4
9194,16.77,arterial,0.5,5.5,39.7,0.343,33.3,clear,small_ev,24,140,1400,unladen,9.6,1409.6,3.935,234.6
9195,1.39,city,2.3,0.4,24.5,0.509,39.4,clear,small_ev,24,140,1400,half_load,175.2,1575.2,0.515,370.5
9196,63.63,highway,119.9,18.8,99.4,0.346,38.7,clear,large_ev,75,190,2400,half_load,261.5,2661.5,68.266,1072.8
9197,190.48,highway,25.9,122.8,94.6,0.118,40.0,rain,large_ev,75,190,2400,unladen,47.7,2447.7,180.095,945.5
9198,26.24,highway,123.6,0.7,89.0,0.031,31.1,clear,mid_ev,40,160,1900,half_load,204.6,2104.6,17.215,656.1
9200,11.52,arterial,13.2,29.3,54.5,0.113,35.5,clear,mid_ev,40,160,1900,full_load,422.8,2322.8,3.795,329.4
9201,4.93,city,8.4,10.5,27.3,0.804,30.5,clear,small_ev,24,140,1400,half_load,156.5,1556.5,2.591,526.0
9202,1.97,city,15.5,9.6,26.3,0.235,20.0,heavy_rain,small_ev,24,140,1400,full_load,292.8,1692.8,0.52,263.7
9204,4.49,city,10.6,5.3,13.5,0.333,30.3,clear,small_ev,24,140,1400,full_load,276.1,1676.1,1.159,258.4
9206,12.12,arterial,25.4,17.0,35.9,0.316,30.2,heavy_rain,small_ev,24,140,1400,half_load,141.4,1541.4,2.842,234.5
9207,26.11,arterial,1.6,3.8,42.8,0.29,33.1,clear,mid_ev,40,160,1900,half_load,216.3,2116.3,8.279,317.1
9208,51.33,highway,62.4,10.1,101.4,0.126,25.0,clear,small_ev,24,140,1400,full_load,279.8,1679.8,33.661,655.8
9210,23.28,arterial,15.6,9.2,51.6,0.707,31.8,clear,mid_ev,40,160,1900,half_load,199.6,2099.6,11.539,495.7
9211,21.34,arterial,0.4,5.9,54.7,0.335,30.3,rain,mid_ev,40,160,1900,full_load,421.3,2321.3,8.896,416.9
9212,4.09,city,5.8,13.2,23.5,0.575,30.1,heavy_rain,small_ev,24,140,1400,unladen,22.5,1422.5,1.557,380.7
9213,7.07,city,8.7,1.0,22.8,0.724,30.4,rain,small_ev,24,140,1400,full_load,297.9,1697.9,3.694,522.5
9214,9.95,city,3.7,3.6,20.1,0.013,33.8,clear,large_ev,75,190,2400,unladen,11.3,2411.3,1.099,110.4
9215,110.84,highway,3.6,43.1,86.0,0.409,29.7,clear,small_ev,24,140,1400,full_load,289.5,1689.5,60.896,549.4
9216,13.04,arterial,11.0,11.3,39.4,0.116,25.5,clear,mid_ev,40,160,1900,unladen,37.0,1937.0,2.534,194.3
9218,2.32,city,0.7,2.5,18.4,0.626,26.9,rain,mid_ev,40,160,1900,full_load,392.3,2292.3,1.422,612.8
9219,82.18,highway,29.7,1.1,99.7,0.095,30.1,rain,small_ev,24,140,1400,half_load,153.4,1553.4,55.796,678.9
9220,10.93,city,8.2,0.5,19.8,0.356,30.1,clear,mid_ev,40,160,1900,unladen,8.7,1908.7,3.407,311.7
9221,43.39,highway,76.2,23.5,66.6,0.229,31.0,rain,mid_ev,40,160,1900,half_load,201.7,2101.7,17.356,400.0
9222,11.93,arterial,7.5,16.5,35.6,0.64,22.9,clear,large_ev,75,190,2400,full_load,510.2,2910.2,5.782,484.5
9223,23.56,arterial,0.3,36.8,44.7,0.206,29.5,clear,large_ev,75,190,2400,unladen,29.4,2429.4,7.484,317.6
9224,14.42,city,9.7,5.7,11.2,0.723,30.7,clear,large_ev,75,190,2400,full_load,567.8,2967.8,11.988,831.6
9225,27.52,arterial,20.7,47.8,59.5,0.206,32.7,clear,small_ev,24,140,1400,unladen,19.3,1419.3,8.368,304.1
9226,8.68,city,3.0,0.6,5.0,0.426,24.4,clear,mid_ev,40,160,1900,full_load,419.5,2319.5,3.472,399.9
9229,18.03,city,5.1,7.9,21.3,0.67,32.3,heavy_rain,large_ev,75,190,2400,half_load,267.6,2667.6,14.059,779.8
9230,8.57,arterial,7.1,1.5,38.3,0.768,26.8,clear,small_ev,24,140,1400,half_load,176.6,1576.6,2.763,322.3
9231,61.99,highway,24.1,5.8,81.4,0.237,27.5,heavy_rain,small_ev,24,140,1400,full_load,289.4,1689.4,32.478,524.0
9232,23.63,arterial,19.2,9.5,45.4,0.524,42.0,rain,large_ev,75,190,2400,full_load,553.7,2953.7,16.054,679.3
9233,14.95,arterial,38.8,2.2,47.4,0.125,20.3,clear,large_ev,75,190,2400,full_load,547.5,2947.5,4.739,317.0
9234,54.5,highway,59.0,16.8,85.1,0.003,34.9,clear,small_ev,24,140,1400,unladen,7.2,1407.2,28.879,529.8
9235,20.5,city,4.2,5.0,25.8,0.862,35.1,rain,mid_ev,40,160,1900,unladen,32.0,1932.0,14.89,726.4
9236,3.0,city,15.8,3.5,21.6,0.277,23.4,heavy_rain,large_ev,75,190,2400,half_load,301.8,2701.8,1.185,395.0
9237,4.11,arterial,90.3,70.0,47.5,0.525,25.4,clear,small_ev,24,140,1400,half_load,167.0,1567.0,1.556,378.9
9239,8.21,city,2.9,3.6,13.1,0.531,35.5,clear,large_ev,75,190,2400,unladen,46.3,2446.3,4.687,571.0
9240,89.99,highway,0.4,25.2,81.7,0.399,27.1,clear,mid_ev,40,160,1900,half_load,208.8,2108.8,51.278,569.8
9241,49.06,highway,15.6,83.8,85.9,0.063,36.9,clear,large_ev,75,190,2400,half_load,333.0,2733.0,36.602,746.1
9242,30.27,highway,12.5,13.9,101.2,0.603,32.9,clear,large_ev,75,190,2400,full_load,560.1,2960.1,33.814,1117.0
9243,68.08,highway,13.0,93.3,97.2,0.418,36.0,clear,large_ev,75,190,2400,full_load,578.9,2978.9,69.455,1020.1
9244,18.15,arterial,13.8,4.5,42.0,0.839,25.1,clear,mid_ev,40,160,1900,unladen,14.9,1914.9,8.32,458.3
9245,8.71,city,9.7,1.3,12.1,0.702,30.9,clear,large_ev,75,190,2400,full_load,538.8,2938.8,7.061,810.6
9246,2.72,city,12.9,4.2,11.4,0.756,35.5,clear,small_ev,24,140,1400,full_load,276.4,1676.4,1.367,502.7
9247,64.52,highway,3.8,8.8,78.4,0.116,29.2,rain,mid_ev,40,160,1900,half_load,260.2,2160.2,30.871,478.5
9248,3.24,city,8.7,9.7,14.7,0.311,30.4,clear,mid_ev,40,160,1900,unladen,2.4,1902.4,0.896,276.5
9250,48.39,highway,120.7,8.4,100.2,0.148,36.4,rain,large_ev,75,190,2400,full_load,511.8,2911.8,51.256,1059.2
9251,7.62,city,8.4,11.2,32.4,0.643,33.0,clear,small_ev,24,140,1400,full_load,287.3,1687.3,3.842,504.3
9252,65.05,highway,95.6,18.9,102.4,0.006,30.4,clear,small_ev,24,140,1400,unladen,11.9,1411.9,41.716,641.3
9253,97.29,highway,36.2,23.6,81.9,0.356,35.3,clear,mid_ev,40,160,1900,full_load,411.4,2311.4,62.2,639.3
9255,9.02,arterial,44.0,0.4,60.7,0.795,38.4,clear,mid_ev,40,160,1900,half_load,207.9,2107.9,7.247,803.3
9256,4.86,city,7.3,1.9,26.3,0.492,25.7,clear,mid_ev,40,160,1900,half_load,201.9,2101.9,2.172,447.3
9257,14.19,city,35.3,6.3,22.9,0.73,24.0,clear,mid_ev,40,160,1900,unladen,22.1,1922.1,7.908,557.2
9258,5.89,city,4.1,0.1,17.4,0.606,33.3,clear,small_ev,24,140,1400,full_load,275.7,1675.7,2.69,456.5
9259,20.34,highway,42.0,9.0,85.8,0.113,38.9,rain,large_ev,75,190,2400,full_load,522.7,2922.7,18.212,895.4
9260,18.96,city,0.8,0.9,26.5,0.373,31.1,rain,mid_ev,40,160,1900,full_load,425.4,2325.4,7.944,418.9
9261,10.79,arterial,39.9,6.6,55.1,0.59,32.0,clear,large_ev,75,190,2400,half_load,294.7,2694.7,6.757,626.2
9262,6.86,city,13.0,7.2,19.9,0.249,26.9,clear,large_ev,75,190,2400,unladen,44.9,2444.9,2.115,308.5
9263,6.69,city,12.2,15.1,19.2,0.847,35.8,clear,mid_ev,40,160,1900,half_load,206.2,2106.2,4.949,740.1
9264,23.2,highway,11.8,9.0,110.3,0.114,35.0,clear,small_ev,24,140,1400,half_load,142.7,1542.7,19.424,837.3
9265,20.55,arterial,17.5,37.3,56.2,0.67,22.5,clear,large_ev,75,190,2400,full_load,560.8,2960.8,13.081,636.7
9266,8.88,city,3.8,1.3,32.0,0.459,31.4,clear,small_ev,24,140,1400,unladen,4.4,1404.4,2.842,319.9
9268,26.27,highway,30.8,0.9,79.2,0.07,33.4,clear,mid_ev,40,160,1900,half_load,263.4,2163.4,13.786,524.7
9269,8.67,city,3.4,20.1,24.3,0.728,31.4,clear,mid_ev,40,160,1900,unladen,16.8,1916.8,4.814,555.0
9270,82.28,highway,43.0,23.8,69.5,0.587,28.9,clear,small_ev,24,140,1400,half_load,172.8,1572.8,32.014,389.1
9271,11.71,arterial,4.9,3.3,48.9,0.369,31.2,rain,mid_ev,40,160,1900,full_load,401.8,2301.8,4.583,391.4
9272,28.36,highway,65.0,17.0,87.4,0.374,37.2,clear,small_ev,24,140,1400,full_load,293.2,1693.2,16.805,592.6
9273,28.93,city,19.9,3.7,17.2,0.561,21.0,clear,mid_ev,40,160,1900,full_load,403.7,2303.7,14.28,493.7
9274,22.96,highway,28.3,9.9,81.1,0.055,31.4,heavy_rain,small_ev,24,140,1400,unladen,6.1,1406.1,10.623,462.7
9275,8.52,city,7.5,11.6,22.7,0.653,24.9,rain,mid_ev,40,160,1900,unladen,12.5,1912.5,4.237,497.2
9276,13.87,city,12.8,3.8,23.2,0.768,27.7,clear,large_ev,75,190,2400,full_load,581.3,2981.3,12.555,904.9
9277,28.82,highway,38.7,41.6,74.4,0.101,31.1,heavy_rain,mid_ev,40,160,1900,unladen,35.1,1935.1,14.12,489.9
9278,29.04,arterial,13.0,1.9,41.8,0.539,32.1,clear,small_ev,24,140,1400,half_load,147.7,1547.7,8.966,308.8
9279,29.69,city,14.4,10.4,26.7,0.762,32.1,clear,small_ev,24,140,1400,half_load,175.3,1575.3,15.545,523.5
9280,2.94,city,24.9,11.0,18.1,0.889,26.3,clear,large_ev,75,190,2400,half_load,269.5,2669.5,2.798,950.9
9281,88.76,highway,45.1,97.7,107.2,0.352,32.5,clear,small_ev,24,140,1400,unladen,23.8,1423.8,68.492,771.6
9282,4.69,city,3.1,34.1,10.7,0.592,26.8,clear,small_ev,24,140,1400,half_load,163.4,1563.4,1.634,348.5
9283,2.0,arterial,12.6,28.9,48.7,0.414,21.1,rain,small_ev,24,140,1400,unladen,7.2,1407.2,0.567,283.5
9284,85.96,highway,2.2,0.6,77.8,0.082,25.4,clear,small_ev,24,140,1400,full_load,279.5,1679.5,34.361,399.7
9285,51.06,highway,4.9,2.0,88.0,0.059,23.8,clear,small_ev,24,140,1400,unladen,3.0,1403.0,24.513,480.1
9286,42.97,highway,21.6,85.8,65.8,0.112,31.1,clear,large_ev,75,190,2400,half_load,355.1,2755.1,18.402,428.2
9287,8.24,city,14.4,2.4,24.3,0.712,22.0,clear,mid_ev,40,160,1900,unladen,12.1,1912.1,4.429,537.6
9288,124.63,highway,70.3,20.9,77.8,0.02,30.8,rain,large_ev,75,190,2400,full_load,586.6,2986.6,72.382,580.8
9289,11.29,highway,91.5,4.9,90.1,0.026,37.5,clear,mid_ev,40,160,1900,half_load,220.5,2120.5,8.067,714.3
9290,14.52,arterial,0.8,1.7,46.3,0.229,30.7,heavy_rain,large_ev,75,190,2400,half_load,344.0,2744.0,5.95,409.6
9291,2.2,city,0.2,11.3,27.2,0.604,26.7,clear,mid_ev,40,160,1900,half_load,195.6,2095.6,1.159,525.8
9292,103.32,highway,100.4,15.2,75.7,0.007,29.8,clear,small_ev,24,140,1400,half_load,159.2,1559.2,38.26,370.3
9294,27.91,arterial,91.9,33.4,47.4,0.319,39.5,rain,small_ev,24,140,1400,unladen,23.8,1423.8,9.211,330.0
9296,6.97,city,28.6,16.2,30.9,0.377,28.0,clear,large_ev,75,190,2400,full_load,510.1,2910.1,3.95,566.8
9297,45.09,highway,21.7,30.6,90.7,0.224,22.7,clear,mid_ev,40,160,1900,half_load,206.7,2106.7,26.865,595.8
9298,60.46,highway,30.9,36.1,86.0,0.234,31.1,clear,mid_ev,40,160,1900,unladen,22.2,1922.2,35.391,585.4
9299,4.09,city,3.1,59.0,23.9,0.894,28.9,heavy_rain,small_ev,24,140,1400,unladen,7.0,1407.0,2.06,503.2
9302,1.42,city,41.8,0.1,22.0,0.345,31.0,clear,large_ev,75,190,2400,unladen,26.5,2426.5,0.909,639.3
9303,10.71,arterial,27.3,55.9,41.0,0.205,37.6,clear,mid_ev,40,160,1900,unladen,1.4,1901.4,2.732,255.0
9304,35.4,highway,14.1,9.7,94.4,0.142,30.8,clear,small_ev,24,140,1400,unladen,24.3,1424.3,21.729,613.7
9305,99.43,highway,150.5,26.1,77.2,0.489,37.6,clear,small_ev,24,140,1400,half_load,148.4,1548.4,50.035,503.2
9306,18.34,arterial,15.0,54.2,37.3,0.131,34.3,clear,large_ev,75,190,2400,unladen,52.5,2452.5,4.623,252.1
9307,43.09,arterial,3.5,1.3,50.3,0.515,25.0,clear,small_ev,24,140,1400,full_load,260.0,1660.0,14.945,346.9
9308,2.11,city,23.5,40.4,23.5,0.652,35.0,clear,small_ev,24,140,1400,half_load,131.0,1531.0,0.888,420.4
9309,37.48,arterial,15.1,0.9,37.2,0.329,34.9,clear,mid_ev,40,160,1900,half_load,183.2,2083.2,11.189,298.5
9310,31.27,highway,37.9,13.0,93.7,0.201,33.5,clear,mid_ev,40,160,1900,half_load,244.5,2144.5,22.252,711.5
9311,91.79,highway,26.8,54.4,81.6,0.194,28.4,clear,small_ev,24,140,1400,full_load,270.8,1670.8,42.329,461.2
9312,55.07,highway,21.1,108.3,79.9,0.015,36.5,clear,large_ev,75,190,2400,unladen,24.9,2424.9,36.373,660.5
9313,35.04,arterial,18.8,8.3,61.7,0.243,29.7,clear,large_ev,75,190,2400,full_load,534.0,2934.0,17.795,507.8
9314,6.48,city,5.2,7.6,29.4,0.54,28.6,clear,small_ev,24,140,1400,half_load,154.2,1554.2,2.431,375.0
9315,68.63,highway,19.0,29.0,86.7,0.131,40.0,clear,small_ev,24,140,1400,unladen,4.0,1404.0,38.619,562.8
9316,18.52,arterial,82.8,9.9,40.4,0.034,32.1,clear,mid_ev,40,160,1900,full_load,403.4,2303.4,4.175,225.5
9317,13.55,city,29.3,4.3,19.0,0.643,38.1,clear,large_ev,75,190,2400,full_load,583.0,2983.0,12.216,901.8
9318,43.2,highway,6.7,4.9,89.7,0.021,32.7,clear,large_ev,75,190,2400,half_load,309.1,2709.1,33.388,772.9
9319,45.22,highway,73.5,25.6,79.3,0.058,31.6,clear,mid_ev,40,160,1900,unladen,5.5,1905.5,21.393,473.1
9322,9.47,city,13.5,3.3,7.3,0.233,32.3,clear,small_ev,24,140,1400,full_load,264.0,1664.0,1.786,188.6
9323,28.26,arterial,0.7,4.3,49.7,0.187,30.7,clear,small_ev,24,140,1400,full_load,269.9,1669.9,7.498,265.3
9324,82.9,highway,25.0,21.8,83.6,0.411,31.1,rain,mid_ev,40,160,1900,half_load,210.6,2110.6,56.169,677.6
9325,21.85,arterial,22.6,7.1,47.3,0.465,35.1,clear,small_ev,24,140,1400,unladen,25.2,1425.2,7.118,325.7
9326,118.52,highway,3.3,94.9,81.2,0.059,35.3,clear,mid_ev,40,160,1900,unladen,32.2,1932.2,63.354,534.5
9327,118.14,highway,40.5,5.6,64.3,0.14,42.0,heavy_rain,large_ev,75,190,2400,full_load,560.0,2960.0,70.419,596.0
9328,68.14,arterial,4.7,6.1,33.8,0.301,34.4,rain,mid_ev,40,160,1900,unladen,15.2,1915.2,16.944,248.7
9329,13.18,arterial,2.6,7.1,43.2,0.178,31.1,rain,mid_ev,40,160,1900,full_load,441.9,2341.9,3.774,286.3
9331,5.91,city,20.5,0.9,21.8,0.703,29.1,clear,large_ev,75,190,2400,half_load,242.0,2642.0,4.48,757.8
9332,28.45,city,1.7,1.8,22.2,0.738,35.7,clear,small_ev,24,140,1400,unladen,20.1,1420.1,13.285,467.0
9334,47.48,highway,41.6,2.1,88.4,0.234,29.3,clear,mid_ev,40,160,1900,unladen,7.6,1907.6,28.81,606.7
9338,96.08,highway,7.2,37.8,86.9,0.051,31.4,clear,small_ev,24,140,1400,unladen,14.4,1414.4,46.859,487.7
9340,74.46,highway,19.8,38.0,82.4,0.054,31.0,clear,large_ev,75,190,2400,unladen,47.3,2447.3,49.589,666.0
9342,26.89,arterial,21.2,3.2,40.6,0.502,30.5,rain,large_ev,75,190,2400,unladen,6.0,2406.0,11.078,412.0
9344,14.43,city,2.1,7.0,26.9,0.538,31.8,rain,mid_ev,40,160,1900,full_load,426.1,2326.1,8.5,589.2
9345,4.12,arterial,0.8,14.1,36.6,0.294,39.5,clear,mid_ev,40,160,1900,full_load,425.7,2325.7,1.302,315.9
9346,4.71,city,0.6,30.5,15.9,0.495,25.9,clear,large_ev,75,190,2400,half_load,345.2,2745.2,2.592,550.2
9347,7.11,city,3.5,5.1,21.1,0.62,20.0,clear,small_ev,24,140,1400,full_load,279.8,1679.8,3.012,423.9
9350,16.01,city,7.2,3.5,22.1,0.612,35.3,clear,mid_ev,40,160,1900,full_load,418.5,2318.5,10.192,636.7
9351,38.4,arterial,11.5,3.4,43.7,0.567,33.6,clear,large_ev,75,190,2400,full_load,559.3,2959.3,23.428,610.1
9352,46.94,highway,11.4,0.9,101.5,0.1,34.9,clear,large_ev,75,190,2400,full_load,585.0,2985.0,48.991,1043.7
9353,50.11,highway,9.0,4.1,93.3,0.396,25.8,clear,small_ev,24,140,1400,full_load,271.9,1671.9,29.332,585.4
9354,31.01,arterial,6.1,23.8,48.6,0.67,31.5,clear,mid_ev,40,160,1900,full_load,430.5,2330.5,17.003,548.3
9355,31.83,arterial,0.1,12.9,34.2,0.444,29.4,clear,mid_ev,40,160,1900,full_load,418.0,2318.0,10.204,320.6
9358,3.92,city,3.0,27.2,16.9,0.881,24.6,clear,mid_ev,40,160,1900,unladen,9.2,1909.2,2.345,597.6
9359,7.24,city,1.3,0.5,24.6,0.571,25.0,clear,mid_ev,40,160,1900,unladen,34.1,1934.1,3.161,436.6
9361,11.49,arterial,23.8,3.0,37.2,0.34,20.7,clear,small_ev,24,140,1400,unladen,21.5,1421.5,2.331,203.0
9363,4.04,arterial,50.6,6.3,43.9,0.779,20.6,rain,mid_ev,40,160,1900,half_load,192.4,2092.4,2.196,542.9
9365,102.89,highway,23.8,172.9,80.9,0.236,30.7,heavy_rain,small_ev,24,140,1400,unladen,11.4,1411.4,51.271,498.3
9366,16.57,arterial,11.1,0.7,52.3,0.534,30.8,clear,mid_ev,40,160,1900,half_load,201.0,2101.0,7.607,459.0
9367,76.65,highway,43.5,51.0,75.5,0.183,32.7,clear,mid_ev,40,160,1900,half_load,223.5,2123.5,38.276,499.4
9368,21.34,highway,38.1,35.5,92.5,0.434,35.4,clear,mid_ev,40,160,1900,half_load,189.8,2089.8,16.399,768.3
9370,3.68,arterial,12.5,7.9,48.2,0.393,34.2,clear,mid_ev,40,160,1900,unladen,17.3,1917.3,1.382,375.6
9371,4.12,city,6.4,8.0,18.0,0.709,30.6,clear,large_ev,75,190,2400,full_load,523.6,2923.6,3.303,802.0
9372,9.22,city,2.8,18.2,25.4,0.297,34.1,rain,large_ev,75,190,2400,unladen,14.2,2414.2,3.566,386.6
9373,14.29,arterial,32.6,8.6,49.1,0.377,35.8,clear,large_ev,75,190,2400,half_load,315.3,2715.3,7.416,519.0
9374,26.41,arterial,20.5,1.9,51.6,0.028,36.8,clear,small_ev,24,140,1400,unladen,24.8,1424.8,5.768,218.4
9375,8.98,arterial,38.3,31.8,41.5,0.488,29.7,clear,small_ev,24,140,1400,half_load,131.5,1531.5,2.668,297.2
9376,25.53,highway,77.2,72.8,99.8,0.226,37.7,clear,small_ev,24,140,1400,full_load,296.5,1696.5,20.631,808.0
9377,52.02,arterial,68.1,4.9,37.4,0.356,24.6,clear,small_ev,24,140,1400,half_load,123.0,1523.0,11.397,219.1
9378,16.57,arterial,19.8,28.5,48.8,0.693,30.7,clear,mid_ev,40,160,1900,unladen,17.9,1917.9,7.488,451.8
9380,6.23,city,11.7,11.2,28.2,0.44,27.8,clear,small_ev,24,140,1400,unladen,3.3,1403.3,1.79,287.3
9381,8.73,arterial,20.0,7.6,31.2,0.589,28.4,clear,large_ev,75,190,2400,unladen,42.9,2442.9,3.644,417.5
9382,97.53,highway,45.5,46.4,102.6,0.227,34.6,rain,large_ev,75,190,2400,unladen,35.6,2435.6,108.274,1110.1
9383,36.27,highway,26.2,17.8,87.4,0.121,38.8,clear,mid_ev,40,160,1900,unladen,29.2,1929.2,23.565,649.7
9384,7.44,city,11.2,2.0,22.3,0.479,34.7,clear,large_ev,75,190,2400,half_load,274.1,2674.1,4.41,592.7
9387,11.74,city,2.0,9.7,21.6,0.701,29.9,clear,mid_ev,40,160,1900,half_load,264.0,2164.0,7.117,605.9
9388,47.61,highway,56.0,23.1,81.5,0.306,31.4,clear,small_ev,24,140,1400,full_load,295.5,1695.5,23.968,503.4
9389,52.4,highway,3.1,77.8,85.5,0.418,33.0,heavy_rain,mid_ev,40,160,1900,full_load,447.3,2347.3,37.839,722.1
9391,74.9,highway,29.3,23.5,74.3,0.062,27.8,clear,large_ev,75,190,2400,unladen,3.1,2403.1,37.852,505.3
9392,6.44,city,1.3,0.0,19.2,0.838,26.7,clear,mid_ev,40,160,1900,unladen,16.0,1916.0,4.05,628.5
9393,40.93,highway,1.8,22.2,83.2,0.216,35.2,heavy_rain,small_ev,24,140,1400,half_load,179.4,1579.4,23.291,569.1
9394,43.27,highway,11.8,4.6,81.2,0.031,29.1,rain,large_ev,75,190,2400,full_load,543.2,2943.2,27.513,635.8
9396,12.34,highway,39.5,22.3,87.3,0.292,32.9,rain,large_ev,75,190,2400,unladen,41.2,2441.2,9.312,754.8
9397,31.46,highway,32.7,26.0,75.1,0.411,30.6,clear,large_ev,75,190,2400,full_load,572.2,2972.2,18.918,601.4
9399,7.78,city,9.9,10.4,25.5,0.591,26.9,heavy_rain,mid_ev,40,160,1900,half_load,217.4,2117.4,4.529,582.1
9401,6.02,city,1.4,18.5,30.3,0.336,27.7,clear,small_ev,24,140,1400,unladen,23.7,1423.7,1.486,246.7
9402,4.94,city,4.5,25.5,28.6,0.179,36.6,clear,large_ev,75,190,2400,unladen,57.1,2457.1,1.665,337.1
9403,31.31,highway,13.4,3.8,86.5,0.181,26.1,clear,mid_ev,40,160,1900,unladen,19.2,1919.2,18.794,600.3
9405,2.23,city,5.3,1.5,14.2,0.759,29.2,rain,large_ev,75,190,2400,unladen,8.1,2408.1,1.754,786.3
9406,2.34,city,16.0,16.1,21.4,0.665,42.0,clear,mid_ev,40,160,1900,full_load,435.1,2335.1,1.809,773.7
9407,29.1,arterial,30.5,11.4,37.4,0.629,33.8,heavy_rain,mid_ev,40,160,1900,unladen,18.3,1918.3,12.171,418.2
9408,81.68,highway,13.8,69.6,79.8,0.183,35.8,rain,mid_ev,40,160,1900,full_load,432.6,2332.6,51.995,636.5
9409,21.5,arterial,1.2,73.4,43.5,0.742,29.6,clear,small_ev,24,140,1400,unladen,27.1,1427.1,7.849,365.0
9410,32.05,highway,57.4,29.9,87.4,0.147,25.5,rain,large_ev,75,190,2400,full_load,543.7,2943.7,23.545,734.6
9411,7.59,city,3.2,5.4,24.8,0.458,26.2,clear,small_ev,24,140,1400,full_load,256.4,1656.4,2.5,329.6
9412,4.53,city,22.6,1.0,18.5,0.277,23.7,clear,large_ev,75,190,2400,half_load,282.9,2682.9,1.795,396.0
9414,56.45,highway,54.1,5.2,86.0,0.122,34.5,clear,large_ev,75,190,2400,full_load,519.6,2919.6,41.766,739.9
9415,71.95,highway,70.5,82.4,86.1,0.487,25.9,clear,large_ev,75,190,2400,half_load,274.5,2674.5,53.131,738.5
9416,152.8,highway,3.1,4.5,103.4,0.46,36.6,clear,mid_ev,40,160,1900,full_load,415.8,2315.8,140.106,916.9
9418,29.93,arterial,10.9,24.3,32.8,0.323,35.0,clear,mid_ev,40,160,1900,half_load,246.9,2146.9,8.256,275.9
9419,65.92,highway,32.2,37.2,94.4,0.253,31.0,clear,mid_ev,40,160,1900,full_load,445.7,2345.7,47.327,717.9
9420,6.48,city,0.5,2.9,21.4,0.497,20.4,rain,small_ev,24,140,1400,half_load,131.5,1531.5,2.114,326.2
9421,5.4,city,3.3,10.9,23.9,0.443,39.8,rain,mid_ev,40,160,1900,half_load,240.9,2140.9,2.645,489.7
9423,10.63,arterial,24.9,45.4,39.8,0.225,20.0,clear,mid_ev,40,160,1900,half_load,190.4,2090.4,2.691,253.1
9424,10.83,city,2.3,1.9,21.6,0.457,36.1,rain,mid_ev,40,160,1900,unladen,42.3,1942.3,4.702,434.0
9426,14.46,arterial,19.4,17.5,50.0,0.33,29.5,rain,large_ev,75,190,2400,half_load,276.0,2676.0,6.469,447.4
9428,19.25,arterial,10.0,50.4,43.9,0.444,25.7,clear,large_ev,75,190,2400,half_load,329.4,2729.4,8.483,440.8
9429,5.82,city,12.7,2.1,18.8,0.614,42.0,clear,large_ev,75,190,2400,half_load,357.6,2757.6,4.874,838.1
9430,3.91,city,1.4,7.7,21.2,0.482,28.0,clear,small_ev,24,140,1400,unladen,24.9,1424.9,1.14,291.7
9432,47.32,highway,41.4,38.6,84.0,0.162,40.3,rain,large_ev,75,190,2400,unladen,37.7,2437.7,38.427,812.0
9433,9.48,city,22.7,10.9,16.8,0.242,24.7,rain,small_ev,24,140,1400,unladen,28.7,1428.7,1.772,186.9
9434,31.5,arterial,6.5,30.5,46.4,0.53,39.5,heavy_rain,mid_ev,40,160,1900,half_load,191.0,2091.0,15.858,503.4
9435,109.3,highway,30.8,77.3,69.7,0.265,36.4,clear,mid_ev,40,160,1900,full_load,430.5,2330.5,50.417,461.3
9436,34.24,arterial,12.7,38.7,48.5,0.512,27.0,clear,large_ev,75,190,2400,half_load,310.7,2710.7,16.74,489.0
9437,71.33,highway,12.5,3.3,89.2,0.555,22.7,rain,large_ev,75,190,2400,unladen,48.0,2448.0,56.279,789.0
9438,39.98,arterial,5.5,48.3,44.2,0.761,34.8,clear,small_ev,24,140,1400,unladen,14.2,1414.2,15.51,387.9
9439,29.52,arterial,18.9,20.8,52.1,0.395,36.6,clear,small_ev,24,140,1400,unladen,28.1,1428.1,10.019,339.4
9440,56.62,arterial,1.9,11.7,46.3,0.339,29.4,clear,small_ev,24,140,1400,full_load,278.6,1678.6,16.069,283.8
9441,61.18,highway,6.3,2.4,58.6,0.162,25.5,clear,large_ev,75,190,2400,unladen,11.0,2411.0,20.773,339.6
9443,22.42,arterial,12.4,25.8,34.5,0.635,32.4,rain,large_ev,75,190,2400,half_load,246.9,2646.9,11.6,517.4
9445,79.01,highway,66.5,17.8,91.8,0.087,35.6,clear,small_ev,24,140,1400,full_load,272.7,1672.7,47.007,594.9
9446,55.59,arterial,20.5,23.7,34.9,0.389,33.2,clear,mid_ev,40,160,1900,half_load,189.2,2089.2,17.068,307.0
9447,15.23,city,1.6,1.5,19.0,0.781,35.3,rain,mid_ev,40,160,1900,half_load,245.6,2145.6,10.755,706.2
9448,2.54,city,22.6,0.2,21.3,0.656,29.2,rain,large_ev,75,190,2400,half_load,271.6,2671.6,2.055,808.5
9449,141.37,highway,13.7,14.2,88.9,0.276,25.7,heavy_rain,small_ev,24,140,1400,unladen,6.6,1406.6,79.832,564.7
9451,25.61,highway,15.1,13.4,92.5,0.214,32.3,clear,small_ev,24,140,1400,half_load,136.0,1536.0,15.856,619.2
9452,19.89,city,14.6,8.9,20.8,0.602,26.5,clear,large_ev,75,190,2400,full_load,536.3,2936.3,14.267,717.4
9454,138.18,highway,28.0,24.7,99.3,0.15,35.3,clear,mid_ev,40,160,1900,unladen,6.6,1906.6,109.25,790.6
9456,9.95,city,10.2,15.2,8.8,0.496,28.2,heavy_rain,small_ev,24,140,1400,full_load,279.3,1679.3,3.546,356.4
9457,29.97,highway,65.9,17.4,81.9,0.067,29.9,clear,mid_ev,40,160,1900,full_load,408.8,2308.8,16.726,558.2
9458,6.8,city,8.1,11.6,15.8,0.832,29.0,heavy_rain,mid_ev,40,160,1900,full_load,385.8,2285.8,5.282,777.3
9459,61.37,arterial,8.7,6.3,50.0,0.315,31.2,rain,large_ev,75,190,2400,unladen,53.4,2453.4,26.559,432.8
9460,10.07,arterial,9.8,6.4,61.2,0.562,31.6,clear,large_ev,75,190,2400,half_load,351.1,2751.1,6.804,676.0
9461,3.04,city,8.8,5.6,14.6,0.465,34.7,rain,large_ev,75,190,2400,full_load,510.1,2910.1,1.939,638.6
9463,3.29,city,1.3,5.6,25.2,0.637,26.4,clear,small_ev,24,140,1400,half_load,144.8,1544.8,1.35,410.7
9465,1.0,city,8.6,10.2,24.1,0.611,34.7,clear,small_ev,24,140,1400,unladen,22.4,1422.4,0.412,412.1
9466,8.01,city,1.9,1.4,13.0,0.816,30.3,clear,small_ev,24,140,1400,full_load,259.8,1659.8,3.964,494.9
9467,8.62,city,1.4,13.5,16.1,0.805,38.6,clear,mid_ev,40,160,1900,full_load,409.2,2309.2,6.837,792.8
9468,12.31,arterial,0.7,9.4,58.8,0.286,26.6,clear,large_ev,75,190,2400,half_load,277.4,2677.4,5.7,463.2
9469,13.58,city,1.4,7.8,25.6,0.652,27.3,clear,small_ev,24,140,1400,full_load,260.3,1660.3,6.046,445.2
9473,60.91,highway,9.9,87.5,75.7,0.152,31.9,clear,small_ev,24,140,1400,full_load,292.3,1692.3,23.948,393.2
9475,13.86,city,13.6,10.2,18.2,0.616,28.3,clear,large_ev,75,190,2400,half_load,315.6,2715.6,9.18,662.5
9476,80.86,highway,4.4,24.0,106.1,0.024,33.8,clear,small_ev,24,140,1400,half_load,172.1,1572.1,59.065,730.5
9477,21.36,arterial,27.4,0.1,48.6,0.477,30.6,clear,small_ev,24,140,1400,full_load,267.5,1667.5,7.497,350.9
9478,28.73,arterial,1.7,39.9,20.0,0.066,37.4,clear,large_ev,75,190,2400,full_load,595.6,2995.6,4.845,168.7
9479,86.15,highway,88.4,25.4,66.9,0.204,38.5,clear,mid_ev,40,160,1900,half_load,256.9,2156.9,39.619,459.9
9480,8.69,arterial,14.2,4.0,38.6,0.391,30.8,rain,small_ev,24,140,1400,full_load,297.7,1697.7,2.296,264.1
9482,5.46,city,3.1,0.5,28.3,0.44,32.3,rain,large_ev,75,190,2400,full_load,582.0,2982.0,3.499,640.3
9483,127.37,highway,0.1,26.1,99.0,0.295,31.4,clear,large_ev,75,190,2400,full_load,591.2,2991.2,125.815,987.8
9484,109.21,highway,17.6,124.0,80.4,0.318,23.8,rain,large_ev,75,190,2400,unladen,46.7,2446.7,71.872,658.1
9485,3.54,city,1.0,0.1,23.8,0.888,28.4,clear,large_ev,75,190,2400,half_load,327.7,2727.7,3.317,937.8
9486,21.03,arterial,10.7,19.1,36.3,0.361,25.2,rain,large_ev,75,190,2400,unladen,12.0,2412.0,7.034,334.5
9487,21.71,arterial,13.6,15.9,50.7,0.685,36.3,rain,small_ev,24,140,1400,full_load,278.7,1678.7,10.073,463.9
9488,89.84,highway,73.7,40.8,88.6,0.116,34.8,clear,large_ev,75,190,2400,half_load,294.1,2694.1,69.4,772.5
9489,18.77,arterial,25.0,72.5,38.9,0.607,36.0,clear,large_ev,75,190,2400,unladen,11.8,2411.8,9.447,503.3
9490,105.48,highway,22.1,33.3,87.8,0.245,31.0,clear,small_ev,24,140,1400,half_load,176.9,1576.9,55.984,530.8
9491,10.35,city,0.4,6.1,26.5,0.583,23.9,clear,small_ev,24,140,1400,half_load,133.1,1533.1,3.8,367.3
9492,89.34,highway,48.5,18.8,87.4,0.436,27.3,clear,mid_ev,40,160,1900,full_load,386.9,2286.9,54.191,606.6
9493,8.2,city,7.5,1.9,28.0,0.451,37.2,rain,large_ev,75,190,2400,full_load,519.9,2919.9,5.862,714.7
9494,127.01,highway,58.5,51.7,78.0,0.201,28.1,clear,large_ev,75,190,2400,half_load,340.2,2740.2,75.566,594.9
9496,5.65,city,6.8,7.9,25.0,0.654,32.1,rain,small_ev,24,140,1400,full_load,258.5,1658.5,2.801,496.2
9497,8.83,city,4.3,3.7,19.4,0.257,26.3,clear,small_ev,24,140,1400,unladen,11.3,1411.3,1.498,169.7
9499,4.22,arterial,2.1,15.4,43.8,0.39,27.8,clear,small_ev,24,140,1400,half_load,123.2,1523.2,1.087,257.8
9500,7.79,arterial,36.1,15.4,37.3,0.323,35.0,clear,large_ev,75,190,2400,unladen,9.7,2409.7,2.884,370.1
9501,11.51,city,12.2,0.5,20.9,0.752,35.4,clear,mid_ev,40,160,1900,full_load,445.0,2345.0,8.516,740.1
9502,41.04,arterial,10.5,16.9,33.0,0.27,31.9,clear,large_ev,75,190,2400,unladen,39.2,2439.2,11.096,270.4
9503,95.19,highway,38.1,10.5,91.6,0.063,33.8,clear,large_ev,75,190,2400,unladen,14.3,2414.3,73.151,768.5
9504,57.83,highway,62.2,32.6,78.0,0.029,38.0,clear,large_ev,75,190,2400,full_load,559.7,2959.7,38.083,658.5
9505,20.7,arterial,54.2,4.9,47.2,0.305,21.1,clear,large_ev,75,190,2400,unladen,50.8,2450.8,7.857,379.6
9506,3.62,city,2.0,7.4,23.4,0.843,34.2,clear,large_ev,75,190,2400,half_load,252.7,2652.7,3.396,938.6
9507,1.86,city,4.2,3.1,12.5,0.932,31.4,clear,small_ev,24,140,1400,half_load,137.5,1537.5,1.01,541.9
9508,9.57,city,20.8,1.9,21.9,0.422,27.4,clear,mid_ev,40,160,1900,unladen,22.6,1922.6,3.621,378.3
9509,61.09,highway,17.6,9.8,64.1,0.021,27.5,clear,small_ev,24,140,1400,unladen,25.1,1425.1,16.36,267.8
9510,62.55,highway,53.3,26.5,73.2,0.037,34.0,rain,large_ev,75,190,2400,half_load,330.1,2730.1,35.526,568.0
9511,155.39,highway,36.3,54.9,76.9,0.241,25.1,clear,small_ev,24,140,1400,unladen,24.2,1424.2,60.628,390.2
9512,14.42,city,14.1,3.1,25.9,0.286,25.0,clear,large_ev,75,190,2400,unladen,15.1,2415.1,5.006,347.2
9513,43.19,highway,1.0,6.9,92.3,0.548,24.7,heavy_rain,large_ev,75,190,2400,half_load,272.8,2672.8,39.4,912.2
9515,4.79,city,0.6,11.9,19.8,0.288,21.6,rain,mid_ev,40,160,1900,half_load,253.1,2153.1,1.42,296.6
9516,81.5,highway,59.5,25.6,83.7,0.041,25.3,clear,small_ev,24,140,1400,full_load,295.9,1695.9,36.237,444.7
9517,2.42,city,2.3,19.0,17.5,0.701,20.0,clear,mid_ev,40,160,1900,full_load,395.5,2295.5,1.472,609.3
9519,5.34,city,0.3,0.4,31.3,0.516,28.2,clear,mid_ev,40,160,1900,unladen,17.0,1917.0,2.348,439.2
9520,35.15,arterial,16.9,27.1,58.5,0.555,33.4,clear,small_ev,24,140,1400,full_load,297.4,1697.4,15.796,449.4
9521,121.68,highway,24.0,47.8,86.2,0.056,41.6,rain,small_ev,24,140,1400,full_load,274.2,1674.2,74.736,614.2
9523,60.43,highway,12.6,13.9,77.8,0.265,38.5,rain,small_ev,24,140,1400,full_load,284.5,1684.5,30.268,500.9
9524,13.1,arterial,3.4,6.4,39.1,0.425,36.9,clear,mid_ev,40,160,1900,full_load,433.9,2333.9,5.01,382.5
9525,12.92,city,31.3,3.8,13.9,0.757,22.4,clear,large_ev,75,190,2400,unladen,48.6,2448.6,8.266,639.8
9526,75.46,highway,39.4,10.1,74.2,0.032,31.4,clear,small_ev,24,140,1400,full_load,282.1,1682.1,32.063,424.9
9527,1.0,city,5.5,5.8,11.6,0.484,24.5,clear,large_ev,75,190,2400,half_load,306.1,2706.1,0.532,532.2
9528,16.46,arterial,16.0,2.2,46.5,0.23,35.1,clear,large_ev,75,190,2400,unladen,52.0,2452.0,6.253,379.8
9529,142.53,highway,4.7,237.7,85.6,0.222,33.5,clear,mid_ev,40,160,1900,full_load,384.0,2284.0,89.361,627.0
9530,8.1,city,0.4,23.4,23.0,0.446,25.5,clear,mid_ev,40,160,1900,half_load,204.5,2104.5,3.181,392.6
9531,2.0,arterial,0.8,47.8,30.4,0.409,36.4,clear,small_ev,24,140,1400,half_load,154.4,1554.4,0.428,214.0
9532,55.57,highway,55.1,47.5,86.8,0.526,28.4,heavy_rain,mid_ev,40,160,1900,full_load,390.1,2290.1,40.642,731.3
9533,48.29,arterial,4.0,5.1,27.2,0.176,29.2,rain,mid_ev,40,160,1900,half_load,212.2,2112.2,8.376,173.5
9534,82.43,highway,3.8,5.0,90.7,0.331,27.9,clear,mid_ev,40,160,1900,full_load,414.1,2314.1,53.207,645.4
9535,40.4,highway,16.9,11.0,75.0,0.135,25.9,clear,mid_ev,40,160,1900,half_load,183.8,2083.8,19.061,471.8
9536,81.95,highway,9.2,18.3,86.9,0.326,31.1,rain,large_ev,75,190,2400,unladen,42.5,2442.5,62.183,758.8
9537,78.51,highway,14.5,56.4,81.9,0.034,37.3,clear,small_ev,24,140,1400,full_load,273.0,1673.0,37.271,474.7
9538,86.41,highway,138.9,42.4,67.4,0.324,28.7,clear,large_ev,75,190,2400,half_load,338.9,2738.9,44.412,514.0
9539,119.86,highway,43.1,10.3,91.0,0.027,28.2,clear,small_ev,24,140,1400,unladen,11.3,1411.3,63.908,533.2
9540,5.6,city,4.5,5.0,25.1,0.789,28.0,clear,small_ev,24,140,1400,half_load,131.9,1531.9,2.878,514.2
9541,29.74,highway,10.5,18.3,84.6,0.113,29.7,clear,small_ev,24,140,1400,half_load,145.1,1545.1,13.445,452.1
9543,13.07,city,0.9,10.0,24.8,0.456,28.8,clear,large_ev,75,190,2400,unladen,19.9,2419.9,6.418,491.1
9544,10.61,arterial,5.2,49.7,36.5,0.779,25.6,rain,large_ev,75,190,2400,full_load,586.5,2986.5,6.691,630.9
9545,5.4,city,1.5,6.4,15.2,0.66,27.9,rain,large_ev,75,190,2400,full_load,595.8,2995.8,4.408,815.9
9546,23.4,arterial,67.4,6.6,50.2,0.813,28.4,rain,large_ev,75,190,2400,half_load,266.7,2666.7,16.539,706.9
9547,193.44,highway,9.2,2.2,88.0,0.177,30.8,clear,large_ev,75,190,2400,full_load,553.5,2953.5,144.833,748.7
9548,10.78,arterial,3.8,5.0,47.3,0.398,33.1,clear,large_ev,75,190,2400,full_load,547.5,2947.5,5.464,506.8
9549,10.56,arterial,19.7,7.8,58.8,0.229,35.0,heavy_rain,small_ev,24,140,1400,full_load,281.0,1681.0,3.891,368.5
9550,11.27,arterial,2.6,1.1,31.1,0.254,35.0,clear,large_ev,75,190,2400,full_load,562.8,2962.8,3.696,328.0
9551,104.91,highway,6.5,8.6,97.5,0.213,22.2,heavy_rain,large_ev,75,190,2400,half_load,276.5,2676.5,95.86,913.7
9552,17.52,arterial,84.2,4.8,33.8,0.2,33.3,clear,mid_ev,40,160,1900,unladen,21.0,1921.0,4.443,253.5
9554,171.55,highway,12.5,139.0,78.1,0.078,34.7,rain,small_ev,24,140,1400,half_load,133.3,1533.3,75.79,441.8
9555,85.24,highway,26.6,18.5,89.1,0.038,36.4,clear,small_ev,24,140,1400,full_load,287.7,1687.7,47.627,558.7
9556,6.64,arterial,1.3,13.1,41.2,0.211,28.7,clear,mid_ev,40,160,1900,half_load,219.8,2119.8,1.639,247.0
9557,156.28,highway,0.9,15.4,80.8,0.21,31.2,rain,small_ev,24,140,1400,half_load,160.5,1560.5,74.303,475.5
9558,15.01,arterial,18.5,21.8,50.7,0.082,33.9,clear,small_ev,24,140,1400,half_load,135.1,1535.1,3.489,232.4
9560,14.92,arterial,71.7,19.3,35.7,0.283,22.7,clear,mid_ev,40,160,1900,half_load,212.3,2112.3,3.973,266.3
9561,158.82,highway,48.1,3.7,80.0,0.026,28.9,clear,large_ev,75,190,2400,unladen,32.1,2432.1,92.639,583.3
9562,19.81,highway,7.6,4.9,88.7,0.382,35.8,heavy_rain,large_ev,75,190,2400,half_load,264.6,2664.6,17.336,875.0
9563,9.33,arterial,9.5,9.2,47.7,0.363,33.5,clear,small_ev,24,140,1400,full_load,257.3,1657.3,2.819,302.2
9564,16.97,arterial,1.0,22.6,39.4,0.085,31.1,clear,large_ev,75,190,2400,full_load,592.9,2992.9,4.762,280.6
9565,78.01,highway,64.0,5.6,83.5,0.009,27.0,clear,small_ev,24,140,1400,half_load,126.1,1526.1,36.076,462.5
9566,29.29,arterial,22.8,12.0,56.9,0.625,34.2,clear,large_ev,75,190,2400,full_load,512.6,2912.6,20.541,701.3
9567,32.41,highway,56.4,67.7,96.0,0.298,34.0,clear,large_ev,75,190,2400,unladen,35.5,2435.5,27.817,858.2
9568,5.95,city,2.0,5.8,23.2,0.416,31.9,clear,mid_ev,40,160,1900,half_load,180.9,2080.9,2.437,409.4
9570,35.74,arterial,17.1,15.6,37.2,0.053,27.9,clear,mid_ev,40,160,1900,unladen,40.0,1940.0,5.979,167.3
9571,4.19,city,0.2,4.9,20.0,0.689,25.3,clear,mid_ev,40,160,1900,unladen,11.2,1911.2,2.176,519.7
9572,11.6,arterial,8.8,47.4,41.3,0.469,33.0,clear,small_ev,24,140,1400,half_load,120.1,1520.1,3.088,266.1
9573,17.29,arterial,2.8,20.6,47.2,0.226,26.2,heavy_rain,large_ev,75,190,2400,unladen,18.7,2418.7,6.586,380.9
9574,58.29,highway,108.3,77.3,96.7,0.111,33.2,clear,mid_ev,40,160,1900,unladen,7.5,1907.5,44.241,759.0
9575,11.39,city,13.1,19.1,24.4,0.673,27.7,clear,large_ev,75,190,2400,full_load,524.2,2924.2,8.954,786.3
9576,7.04,city,2.6,1.7,27.0,0.438,36.9,clear,small_ev,24,140,1400,full_load,260.2,1660.2,2.704,384.1
9577,110.68,highway,20.0,6.0,85.8,0.039,31.9,clear,mid_ev,40,160,1900,half_load,268.8,2168.8,64.76,585.1
9579,53.71,highway,29.7,63.7,89.2,0.353,31.7,clear,large_ev,75,190,2400,unladen,44.5,2444.5,44.351,825.8
9581,3.55,city,6.9,35.5,12.9,0.427,40.5,clear,large_ev,75,190,2400,unladen,54.8,2454.8,1.762,496.0
9582,1.68,city,1.1,1.1,30.1,0.858,32.2,rain,small_ev,24,140,1400,full_load,261.2,1661.2,1.068,636.8
9584,159.35,highway,8.6,1.9,84.7,0.18,36.8,rain,mid_ev,40,160,1900,half_load,201.7,2101.7,102.606,643.9
9585,1.93,city,10.0,7.6,17.1,0.523,41.9,rain,mid_ev,40,160,1900,full_load,419.3,2319.3,1.237,642.3
9587,55.24,highway,13.4,2.8,80.8,0.45,39.4,clear,mid_ev,40,160,1900,full_load,388.8,2288.8,38.459,696.2
9588,11.68,arterial,2.2,11.5,44.5,0.7,29.8,clear,mid_ev,40,160,1900,unladen,29.2,1929.2,4.868,416.8
9589,5.08,city,46.2,10.4,25.0,0.787,31.3,clear,mid_ev,40,160,1900,unladen,29.0,1929.0,3.288,646.8
9590,85.73,highway,19.3,20.0,89.9,0.13,26.8,rain,small_ev,24,140,1400,full_load,293.1,1693.1,43.509,507.5
9591,26.22,city,18.4,4.6,30.7,0.449,32.1,clear,mid_ev,40,160,1900,full_load,426.6,2326.6,13.361,509.6
9593,30.69,highway,12.6,1.4,65.6,0.047,33.5,clear,large_ev,75,190,2400,half_load,255.3,2655.3,13.847,451.3
9594,8.26,arterial,0.5,5.3,50.8,0.234,20.5,clear,mid_ev,40,160,1900,unladen,42.2,1942.2,2.428,294.0
9595,21.74,arterial,3.6,14.9,53.0,0.412,26.3,clear,large_ev,75,190,2400,full_load,524.0,2924.0,11.496,528.8
9596,58.68,highway,45.2,55.7,95.5,0.284,33.5,clear,small_ev,24,140,1400,unladen,23.1,1423.1,38.462,655.5
9597,4.83,city,16.7,6.7,14.1,0.456,23.9,clear,large_ev,75,190,2400,half_load,257.2,2657.2,2.427,503.0
9598,51.63,highway,65.8,6.2,84.5,0.164,29.8,clear,mid_ev,40,160,1900,unladen,34.1,1934.1,29.661,574.4
9599,6.39,city,2.3,3.7,13.7,0.814,30.0,clear,mid_ev,40,160,1900,unladen,40.3,1940.3,3.832,599.4
9600,5.57,city,1.3,34.0,17.3,0.576,24.1,clear,small_ev,24,140,1400,full_load,281.0,1681.0,2.203,395.7
9601,75.38,highway,135.6,18.9,72.1,0.122,29.7,clear,mid_ev,40,160,1900,unladen,25.7,1925.7,32.096,425.8
9602,101.72,highway,27.4,32.3,88.4,0.203,32.9,clear,mid_ev,40,160,1900,unladen,3.0,1903.0,64.766,636.7
9603,133.82,highway,4.7,4.9,92.4,0.136,32.2,clear,large_ev,75,190,2400,unladen,0.4,2400.4,109.678,819.6
9605,3.06,city,4.3,10.5,27.5,0.539,35.5,rain,mid_ev,40,160,1900,half_load,222.8,2122.8,1.674,547.2
9606,12.65,city,5.8,8.6,27.2,0.51,21.9,rain,large_ev,75,190,2400,half_load,322.7,2722.7,7.685,607.4
9607,5.25,arterial,15.6,1.2,41.8,0.346,30.2,rain,large_ev,75,190,2400,half_load,301.4,2701.4,2.266,431.9
9608,9.46,city,1.3,1.6,14.3,0.87,42.0,rain,mid_ev,40,160,1900,half_load,264.6,2164.6,8.762,926.0
9609,25.35,arterial,8.5,2.9,50.0,0.595,33.6,clear,mid_ev,40,160,1900,full_load,387.5,2287.5,12.606,497.4
9610,53.46,highway,82.3,4.4,92.1,0.016,34.0,clear,large_ev,75,190,2400,half_load,321.6,2721.6,40.79,762.9
9611,2.16,city,5.2,16.9,10.0,0.506,37.5,rain,large_ev,75,190,2400,half_load,345.9,2745.9,1.38,638.0
9612,9.56,city,1.5,2.4,23.1,0.599,26.0,clear,mid_ev,40,160,1900,full_load,439.9,2339.9,5.45,569.9
9613,68.41,highway,71.7,47.3,90.0,0.017,36.1,clear,mid_ev,40,160,1900,unladen,31.9,1931.9,47.025,687.4
9614,7.13,city,4.9,4.8,20.3,0.436,38.2,clear,small_ev,24,140,1400,half_load,154.3,1554.3,2.281,319.7
9615,135.21,highway,6.8,1.5,100.8,0.214,34.4,clear,large_ev,75,190,2400,half_load,255.2,2655.2,130.509,965.3
9616,73.79,highway,61.6,13.8,88.9,0.105,37.4,clear,small_ev,24,140,1400,unladen,8.5,1408.5,42.518,576.2
9617,37.74,arterial,44.6,33.8,33.5,0.364,29.4,clear,small_ev,24,140,1400,full_load,258.5,1658.5,8.482,224.8
9618,18.48,arterial,4.3,8.3,44.6,0.075,35.6,clear,mid_ev,40,160,1900,half_load,262.0,2162.0,4.349,235.4
9619,52.06,highway,57.2,34.8,79.7,0.113,28.5,rain,small_ev,24,140,1400,unladen,4.3,1404.3,22.687,435.8
9620,4.76,city,1.8,20.6,18.5,0.937,20.0,clear,mid_ev,40,160,1900,full_load,429.5,2329.5,3.698,776.5
9621,60.89,highway,23.8,9.1,81.5,0.08,29.6,clear,small_ev,24,140,1400,half_load,128.7,1528.7,27.58,453.0
9622,22.41,arterial,2.9,63.7,45.7,0.577,35.9,clear,small_ev,24,140,1400,unladen,19.0,1419.0,7.492,334.3
9624,7.58,city,10.8,9.2,24.8,0.236,35.2,clear,mid_ev,40,160,1900,unladen,20.1,1920.1,2.109,278.4
9625,7.42,city,9.4,19.6,12.5,0.844,29.6,rain,small_ev,24,140,1400,half_load,151.4,1551.4,3.678,495.8
9626,3.4,city,0.4,3.0,12.8,0.43,34.9,rain,small_ev,24,140,1400,unladen,11.8,1411.8,1.003,294.9
9627,144.49,highway,13.6,21.2,86.1,0.304,32.4,rain,mid_ev,40,160,1900,full_load,401.7,2301.7,95.741,662.6
9629,8.5,city,1.7,5.9,18.4,0.61,30.6,rain,large_ev,75,190,2400,full_load,568.1,2968.1,6.626,779.4
9630,27.5,arterial,17.2,1.3,47.0,0.307,31.1,clear,large_ev,75,190,2400,unladen,33.2,2433.2,11.042,401.5
9631,4.94,arterial,46.3,19.3,43.6,0.261,29.5,clear,large_ev,75,190,2400,full_load,533.5,2933.5,1.971,399.3
9632,80.13,highway,10.6,11.8,85.1,0.012,25.8,rain,small_ev,24,140,1400,half_load,179.7,1579.7,36.985,461.6
9633,18.12,arterial,1.4,48.0,41.9,0.25,23.0,clear,large_ev,75,190,2400,unladen,46.4,2446.4,5.443,300.4
9634,71.78,highway,39.3,42.9,88.3,0.286,29.6,clear,small_ev,24,140,1400,unladen,25.9,1425.9,37.643,524.4
9635,9.64,city,0.4,22.7,15.7,0.45,26.2,rain,large_ev,75,190,2400,full_load,570.9,2970.9,5.162,535.5
9636,18.81,arterial,13.7,2.1,55.8,0.617,37.5,clear,small_ev,24,140,1400,full_load,262.7,1662.7,8.498,451.8
9638,108.31,highway,2.2,123.6,103.7,0.173,38.8,rain,large_ev,75,190,2400,unladen,50.4,2450.4,130.814,1207.8
9639,12.23,city,11.0,0.4,25.2,0.471,31.0,clear,large_ev,75,190,2400,full_load,525.6,2925.6,7.564,618.4
9640,1.58,city,5.6,10.2,12.1,0.28,28.6,rain,mid_ev,40,160,1900,full_load,439.0,2339.0,0.497,314.4
9641,21.8,arterial,18.6,0.3,56.1,0.354,29.9,clear,large_ev,75,190,2400,half_load,264.3,2664.3,11.312,518.8
9642,25.49,arterial,4.0,24.6,43.3,0.226,35.2,rain,mid_ev,40,160,1900,unladen,17.9,1917.9,7.026,275.6
9646,55.14,highway,14.4,32.1,82.4,0.159,30.2,rain,small_ev,24,140,1400,unladen,21.4,1421.4,26.279,476.6
9647,12.88,arterial,15.0,0.4,47.1,0.205,22.3,clear,large_ev,75,190,2400,half_load,262.8,2662.8,4.49,348.5
9648,75.49,highway,10.1,36.6,81.2,0.02,37.2,clear,small_ev,24,140,1400,full_load,298.3,1698.3,36.679,485.9
9649,108.8,highway,6.4,44.6,74.2,0.066,27.2,rain,large_ev,75,190,2400,unladen,49.2,2449.2,60.406,555.2
9650,16.26,arterial,3.7,4.8,26.5,0.296,30.6,clear,large_ev,75,190,2400,full_load,525.2,2925.2,5.04,310.0
9651,116.11,highway,10.8,63.0,85.3,0.188,26.0,rain,large_ev,75,190,2400,half_load,255.5,2655.5,82.489,710.4
9652,67.99,highway,8.0,5.4,87.1,0.089,34.2,clear,mid_ev,40,160,1900,half_load,251.3,2151.3,41.723,613.7
9653,14.1,city,0.6,2.3,22.4,0.329,36.5,clear,small_ev,24,140,1400,half_load,132.3,1532.3,3.774,267.7
9654,61.48,highway,4.9,6.8,82.8,0.173,32.9,clear,small_ev,24,140,1400,half_load,177.9,1577.9,30.443,495.2
9655,6.45,arterial,62.8,28.7,39.1,0.565,20.9,clear,small_ev,24,140,1400,unladen,22.0,1422.0,1.917,297.3
9656,108.55,highway,32.2,2.3,98.7,0.215,30.1,clear,small_ev,24,140,1400,full_load,274.9,1674.9,71.939,662.8
9657,6.59,city,0.6,4.0,23.3,0.337,37.0,clear,mid_ev,40,160,1900,full_load,425.4,2325.4,2.892,438.9
9658,14.79,highway,137.9,6.9,100.1,0.426,34.3,clear,large_ev,75,190,2400,half_load,285.1,2685.1,16.642,1124.9
9659,3.36,city,21.5,4.1,23.3,0.424,25.5,clear,mid_ev,40,160,1900,half_load,264.5,2164.5,1.464,436.4
9661,39.67,arterial,11.3,17.8,42.4,0.538,37.1,clear,mid_ev,40,160,1900,full_load,411.4,2311.4,18.657,470.3
9662,36.12,highway,79.9,44.2,85.5,0.199,25.4,clear,small_ev,24,140,1400,full_load,267.1,1667.1,18.636,516.0
9663,106.78,highway,4.7,149.1,79.7,0.191,29.8,rain,mid_ev,40,160,1900,unladen,24.5,1924.5,58.43,547.2
9664,14.58,city,3.2,11.2,21.4,0.363,22.7,rain,small_ev,24,140,1400,half_load,178.1,1578.1,3.841,263.5
9665,14.21,city,25.8,1.4,28.4,0.799,29.7,rain,small_ev,24,140,1400,unladen,7.1,1407.1,6.786,477.7
9668,30.27,arterial,39.3,30.5,48.6,0.406,35.5,clear,mid_ev,40,160,1900,unladen,13.4,1913.4,11.774,388.9
9669,5.13,city,0.1,7.4,24.2,0.711,30.8,clear,large_ev,75,190,2400,half_load,288.0,2688.0,3.812,742.5
9672,16.68,arterial,5.5,8.3,40.6,0.082,39.2,heavy_rain,small_ev,24,140,1400,half_load,175.6,1575.6,3.55,212.8
9674,2.0,arterial,27.7,9.0,45.7,0.627,40.1,clear,large_ev,75,190,2400,unladen,46.5,2446.5,1.451,725.3
9675,11.2,city,12.3,3.5,29.2,0.654,25.7,rain,small_ev,24,140,1400,half_load,158.9,1558.9,4.947,441.7
9677,14.06,city,2.9,8.9,19.5,0.539,39.9,clear,small_ev,24,140,1400,unladen,1.2,1401.2,5.199,369.8
9678,26.42,arterial,36.3,33.4,58.1,0.228,29.3,clear,large_ev,75,190,2400,unladen,14.0,2414.0,11.377,430.7
9679,28.36,arterial,23.0,10.6,43.8,0.429,28.6,clear,large_ev,75,190,2400,full_load,535.8,2935.8,13.529,477.0
9681,49.31,highway,4.5,41.1,90.0,0.438,35.0,clear,large_ev,75,190,2400,full_load,559.2,2959.2,42.432,860.5
9682,7.19,city,5.0,11.6,19.6,0.201,40.0,rain,small_ev,24,140,1400,unladen,29.0,1429.0,1.338,186.0
9683,139.98,highway,57.3,28.7,93.8,0.156,25.0,clear,mid_ev,40,160,1900,half_load,238.6,2138.6,88.458,631.9
9684,19.88,city,0.2,12.7,21.1,0.37,28.5,clear,large_ev,75,190,2400,half_load,335.6,2735.6,9.076,456.6
9685,45.91,highway,64.6,145.6,71.7,0.002,37.8,clear,small_ev,24,140,1400,full_load,274.1,1674.1,18.144,395.2
9686,10.93,arterial,68.1,41.9,54.1,0.176,22.8,heavy_rain,mid_ev,40,160,1900,half_load,230.5,2130.5,4.187,383.1
9688,28.72,arterial,26.8,6.9,42.9,0.247,33.7,clear,large_ev,75,190,2400,full_load,529.9,2929.9,10.508,365.9
9689,16.04,arterial,1.9,18.1,47.5,0.258,34.2,clear,large_ev,75,190,2400,half_load,263.3,2663.3,6.404,399.2
9690,94.47,highway,79.2,64.0,93.2,0.044,30.8,clear,large_ev,75,190,2400,full_load,557.5,2957.5,74.189,785.3
9692,17.96,city,6.9,24.8,19.4,0.303,29.7,clear,small_ev,24,140,1400,full_load,296.1,1696.1,4.39,244.4
9693,35.76,highway,1.9,19.7,88.0,0.448,20.2,heavy_rain,mid_ev,40,160,1900,half_load,198.8,2098.8,24.504,685.2
9695,25.76,arterial,27.7,1.5,42.3,0.287,37.6,rain,small_ev,24,140,1400,full_load,289.4,1689.4,7.393,287.0
9696,49.78,highway,3.7,46.8,104.6,0.383,21.6,clear,mid_ev,40,160,1900,unladen,8.1,1908.1,40.46,812.8
9697,7.11,city,1.7,3.7,11.2,0.999,29.6,clear,mid_ev,40,160,1900,half_load,219.1,2119.1,5.331,750.2
9698,3.94,city,2.9,2.5,34.3,0.288,27.4,clear,large_ev,75,190,2400,half_load,310.6,2710.6,1.679,425.9
9699,7.85,city,12.1,0.8,20.9,0.358,29.5,clear,large_ev,75,190,2400,half_load,266.4,2666.4,3.54,450.7
9700,82.79,highway,15.1,33.0,108.8,0.17,32.6,clear,mid_ev,40,160,1900,half_load,239.3,2139.3,74.068,894.6
9701,107.28,highway,44.4,40.4,87.1,0.101,26.1,clear,small_ev,24,140,1400,half_load,146.2,1546.2,54.554,508.5
9702,114.95,highway,49.9,0.1,75.4,0.126,31.1,clear,small_ev,24,140,1400,full_load,274.0,1674.0,49.241,428.3
9703,24.29,city,0.7,7.6,24.7,0.829,34.2,rain,small_ev,24,140,1400,unladen,4.8,1404.8,13.265,546.2
9705,6.03,city,7.9,3.8,16.7,0.772,33.0,rain,mid_ev,40,160,1900,half_load,235.2,2135.2,4.146,687.7
9706,8.02,city,1.7,3.7,22.6,0.418,30.3,clear,large_ev,75,190,2400,unladen,32.0,2432.0,3.773,470.5
9707,30.14,highway,43.7,8.5,91.3,0.081,26.2,heavy_rain,large_ev,75,190,2400,half_load,328.2,2728.2,23.304,773.1
9708,2.83,city,0.8,2.3,17.0,0.55,30.2,clear,small_ev,24,140,1400,unladen,26.5,1426.5,0.989,349.9
9709,44.78,highway,87.2,63.8,88.2,0.045,27.7,clear,mid_ev,40,160,1900,unladen,9.1,1909.1,25.712,574.2
9711,145.91,highway,19.6,55.1,83.2,0.265,26.1,clear,small_ev,24,140,1400,unladen,9.3,1409.3,68.223,467.6
9712,118.31,highway,29.9,16.2,75.6,0.391,34.4,rain,large_ev,75,190,2400,full_load,591.1,2991.1,84.654,715.5
9713,8.53,city,3.2,7.6,26.5,0.341,26.4,clear,small_ev,24,140,1400,half_load,145.2,1545.2,2.165,253.8
9714,26.98,arterial,6.3,42.7,34.7,0.146,28.4,clear,large_ev,75,190,2400,half_load,281.2,2681.2,6.804,252.2
9715,1.0,city,0.5,4.3,15.8,0.091,34.9,rain,mid_ev,40,160,1900,unladen,19.6,1919.6,0.12,120.2
9716,36.21,arterial,18.0,2.9,54.3,0.597,27.5,clear,large_ev,75,190,2400,half_load,330.4,2730.4,22.007,607.8
9717,50.13,highway,6.5,125.4,84.2,0.048,25.5,rain,large_ev,75,190,2400,full_load,522.7,2922.7,35.548,709.1
9718,22.2,arterial,27.8,18.2,49.4,0.225,30.7,clear,mid_ev,40,160,1900,full_load,441.5,2341.5,7.333,330.3
9719,105.08,highway,66.7,33.2,95.1,0.262,41.7,clear,large_ev,75,190,2400,half_load,282.5,2682.5,108.261,1030.3
9720,6.3,city,16.6,4.1,35.4,0.904,28.4,clear,small_ev,24,140,1400,unladen,6.7,1406.7,3.534,561.0
9721,25.05,arterial,65.0,7.1,23.1,0.488,30.5,clear,small_ev,24,140,1400,half_load,177.4,1577.4,5.656,225.8
9722,77.24,highway,12.6,75.5,69.8,0.066,38.5,clear,large_ev,75,190,2400,unladen,30.7,2430.7,43.199,559.3
9723,2.82,city,3.6,1.3,22.3,0.402,34.7,clear,small_ev,24,140,1400,half_load,155.6,1555.6,0.944,334.7
9724,20.6,arterial,4.5,0.2,45.5,0.313,28.6,clear,small_ev,24,140,1400,half_load,147.9,1547.9,5.258,255.3
9725,6.86,city,9.6,0.2,25.0,0.366,36.9,rain,large_ev,75,190,2400,unladen,23.6,2423.6,3.411,497.3
9726,82.43,highway,142.9,67.4,96.6,0.394,29.2,clear,small_ev,24,140,1400,half_load,136.0,1536.0,55.771,676.5
9727,23.48,highway,1.0,58.2,85.9,0.121,25.4,clear,large_ev,75,190,2400,unladen,34.4,2434.4,14.714,626.8
9728,109.67,highway,60.8,19.6,82.6,0.173,27.4,clear,small_ev,24,140,1400,full_load,292.1,1692.1,50.336,459.0
9729,16.14,arterial,79.2,17.5,47.1,0.62,38.3,clear,small_ev,24,140,1400,half_load,122.4,1522.4,6.462,400.5
9730,3.79,city,26.3,0.9,20.7,0.633,29.6,rain,mid_ev,40,160,1900,half_load,254.9,2154.9,2.479,654.8
9731,31.01,arterial,31.5,28.8,47.6,0.251,36.3,clear,large_ev,75,190,2400,full_load,541.1,2941.1,14.261,459.9
9732,7.4,city,10.6,3.1,27.2,0.151,32.0,rain,large_ev,75,190,2400,half_load,322.3,2722.3,2.188,295.7
9733,91.84,highway,55.9,33.7,82.8,0.087,34.6,clear,large_ev,75,190,2400,half_load,262.3,2662.3,62.352,678.9
9734,130.34,highway,11.8,10.1,88.4,0.575,23.6,clear,small_ev,24,140,1400,half_load,124.8,1524.8,68.787,527.7
9735,38.1,highway,18.4,20.6,79.4,0.166,29.5,clear,mid_ev,40,160,1900,half_load,221.7,2121.7,20.935,549.5
9736,5.67,city,12.1,13.6,37.3,0.549,26.4,clear,large_ev,75,190,2400,full_load,526.9,2926.9,3.941,694.6
9737,9.97,city,11.5,3.4,28.2,0.368,23.9,heavy_rain,small_ev,24,140,1400,unladen,17.6,1417.6,2.853,286.2
9739,144.97,highway,33.5,37.3,94.8,0.304,25.6,clear,large_ev,75,190,2400,half_load,284.1,2684.1,117.879,813.1
9740,6.7,city,0.1,12.3,13.8,0.771,29.8,clear,small_ev,24,140,1400,unladen,25.6,1425.6,2.808,419.2
9741,15.57,arterial,29.7,21.2,39.0,0.038,33.5,clear,mid_ev,40,160,1900,half_load,217.6,2117.6,2.914,187.2
9742,26.35,arterial,6.8,18.1,42.8,0.321,26.7,clear,mid_ev,40,160,1900,half_load,185.4,2085.4,7.802,296.1
9743,4.78,city,7.7,4.7,29.4,0.645,26.7,clear,small_ev,24,140,1400,full_load,290.8,1690.8,2.119,443.1
9744,18.78,city,4.0,4.2,16.1,0.513,35.3,clear,mid_ev,40,160,1900,half_load,253.8,2153.8,8.838,470.6
9745,65.77,highway,24.3,12.0,68.3,0.067,30.7,clear,mid_ev,40,160,1900,unladen,9.8,1909.8,24.858,378.0
9747,14.74,city,2.9,20.0,13.4,0.865,25.9,clear,small_ev,24,140,1400,half_load,169.9,1569.9,7.374,500.2
9749,11.3,city,20.9,4.5,21.7,0.593,40.3,clear,mid_ev,40,160,1900,half_load,267.1,2167.1,7.471,661.1
9751,23.59,arterial,20.7,7.8,44.7,0.471,29.3,clear,mid_ev,40,160,1900,full_load,419.1,2319.1,9.323,395.1
9753,62.12,highway,20.0,54.3,82.3,0.058,35.7,clear,small_ev,24,140,1400,unladen,13.1,1413.1,30.147,485.3
9755,13.18,city,8.4,0.7,24.7,0.918,36.5,rain,large_ev,75,190,2400,full_load,574.4,2974.4,16.421,1246.0
9756,25.36,highway,70.9,97.0,93.3,0.14,36.3,clear,large_ev,75,190,2400,unladen,31.1,2431.1,22.274,878.3
9758,30.95,highway,1.1,32.9,101.9,0.074,40.5,rain,mid_ev,40,160,1900,half_load,229.2,2129.2,28.875,932.9
9759,1.55,city,6.8,2.6,15.8,0.61,42.0,clear,small_ev,24,140,1400,half_load,135.9,1535.9,0.698,448.9
9760,4.99,city,4.1,6.3,24.8,0.3,34.7,rain,mid_ev,40,160,1900,unladen,14.9,1914.9,1.609,322.2
9761,6.92,city,10.2,4.6,27.5,0.89,31.6,clear,small_ev,24,140,1400,unladen,12.9,1412.9,3.518,508.1
9762,26.31,arterial,33.5,9.7,49.2,0.226,32.2,clear,large_ev,75,190,2400,unladen,33.3,2433.3,9.517,361.8
9763,7.13,city,9.1,1.0,37.9,0.332,39.7,clear,mid_ev,40,160,1900,full_load,408.9,2308.9,3.609,506.1
9764,1.72,city,11.4,3.1,30.4,0.371,22.7,heavy_rain,small_ev,24,140,1400,half_load,142.0,1542.0,0.598,347.8
9765,11.14,arterial,4.9,21.2,52.0,0.171,28.5,rain,small_ev,24,140,1400,unladen,0.0,1400.0,2.752,247.0
9766,15.95,arterial,1.0,40.7,46.6,0.173,31.2,clear,mid_ev,40,160,1900,half_load,204.6,2104.6,4.346,272.5
9767,8.88,city,14.4,47.6,25.0,0.59,32.6,rain,small_ev,24,140,1400,unladen,8.4,1408.4,3.54,398.5
9768,18.52,city,0.1,18.0,22.6,0.477,24.2,clear,large_ev,75,190,2400,unladen,56.5,2456.5,8.465,457.2
9769,37.27,arterial,3.6,11.9,53.1,0.235,28.7,clear,mid_ev,40,160,1900,half_load,199.0,2099.0,12.389,332.5
9770,18.48,arterial,7.1,13.8,44.9,0.128,21.0,clear,mid_ev,40,160,1900,full_load,422.9,2322.9,4.523,244.7
9771,36.97,highway,22.4,16.6,77.3,0.233,29.8,clear,large_ev,75,190,2400,full_load,541.2,2941.2,22.313,603.5
9772,23.44,highway,69.3,1.8,86.7,0.184,22.6,clear,large_ev,75,190,2400,full_load,529.9,2929.9,16.291,695.1
9773,53.78,highway,13.8,3.2,90.0,0.181,36.9,clear,small_ev,24,140,1400,unladen,20.5,1420.5,32.843,610.7
9774,37.47,highway,33.1,15.2,87.4,0.469,24.5,rain,small_ev,24,140,1400,unladen,7.0,1407.0,19.903,531.1
9775,28.29,arterial,35.7,61.1,36.9,0.266,34.8,clear,large_ev,75,190,2400,unladen,30.5,2430.5,8.845,312.6
9776,9.69,city,1.3,18.3,28.4,0.669,27.1,heavy_rain,small_ev,24,140,1400,half_load,133.4,1533.4,4.707,485.5
9777,15.44,arterial,55.9,9.7,43.0,0.224,28.9,clear,small_ev,24,140,1400,unladen,21.5,1421.5,3.41,220.8
9778,5.72,city,2.8,2.4,27.4,0.344,28.1,clear,small_ev,24,140,1400,full_load,265.1,1665.1,1.592,278.3
9779,14.85,arterial,76.7,21.8,48.0,0.395,23.9,clear,large_ev,75,190,2400,unladen,58.5,2458.5,6.088,410.0
9780,9.97,arterial,6.7,0.5,42.4,0.217,36.3,clear,small_ev,24,140,1400,half_load,163.0,1563.0,2.358,236.4
9781,54.05,highway,66.0,74.5,102.2,0.321,31.5,rain,mid_ev,40,160,1900,full_load,426.4,2326.4,47.024,870.0
9782,4.02,city,3.2,15.2,24.5,0.431,20.0,clear,large_ev,75,190,2400,unladen,56.8,2456.8,1.855,461.9
9783,67.93,highway,16.9,24.4,85.4,0.105,30.1,rain,mid_ev,40,160,1900,half_load,238.4,2138.4,41.469,610.5
9784,2.04,city,18.9,12.4,12.1,0.632,26.2,clear,small_ev,24,140,1400,full_load,278.3,1678.3,0.862,422.7
9785,2.69,city,5.0,18.2,20.8,0.865,26.7,rain,small_ev,24,140,1400,half_load,128.7,1528.7,1.467,546.3
9786,71.28,highway,40.9,37.1,82.6,0.285,22.1,rain,mid_ev,40,160,1900,full_load,426.7,2326.7,40.903,573.9
9787,13.81,arterial,32.2,25.5,36.0,0.165,21.3,clear,mid_ev,40,160,1900,unladen,23.2,1923.2,2.646,191.6
9788,12.04,arterial,17.9,2.1,40.5,0.836,38.6,clear,small_ev,24,140,1400,full_load,268.9,1668.9,5.252,436.1
9789,26.05,highway,53.4,51.2,83.7,0.303,34.0,heavy_rain,mid_ev,40,160,1900,unladen,36.5,1936.5,16.337,627.0
9791,40.63,arterial,12.9,52.9,25.9,0.69,32.2,clear,large_ev,75,190,2400,unladen,32.8,2432.8,18.104,445.6
9795,9.95,arterial,1.6,14.0,43.6,0.815,34.9,clear,large_ev,75,190,2400,full_load,537.8,2937.8,6.766,680.2
9796,99.95,highway,56.1,13.9,100.5,0.098,35.5,clear,mid_ev,40,160,1900,half_load,218.6,2118.6,83.57,836.2
9797,16.89,highway,18.9,57.0,78.4,0.264,25.2,clear,large_ev,75,190,2400,unladen,3.8,2403.8,9.544,565.0
9798,1.0,city,30.9,5.0,26.5,0.584,29.1,rain,large_ev,75,190,2400,full_load,550.9,2950.9,1.011,1011.1
9799,13.31,arterial,21.6,17.7,49.4,0.164,27.0,clear,large_ev,75,190,2400,unladen,58.6,2458.6,4.403,330.7
9800,14.5,city,8.4,1.7,27.4,0.711,41.4,clear,small_ev,24,140,1400,half_load,171.6,1571.6,8.217,566.7
9801,51.78,arterial,41.1,80.0,58.7,0.576,24.1,clear,small_ev,24,140,1400,half_load,127.8,1527.8,20.839,402.4
9803,18.37,arterial,36.1,19.8,46.4,0.459,36.6,clear,mid_ev,40,160,1900,unladen,27.7,1927.7,7.579,412.6
9805,3.82,city,5.1,1.2,32.4,0.831,32.6,clear,mid_ev,40,160,1900,full_load,392.1,2292.1,3.044,796.1
9807,46.99,arterial,16.2,27.1,55.6,0.672,28.2,clear,small_ev,24,140,1400,half_load,163.9,1563.9,20.509,436.5
9808,75.9,highway,111.0,74.0,85.3,0.292,29.7,clear,small_ev,24,140,1400,full_load,283.2,1683.2,40.863,538.4
9809,25.28,highway,31.1,2.1,106.3,0.129,29.3,clear,mid_ev,40,160,1900,unladen,42.9,1942.9,21.155,836.9
9810,34.96,highway,29.4,106.4,85.3,0.02,22.5,clear,small_ev,24,140,1400,full_load,260.1,1660.1,15.57,445.4
9811,9.59,city,1.6,6.8,18.5,0.849,32.7,clear,small_ev,24,140,1400,unladen,10.7,1410.7,4.763,496.7
9812,19.42,city,8.1,15.0,28.1,0.843,36.7,clear,mid_ev,40,160,1900,half_load,180.5,2080.5,15.615,804.2
9813,8.98,city,19.0,0.9,20.1,0.201,24.7,clear,small_ev,24,140,1400,half_load,163.1,1563.1,1.605,178.8
9814,68.85,highway,6.1,45.4,100.4,0.282,31.3,heavy_rain,small_ev,24,140,1400,full_load,279.3,1679.3,51.49,747.8
9815,43.52,highway,1.3,62.5,83.1,0.187,25.0,clear,mid_ev,40,160,1900,unladen,1.8,1901.8,22.754,522.8
9816,4.55,arterial,69.5,4.4,53.7,0.503,30.2,rain,mid_ev,40,160,1900,unladen,10.4,1910.4,2.488,546.2
9817,42.0,arterial,0.7,4.5,42.4,0.333,32.4,clear,small_ev,24,140,1400,full_load,288.7,1688.7,10.732,255.5
9819,38.32,highway,45.0,58.7,80.2,0.093,32.2,rain,small_ev,24,140,1400,full_load,266.1,1666.1,18.625,486.0
9821,139.31,highway,47.5,6.6,65.3,0.095,37.9,heavy_rain,mid_ev,40,160,1900,half_load,253.9,2153.9,63.674,457.1
9823,8.22,arterial,12.2,9.2,52.6,0.528,37.4,clear,large_ev,75,190,2400,unladen,55.8,2455.8,4.996,607.4
9825,75.48,highway,93.4,7.3,100.3,0.182,31.4,clear,mid_ev,40,160,1900,unladen,4.1,1904.1,57.3,759.2
9826,10.16,arterial,16.7,18.0,55.9,0.197,31.5,clear,small_ev,24,140,1400,full_load,296.2,1696.2,3.073,302.4
9828,6.88,city,0.9,0.1,23.0,0.585,28.0,rain,small_ev,24,140,1400,full_load,265.1,1665.1,2.714,394.2
9830,14.78,arterial,26.4,14.4,49.5,0.123,29.4,rain,mid_ev,40,160,1900,unladen,19.7,1919.7,4.022,272.0
9831,9.99,city,6.7,9.3,25.4,0.662,35.3,clear,small_ev,24,140,1400,half_load,131.4,1531.4,4.467,447.0
9832,28.07,arterial,0.2,0.8,45.1,0.447,28.1,clear,large_ev,75,190,2400,unladen,4.9,2404.9,12.104,431.2
9834,36.92,arterial,23.7,8.1,38.7,0.436,24.9,clear,large_ev,75,190,2400,half_load,295.0,2695.0,14.945,404.7
9836,3.24,city,7.8,5.6,16.1,0.289,28.8,heavy_rain,small_ev,24,140,1400,half_load,172.8,1572.8,0.787,243.1
9838,50.43,highway,0.4,55.3,82.1,0.175,30.1,heavy_rain,large_ev,75,190,2400,full_load,519.2,2919.2,38.165,756.7
9839,34.63,arterial,24.2,9.9,56.5,0.291,34.3,clear,small_ev,24,140,1400,unladen,11.8,1411.8,11.416,329.6
9840,15.65,arterial,19.2,0.2,34.3,0.256,36.4,clear,large_ev,75,190,2400,unladen,46.6,2446.6,4.843,309.5
9841,100.15,highway,25.2,84.2,84.9,0.136,28.7,clear,large_ev,75,190,2400,unladen,49.6,2449.6,65.664,655.7
9842,40.28,highway,43.8,54.5,74.1,0.262,24.1,clear,small_ev,24,140,1400,unladen,0.3,1400.3,15.006,372.6
9843,4.27,city,1.5,6.9,17.3,0.594,34.7,clear,small_ev,24,140,1400,half_load,132.4,1532.4,1.655,387.6
9844,2.6,city,10.1,7.3,28.9,0.263,24.6,clear,small_ev,24,140,1400,unladen,18.9,1418.9,0.559,215.0
9845,33.44,arterial,10.7,14.9,43.2,0.305,33.4,clear,small_ev,24,140,1400,unladen,16.8,1416.8,8.121,242.8
9846,12.06,city,4.5,1.1,35.2,0.469,29.9,clear,mid_ev,40,160,1900,full_load,444.2,2344.2,6.6,547.5
9847,29.54,city,17.2,4.9,21.2,0.643,38.6,clear,small_ev,24,140,1400,full_load,272.4,1672.4,14.453,489.2
9849,10.42,city,41.5,6.6,22.8,0.666,31.7,clear,small_ev,24,140,1400,unladen,3.9,1403.9,4.253,408.2
9850,1.79,city,0.3,1.7,10.0,0.849,36.9,heavy_rain,large_ev,75,190,2400,half_load,343.2,2743.2,1.878,1050.3
9851,7.18,city,1.1,8.2,33.4,0.577,38.1,clear,large_ev,75,190,2400,unladen,48.5,2448.5,5.283,735.5
9852,2.25,city,6.2,5.7,23.2,0.302,37.0,clear,small_ev,24,140,1400,unladen,17.0,1417.0,0.542,240.9
9853,1.81,city,3.4,0.0,21.0,0.373,31.7,clear,large_ev,75,190,2400,unladen,5.6,2405.6,0.806,445.5
9854,9.84,city,2.3,4.0,19.6,0.93,28.9,rain,small_ev,24,140,1400,half_load,139.4,1539.4,5.373,545.9
9855,1.04,city,1.1,2.7,29.2,0.332,31.3,clear,mid_ev,40,160,1900,unladen,14.8,1914.8,0.31,299.3
9856,42.39,highway,117.7,13.4,83.7,0.078,31.4,clear,large_ev,75,190,2400,half_load,248.1,2648.1,29.527,696.6
9857,6.96,city,3.7,8.2,5.0,0.864,31.3,clear,large_ev,75,190,2400,unladen,42.3,2442.3,5.59,803.0
9859,21.55,city,62.4,9.6,13.2,0.887,34.5,clear,large_ev,75,190,2400,full_load,516.0,2916.0,21.975,1019.7
9860,23.19,city,9.8,6.1,20.4,0.598,22.3,clear,mid_ev,40,160,1900,half_load,191.2,2091.2,11.603,500.3
9861,32.77,arterial,16.5,6.8,54.9,0.396,36.7,clear,mid_ev,40,160,1900,half_load,190.7,2090.7,15.572,475.2
9862,12.85,arterial,0.8,0.6,61.3,0.389,31.9,clear,large_ev,75,190,2400,half_load,284.4,2684.4,7.55,587.4
9863,42.04,highway,8.3,46.3,85.4,0.187,32.2,heavy_rain,large_ev,75,190,2400,full_load,537.1,2937.1,31.883,758.5
9864,7.14,city,9.0,29.4,13.9,0.394,37.3,clear,small_ev,24,140,1400,unladen,3.4,1403.4,1.946,272.5
9865,22.91,arterial,1.1,37.8,41.5,0.701,35.0,rain,small_ev,24,140,1400,unladen,5.9,1405.9,8.126,354.7
9866,14.05,city,7.4,6.1,16.3,0.803,31.2,clear,small_ev,24,140,1400,unladen,23.3,1423.3,6.612,470.5
9868,46.37,highway,79.4,31.7,114.3,0.381,32.6,clear,large_ev,75,190,2400,half_load,261.8,2661.8,58.731,1266.6
9871,4.43,city,9.3,0.5,25.8,0.743,30.9,clear,large_ev,75,190,2400,half_load,291.2,2691.2,3.911,882.5
9872,1.53,city,6.0,5.2,22.7,0.646,28.8,clear,mid_ev,40,160,1900,full_load,423.8,2323.8,1.037,678.1
9873,28.99,highway,23.3,54.7,92.6,0.073,30.0,clear,mid_ev,40,160,1900,full_load,419.5,2319.5,19.377,668.5
9874,99.16,highway,5.8,34.2,91.5,0.009,27.6,clear,mid_ev,40,160,1900,full_load,412.3,2312.3,62.76,632.9
9876,9.73,city,3.1,3.0,21.0,0.543,32.0,clear,large_ev,75,190,2400,full_load,538.6,2938.6,6.904,709.6
9877,2.5,city,2.4,5.7,36.4,0.268,28.2,clear,mid_ev,40,160,1900,unladen,11.2,1911.2,0.837,334.3
9879,10.93,city,0.9,9.8,26.6,0.026,22.3,clear,large_ev,75,190,2400,full_load,534.6,2934.6,1.664,152.2
9880,10.0,highway,28.6,40.0,94.3,0.23,27.3,clear,large_ev,75,190,2400,full_load,569.2,2969.2,8.509,850.9
9881,17.19,city,0.0,9.5,20.7,0.172,36.4,clear,large_ev,75,190,2400,unladen,55.2,2455.2,4.972,289.2
9882,60.05,highway,16.3,8.2,104.5,0.165,38.9,rain,large_ev,75,190,2400,unladen,2.7,2402.7,67.761,1128.4
9883,12.04,city,21.6,1.3,24.4,0.43,30.4,clear,mid_ev,40,160,1900,unladen,15.1,1915.1,4.659,387.1
9885,12.29,arterial,33.1,4.5,31.2,0.686,31.7,rain,large_ev,75,190,2400,half_load,284.9,2684.9,6.751,549.4
9887,7.28,arterial,18.9,22.1,39.1,0.059,36.3,clear,mid_ev,40,160,1900,half_load,187.1,2087.1,1.456,200.0
9888,12.49,arterial,6.2,32.0,42.2,0.302,35.8,clear,large_ev,75,190,2400,unladen,28.5,2428.5,4.692,375.8
9889,102.09,highway,31.3,18.2,77.3,0.229,35.7,rain,small_ev,24,140,1400,full_load,274.4,1674.4,48.867,478.6
9890,108.6,highway,60.3,1.3,88.2,0.288,29.6,clear,large_ev,75,190,2400,unladen,13.2,2413.2,83.262,766.7
9892,60.16,highway,10.1,34.0,82.0,0.142,31.4,clear,large_ev,75,190,2400,full_load,577.5,2977.5,38.656,642.5
9893,7.11,arterial,33.0,22.7,46.3,0.543,26.3,clear,mid_ev,40,160,1900,unladen,31.5,1931.5,2.657,373.9
9894,103.84,highway,18.7,4.0,93.1,0.377,34.2,rain,large_ev,75,190,2400,full_load,552.0,2952.0,100.876,971.5
9895,8.55,city,2.5,1.4,16.7,0.501,32.8,rain,small_ev,24,140,1400,half_load,160.2,1560.2,2.995,350.3
9896,53.69,highway,29.0,2.4,67.5,0.412,27.8,clear,mid_ev,40,160,1900,unladen,10.3,1910.3,23.679,441.0
9897,54.0,highway,48.3,119.6,92.2,0.068,33.9,clear,mid_ev,40,160,1900,full_load,393.7,2293.7,34.3,635.2
9898,12.08,highway,4.7,28.2,67.4,0.214,30.9,clear,small_ev,24,140,1400,half_load,143.3,1543.3,3.977,329.3
9899,30.72,arterial,0.3,32.4,53.1,0.031,28.4,heavy_rain,large_ev,75,190,2400,unladen,48.5,2448.5,9.673,314.9
9900,15.48,arterial,5.8,16.2,50.5,0.586,25.2,clear,small_ev,24,140,1400,unladen,0.9,1400.9,5.089,328.8
9901,8.21,arterial,2.1,23.3,41.6,0.42,30.1,rain,large_ev,75,190,2400,full_load,513.0,2913.0,3.598,438.1
9902,14.16,arterial,2.5,18.3,36.9,0.443,25.1,rain,small_ev,24,140,1400,full_load,259.6,1659.6,3.729,263.4
9903,184.73,highway,44.1,74.1,69.3,0.02,33.9,clear,small_ev,24,140,1400,unladen,29.6,1429.6,63.844,345.6
9904,100.87,highway,62.4,48.2,81.1,0.072,31.6,clear,small_ev,24,140,1400,half_load,157.5,1557.5,46.992,465.9
9905,11.98,city,0.8,0.7,14.4,0.735,21.1,clear,large_ev,75,190,2400,half_load,318.9,2718.9,8.596,717.4
9907,51.31,highway,11.4,35.6,93.6,0.216,28.7,clear,large_ev,75,190,2400,unladen,44.9,2444.9,42.182,822.0
9908,37.16,highway,61.6,29.1,75.9,0.007,24.0,clear,small_ev,24,140,1400,half_load,165.4,1565.4,14.443,388.7
9909,1.74,city,3.7,18.2,29.5,0.95,29.5,clear,small_ev,24,140,1400,full_load,297.2,1697.2,1.111,638.3
9910,3.52,city,4.9,9.5,23.0,0.169,27.1,clear,mid_ev,40,160,1900,unladen,32.3,1932.3,0.698,198.1
9911,65.24,highway,42.9,59.0,84.3,0.016,31.8,clear,mid_ev,40,160,1900,unladen,19.8,1919.8,32.206,493.6
9912,9.48,arterial,2.5,0.5,34.3,0.239,32.4,clear,small_ev,24,140,1400,half_load,149.6,1549.6,1.848,194.9
9913,1.12,city,13.5,21.7,18.5,0.898,33.7,clear,large_ev,75,190,2400,unladen,2.9,2402.9,1.039,929.2
9914,11.01,city,29.7,2.9,24.4,0.481,22.2,clear,large_ev,75,190,2400,half_load,292.2,2692.2,5.672,515.4
9915,191.8,highway,16.0,59.9,85.2,0.113,26.0,clear,large_ev,75,190,2400,unladen,37.2,2437.2,118.967,620.3
9916,12.07,city,10.7,1.7,9.3,0.673,36.4,clear,large_ev,75,190,2400,half_load,263.2,2663.2,9.244,765.6
9917,7.51,city,0.0,10.6,33.2,0.689,25.3,clear,mid_ev,40,160,1900,unladen,15.5,1915.5,4.281,569.8
9918,24.56,arterial,24.5,64.3,36.6,0.538,31.0,clear,mid_ev,40,160,1900,unladen,14.0,1914.0,8.474,345.0
9919,1.53,city,26.5,6.9,21.3,0.867,35.1,clear,small_ev,24,140,1400,half_load,179.1,1579.1,0.996,652.2
9921,22.41,arterial,0.2,11.8,55.5,0.506,25.4,clear,large_ev,75,190,2400,unladen,5.3,2405.3,11.396,508.6
9922,8.82,city,4.4,11.7,23.0,0.618,37.0,rain,large_ev,75,190,2400,unladen,33.3,2433.3,6.705,760.1
9923,11.3,city,20.1,43.4,24.0,0.618,26.2,clear,mid_ev,40,160,1900,half_load,201.3,2101.3,5.893,521.6
9924,80.32,highway,30.1,11.3,68.2,0.009,32.5,clear,large_ev,75,190,2400,half_load,356.3,2756.3,38.075,474.1
9925,83.57,highway,15.0,5.3,87.8,0.439,28.2,clear,mid_ev,40,160,1900,unladen,21.6,1921.6,52.225,624.9
9928,59.18,highway,31.2,44.5,97.2,0.488,24.8,clear,small_ev,24,140,1400,unladen,13.4,1413.4,38.662,653.3
9931,2.15,city,4.4,8.2,25.5,0.116,28.3,clear,large_ev,75,190,2400,unladen,21.2,2421.2,0.464,216.1
9933,11.4,arterial,41.1,0.6,45.8,0.508,32.1,clear,mid_ev,40,160,1900,full_load,429.3,2329.3,5.293,464.2
9934,10.37,arterial,22.6,12.2,40.2,0.582,35.9,rain,mid_ev,40,160,1900,full_load,425.2,2325.2,5.057,487.5
9935,19.31,arterial,2.1,13.3,44.6,0.218,30.6,rain,large_ev,75,190,2400,unladen,5.5,2405.5,6.263,324.4
9936,27.75,arterial,87.4,16.5,44.9,0.659,35.8,clear,small_ev,24,140,1400,unladen,27.5,1427.5,9.757,351.5
9937,74.62,highway,75.9,44.8,95.7,0.28,27.1,heavy_rain,large_ev,75,190,2400,unladen,32.0,2432.0,71.414,957.0
9939,58.89,highway,59.2,47.1,82.9,0.31,25.4,clear,large_ev,75,190,2400,half_load,248.0,2648.0,40.504,687.8
9940,35.92,arterial,4.6,9.3,35.2,0.429,30.5,clear,large_ev,75,190,2400,half_load,260.0,2660.0,13.593,378.4
9941,41.98,highway,9.8,71.3,67.7,0.086,20.0,rain,mid_ev,40,160,1900,unladen,9.6,1909.6,15.769,375.6
9942,14.51,city,4.9,6.9,12.6,0.429,25.4,heavy_rain,large_ev,75,190,2400,full_load,566.2,2966.2,7.873,542.7
9943,36.81,arterial,5.8,16.8,31.4,0.441,35.0,clear,small_ev,24,140,1400,half_load,147.9,1547.9,9.202,250.0
9944,21.88,arterial,32.1,42.6,55.0,0.594,34.4,heavy_rain,small_ev,24,140,1400,full_load,261.6,1661.6,9.93,454.0
9945,78.65,highway,6.7,45.1,90.3,0.104,33.9,clear,mid_ev,40,160,1900,full_load,393.7,2293.7,51.689,657.2
9946,33.11,arterial,14.5,15.1,53.5,0.328,38.2,clear,small_ev,24,140,1400,half_load,137.7,1537.7,11.042,333.5
9947,50.19,highway,115.3,3.2,76.9,0.378,33.0,clear,small_ev,24,140,1400,half_load,126.3,1526.3,24.097,480.2
9948,4.57,city,6.2,3.4,10.0,0.524,33.9,clear,large_ev,75,190,2400,full_load,544.6,2944.6,3.021,660.9
9949,50.02,highway,26.9,3.5,104.3,0.029,30.0,clear,small_ev,24,140,1400,full_load,266.9,1666.9,36.893,737.6
9950,11.33,city,5.7,0.2,20.2,0.668,28.4,clear,mid_ev,40,160,1900,half_load,220.2,2120.2,6.607,583.0
9952,25.42,arterial,10.5,6.2,41.7,0.192,33.8,heavy_rain,small_ev,24,140,1400,half_load,179.0,1579.0,5.877,231.2
9953,26.63,arterial,21.1,1.2,55.9,0.79,35.0,clear,small_ev,24,140,1400,half_load,159.8,1559.8,13.288,499.0
9954,76.92,highway,12.1,24.1,70.0,0.566,37.2,clear,small_ev,24,140,1400,unladen,6.3,1406.3,33.467,435.1
9955,7.08,arterial,3.1,1.3,32.3,0.72,33.0,clear,large_ev,75,190,2400,half_load,262.9,2662.9,3.78,534.0
9956,45.84,highway,69.3,91.0,82.5,0.608,30.5,clear,large_ev,75,190,2400,half_load,244.6,2644.6,35.802,781.1
9957,16.14,arterial,14.7,6.0,57.3,0.783,26.6,rain,large_ev,75,190,2400,half_load,274.7,2674.7,12.08,748.4
9958,36.74,arterial,80.5,4.2,43.5,0.461,28.3,clear,large_ev,75,190,2400,half_load,310.2,2710.2,16.853,458.7
9963,25.5,arterial,52.2,103.1,42.3,0.933,23.6,clear,small_ev,24,140,1400,half_load,157.3,1557.3,10.566,414.4
9964,20.59,arterial,12.6,29.3,43.0,0.43,33.7,clear,large_ev,75,190,2400,unladen,56.8,2456.8,8.512,413.3
9965,27.04,arterial,5.6,80.6,48.4,0.139,41.3,rain,mid_ev,40,160,1900,unladen,8.4,1908.4,8.224,304.2
9966,9.65,arterial,2.6,56.0,58.9,0.465,33.7,rain,small_ev,24,140,1400,full_load,282.0,1682.0,4.164,431.4
9968,5.65,city,2.3,0.2,28.8,0.494,27.8,clear,small_ev,24,140,1400,unladen,19.8,1419.8,1.918,339.7
9970,30.92,highway,2.2,31.6,98.3,0.34,29.8,clear,small_ev,24,140,1400,half_load,127.5,1527.5,19.774,639.5
9971,5.5,city,25.7,1.6,25.2,0.674,30.7,clear,mid_ev,40,160,1900,half_load,226.6,2126.6,3.544,644.3
9973,14.13,city,0.6,7.8,22.2,0.664,29.0,clear,large_ev,75,190,2400,full_load,520.5,2920.5,11.588,820.3
9975,9.97,city,2.0,19.0,23.6,0.901,24.4,clear,large_ev,75,190,2400,full_load,530.3,2930.3,9.048,907.2
9976,93.36,highway,86.6,23.7,90.4,0.083,21.7,clear,mid_ev,40,160,1900,full_load,384.1,2284.1,55.561,595.1
9977,4.7,city,5.1,0.9,19.9,0.47,33.3,heavy_rain,small_ev,24,140,1400,full_load,298.5,1698.5,1.876,398.7
9978,4.3,city,3.6,2.5,11.4,0.291,29.1,clear,small_ev,24,140,1400,unladen,16.6,1416.6,0.789,183.7
9979,12.3,city,13.0,2.0,22.1,0.393,38.0,clear,small_ev,24,140,1400,unladen,24.8,1424.8,3.876,315.1
9980,53.14,arterial,9.7,10.2,46.9,0.41,20.7,clear,small_ev,24,140,1400,half_load,155.3,1555.3,14.113,265.6
9981,56.15,highway,33.2,1.3,79.7,0.179,23.5,heavy_rain,mid_ev,40,160,1900,half_load,267.5,2167.5,30.194,537.8
9982,9.06,city,6.7,3.6,28.0,0.815,27.8,clear,small_ev,24,140,1400,half_load,171.7,1571.7,4.568,504.2
9983,4.97,city,5.3,2.3,18.3,0.862,30.4,clear,small_ev,24,140,1400,half_load,148.9,1548.9,2.468,496.6
9984,6.04,city,5.1,1.2,27.1,0.495,36.0,clear,small_ev,24,140,1400,unladen,12.3,1412.3,2.055,340.1
9987,52.96,highway,41.1,23.7,80.6,0.164,31.8,clear,small_ev,24,140,1400,full_load,287.3,1687.3,24.352,459.8
9988,27.07,highway,11.6,10.5,93.5,0.35,26.2,clear,small_ev,24,140,1400,full_load,299.0,1699.0,16.038,592.4
9989,10.74,arterial,53.4,21.2,52.7,0.303,36.7,clear,small_ev,24,140,1400,half_load,178.4,1578.4,3.722,346.5
9990,9.71,city,33.9,0.4,20.3,0.401,33.0,clear,mid_ev,40,160,1900,half_load,214.3,2114.3,4.006,412.5
9991,21.86,arterial,0.6,6.1,45.7,0.368,33.8,clear,small_ev,24,140,1400,unladen,4.3,1404.3,5.739,262.5
9992,3.72,city,5.0,5.3,32.5,0.359,36.8,clear,large_ev,75,190,2400,unladen,33.6,2433.6,1.892,508.4
9994,8.06,city,10.9,8.0,28.6,0.388,25.7,clear,mid_ev,40,160,1900,unladen,43.1,1943.1,2.855,354.3
9995,9.63,arterial,17.9,54.7,50.0,0.777,26.6,rain,mid_ev,40,160,1900,half_load,259.8,2159.8,5.186,538.7
9996,9.11,city,14.5,1.0,22.8,0.46,33.7,clear,small_ev,24,140,1400,unladen,29.4,1429.4,2.719,298.5
9997,50.97,highway,163.7,57.8,79.8,0.245,42.0,clear,small_ev,24,140,1400,half_load,176.1,1576.1,28.148,552.2
9998,16.86,city,7.5,3.2,21.8,0.478,29.6,clear,large_ev,75,190,2400,unladen,8.9,2408.9,8.974,532.2
9999,9.22,arterial,2.6,16.2,64.3,0.209,36.7,clear,mid_ev,40,160,1900,half_load,214.9,2114.9,4.316,468.1
10000,27.37,arterial,2.7,31.6,52.1,0.162,20.0,clear,small_ev,24,140,1400,unladen,3.0,1403.0,6.593,240.8
